Company	Type	Government Reported	Company Reported	Variance Dollars	Variance Percent
Alpha Natural Resources, Inc.	Royalties	29672103	29672103	0	0
Alpha Natural Resources, Inc.	Rents	38796	38796	0	0
Alpha Natural Resources, Inc.	Bonus	42129612	42129612	0	0
Alpha Natural Resources, Inc.	Other Revenue	0	0	0	0
Alpha Natural Resources, Inc.	Offshore Inspection Fee	0	0	0	0
Alpha Natural Resources, Inc.	ONRR Civil Penalties	0	0	0	0
Alpha Natural Resources, Inc.	Bonus & 1st Year Rental	0	0	0	0
Alpha Natural Resources, Inc.	Permit Fees	50749	50749	0	0
Alpha Natural Resources, Inc.	Renewables	0	0	0	0
Alpha Natural Resources, Inc.	AML Fees	19128754	19322861	-194107	1
Alpha Natural Resources, Inc.	OSMRE Civil Penalties	0	0	0	0
Alpha Natural Resources, Inc.	Corporate Income Tax	0	did not report	N/A	N/A
Anadarko Petroleum Corporation	Royalties	384154902	382748703	1406199	0.4
Anadarko Petroleum Corporation	Rents	19860986	20252345	-391359	2
Anadarko Petroleum Corporation	Bonus	49651028	49808312	-157284	0.3
Anadarko Petroleum Corporation	Other Revenue	3159531	3143781	15750	0.5
Anadarko Petroleum Corporation	Offshore Inspection Fee	2213500	2122000	91500	4.1
Anadarko Petroleum Corporation	ONRR Civil Penalties	50000	50000	0	0
Anadarko Petroleum Corporation	Bonus & 1st Year Rental	268065	267723	342	0.1
Anadarko Petroleum Corporation	Permit Fees	2696255	2704823	-8568	0.3
Anadarko Petroleum Corporation	Renewables	0	0	0	0
Anadarko Petroleum Corporation	AML Fees	0	0	0	0
Anadarko Petroleum Corporation	OSMRE Civil Penalties	0	0	0	0
Anadarko Petroleum Corporation	Corporate Income Tax	0	did not report	N/A	N/A
ANKOR Energy LLC	Royalties	58091785	56708700	1383085	2.4
ANKOR Energy LLC	Rents	177490	193970	-16480	9
ANKOR Energy LLC	Bonus	0	0	0	0
ANKOR Energy LLC	Other Revenue	-12222	-19657	7435	60.8
ANKOR Energy LLC	Offshore Inspection Fee	1049300	1049300	0	0
ANKOR Energy LLC	ONRR Civil Penalties	0	0	0	0
ANKOR Energy LLC	Bonus & 1st Year Rental	0	0	0	0
ANKOR Energy LLC	Permit Fees	0	0	0	0
ANKOR Energy LLC	Renewables	0	0	0	0
ANKOR Energy LLC	AML Fees	0	0	0	0
ANKOR Energy LLC	OSMRE Civil Penalties	0	0	0	0
ANKOR Energy LLC	Corporate Income Tax	0	N/A	N/A	N/A
Apache Corporation	Royalties	438589423	did not participate	N/A	N/A
Apache Corporation	Rents	3500972	did not participate	N/A	N/A
Apache Corporation	Bonus	33478000	did not participate	N/A	N/A
Apache Corporation	Other Revenue	2595866	did not participate	N/A	N/A
Apache Corporation	Offshore Inspection Fee	122000	did not participate	N/A	N/A
Apache Corporation	ONRR Civil Penalties	0	did not participate	N/A	N/A
Apache Corporation	Bonus & 1st Year Rental	0	did not participate	N/A	N/A
Apache Corporation	Permit Fees	450253	did not participate	N/A	N/A
Apache Corporation	Renewables	0	did not participate	N/A	N/A
Apache Corporation	AML Fees	0	did not participate	N/A	N/A
Apache Corporation	OSMRE Civil Penalties	0	did not participate	N/A	N/A
Apache Corporation	Corporate Income Tax	0	did not participate	N/A	N/A
Arch Coal, Inc.	Royalties	182167078	182167078	0	0
Arch Coal, Inc.	Rents	232049	250989	-18940	8
Arch Coal, Inc.	Bonus	60000202	60000202	0	0
Arch Coal, Inc.	Other Revenue	3583453	3583453	0	0
Arch Coal, Inc.	Offshore Inspection Fee	0	0	0	0
Arch Coal, Inc.	ONRR Civil Penalties	0	0	0	0
Arch Coal, Inc.	Bonus & 1st Year Rental	440313	440313	0	0
Arch Coal, Inc.	Permit Fees	734	734	0	0
Arch Coal, Inc.	Renewables	0	0	0	0
Arch Coal, Inc.	AML Fees	34025339	34025339	0	0
Arch Coal, Inc.	OSMRE Civil Penalties	0	0	0	0
Arch Coal, Inc.	Corporate Income Tax	0	did not report	N/A	N/A
Arena Energy, LLC	Royalties	85536515	85549962	-13447	0
Arena Energy, LLC	Rents	1182340	1180362	1978	0
Arena Energy, LLC	Bonus	1307000	1307000	0	0
Arena Energy, LLC	Other Revenue	81422	81908	-486	0.6
Arena Energy, LLC	Offshore Inspection Fee	2030000	2030000	0	0
Arena Energy, LLC	ONRR Civil Penalties	90000	90000	0	0
Arena Energy, LLC	Bonus & 1st Year Rental	0	0	0	0
Arena Energy, LLC	Permit Fees	0	0	0	0
Arena Energy, LLC	Renewables	0	0	0	0
Arena Energy, LLC	AML Fees	0	0	0	0
Arena Energy, LLC	OSMRE Civil Penalties	0	0	0	0
Arena Energy, LLC	Corporate Income Tax	0	N/A	N/A	N/A
BHP Billiton LTD	Royalties	290943513	290876410	67103	0
BHP Billiton LTD	Rents	11531065	11715699	-184634	2
BHP Billiton LTD	Bonus	121705398	123566486	-1861088	1.5
BHP Billiton LTD	Other Revenue	190198	192928	-2730	1.4
BHP Billiton LTD	Offshore Inspection Fee	505980	506128	-148	0
BHP Billiton LTD	ONRR Civil Penalties	0	0	0	0
BHP Billiton LTD	Bonus & 1st Year Rental	0	0	0	0
BHP Billiton LTD	Permit Fees	92644	92644	0	0
BHP Billiton LTD	Renewables	0	0	0	0
BHP Billiton LTD	AML Fees	2895555	2895555	0	0
BHP Billiton LTD	OSMRE Civil Penalties	0	0	0	0
BHP Billiton LTD	Corporate Income Tax	0	did not report	N/A	N/A
BOPCO, LP	Royalties	78674576	did not participate	N/A	N/A
BOPCO, LP	Rents	52115	did not participate	N/A	N/A
BOPCO, LP	Bonus	0	did not participate	N/A	N/A
BOPCO, LP	Other Revenue	32680	did not participate	N/A	N/A
BOPCO, LP	Offshore Inspection Fee	0	did not participate	N/A	N/A
BOPCO, LP	ONRR Civil Penalties	0	did not participate	N/A	N/A
BOPCO, LP	Bonus & 1st Year Rental	6432000	did not participate	N/A	N/A
BOPCO, LP	Permit Fees	378214	did not participate	N/A	N/A
BOPCO, LP	Renewables	0	did not participate	N/A	N/A
BOPCO, LP	AML Fees	0	did not participate	N/A	N/A
BOPCO, LP	OSMRE Civil Penalties	0	did not participate	N/A	N/A
BOPCO, LP	Corporate Income Tax	0	did not participate	N/A	N/A
BP America	Royalties	847156065	847036243	119822	0
BP America	Rents	25739425	25199393	540032	2
BP America	Bonus	0	0	0	0
BP America	Other Revenue	3004327	2943014	61313	2
BP America	Offshore Inspection Fee	1944000	1944000	0	0
BP America	ONRR Civil Penalties	60000	60000	0	0
BP America	Bonus & 1st Year Rental	0	0	0	0
BP America	Permit Fees	130935	130500	435	0.3
BP America	Renewables	0	0	0	0
BP America	AML Fees	0	0	0	0
BP America	OSMRE Civil Penalties	0	0	0	0
BP America	Corporate Income Tax	85000000	85000000	0	0
Chevron Corporation	Royalties	827397767	772842106	54555661	6.6
Chevron Corporation	Rents	19149064	19003698	145366	1
Chevron Corporation	Bonus	101636143	101636143	0	0
Chevron Corporation	Other Revenue	3164566	3158448	6118	0.2
Chevron Corporation	Offshore Inspection Fee	7394900	7364400	30500	0.4
Chevron Corporation	ONRR Civil Penalties	40000	40000	0	0
Chevron Corporation	Bonus & 1st Year Rental	0	0	0	0
Chevron Corporation	Permit Fees	218878	215043	3835	1.8
Chevron Corporation	Renewables	0	0	0	0
Chevron Corporation	AML Fees	0	0	0	0
Chevron Corporation	OSMRE Civil Penalties	13680	13680	0	0
Chevron Corporation	Corporate Income Tax	0	did not report	N/A	N/A
Cimarex Energy Co.	Royalties	67020156	67020148	8	0
Cimarex Energy Co.	Rents	45254	47972	-2718	6
Cimarex Energy Co.	Bonus	0	0	0	0
Cimarex Energy Co.	Other Revenue	3711779	3712145	-366	0
Cimarex Energy Co.	Offshore Inspection Fee	134800	134800	0	0
Cimarex Energy Co.	ONRR Civil Penalties	327450	327450	0	0
Cimarex Energy Co.	Bonus & 1st Year Rental	8266400	8268117	-1717	0
Cimarex Energy Co.	Permit Fees	1075805	1121342	-45537	4.23
Cimarex Energy Co.	Renewables	0	0	0	0
Cimarex Energy Co.	AML Fees	0	0	0	0
Cimarex Energy Co.	OSMRE Civil Penalties	0	0	0	0
Cimarex Energy Co.	Corporate Income Tax	-427025	-427025	0	0
Cloud Peak Energy Resources, LLC	Royalties	120674727	120674728	-1	0
Cloud Peak Energy Resources, LLC	Rents	100997	104484	-3487	3
Cloud Peak Energy Resources, LLC	Bonus	79026630	79026631	-1	0
Cloud Peak Energy Resources, LLC	Other Revenue	214	0	214	100
Cloud Peak Energy Resources, LLC	Offshore Inspection Fee	0	0	0	0
Cloud Peak Energy Resources, LLC	ONRR Civil Penalties	0	0	0	0
Cloud Peak Energy Resources, LLC	Bonus & 1st Year Rental	0	3614	-3614	100
Cloud Peak Energy Resources, LLC	Permit Fees	222366	218752	3614	1.6
Cloud Peak Energy Resources, LLC	Renewables	0	0	0	0
Cloud Peak Energy Resources, LLC	AML Fees	24335853	24335853	0	0
Cloud Peak Energy Resources, LLC	OSMRE Civil Penalties	0	0	0	0
Cloud Peak Energy Resources, LLC	Corporate Income Tax	9500000	9500000	0	0
Cobalt International Energy, Inc.	Royalties	0	0	0	0
Cobalt International Energy, Inc.	Rents	9848675	9958115	-109440	1
Cobalt International Energy, Inc.	Bonus	54536650	54536650	0	0
Cobalt International Energy, Inc.	Other Revenue	0	0	0	0
Cobalt International Energy, Inc.	Offshore Inspection Fee	335500	335500	0	0
Cobalt International Energy, Inc.	ONRR Civil Penalties	0	0	0	0
Cobalt International Energy, Inc.	Bonus & 1st Year Rental	0	0	0	0
Cobalt International Energy, Inc.	Permit Fees	0	0	0	0
Cobalt International Energy, Inc.	Renewables	0	0	0	0
Cobalt International Energy, Inc.	AML Fees	0	0	0	0
Cobalt International Energy, Inc.	OSMRE Civil Penalties	0	0	0	0
Cobalt International Energy, Inc.	Corporate Income Tax	0	did not report	N/A	N/A
Concho Resources, Inc.	Royalties	89435693	did not participate	N/A	N/A
Concho Resources, Inc.	Rents	100167	did not participate	N/A	N/A
Concho Resources, Inc.	Bonus	0	did not participate	N/A	N/A
Concho Resources, Inc.	Other Revenue	-108215	did not participate	N/A	N/A
Concho Resources, Inc.	Offshore Inspection Fee	0	did not participate	N/A	N/A
Concho Resources, Inc.	ONRR Civil Penalties	0	did not participate	N/A	N/A
Concho Resources, Inc.	Bonus & 1st Year Rental	0	did not participate	N/A	N/A
Concho Resources, Inc.	Permit Fees	887802	did not participate	N/A	N/A
Concho Resources, Inc.	Renewables	0	did not participate	N/A	N/A
Concho Resources, Inc.	AML Fees	0	did not participate	N/A	N/A
Concho Resources, Inc.	OSMRE Civil Penalties	0	did not participate	N/A	N/A
Concho Resources, Inc.	Corporate Income Tax	0	did not participate	N/A	N/A
ConocoPhillips	Royalties	261150468	262682834	-1532366	0.6
ConocoPhillips	Rents	24411479	24609486	-198007	1
ConocoPhillips	Bonus	131941971	131781972	159999	0.1
ConocoPhillips	Other Revenue	2632282	2914786	-282504	10.7
ConocoPhillips	Offshore Inspection Fee	322000	352500	-30500	9.5
ConocoPhillips	ONRR Civil Penalties	0	0	0	0
ConocoPhillips	Bonus & 1st Year Rental	117347	117347	0	0
ConocoPhillips	Permit Fees	659300	851500	-192200	29.2
ConocoPhillips	Renewables	0	0	0	0
ConocoPhillips	AML Fees	0	0	0	0
ConocoPhillips	OSMRE Civil Penalties	0	0	0	0
ConocoPhillips	Corporate Income Tax	0	did not report	N/A	N/A
Continental Resources, Inc.	Royalties	25752648	did not participate	N/A	N/A
Continental Resources, Inc.	Rents	96131	did not participate	N/A	N/A
Continental Resources, Inc.	Bonus	0	did not participate	N/A	N/A
Continental Resources, Inc.	Other Revenue	29792	did not participate	N/A	N/A
Continental Resources, Inc.	Offshore Inspection Fee	0	did not participate	N/A	N/A
Continental Resources, Inc.	ONRR Civil Penalties	0	did not participate	N/A	N/A
Continental Resources, Inc.	Bonus & 1st Year Rental	26499990	did not participate	N/A	N/A
Continental Resources, Inc.	Permit Fees	303460	did not participate	N/A	N/A
Continental Resources, Inc.	Renewables	0	did not participate	N/A	N/A
Continental Resources, Inc.	AML Fees	0	did not participate	N/A	N/A
Continental Resources, Inc.	OSMRE Civil Penalties	0	did not participate	N/A	N/A
Continental Resources, Inc.	Corporate Income Tax	0	did not participate	N/A	N/A
Devon Energy Corporation	Royalties	122680600	122554109	126491	0.1
Devon Energy Corporation	Rents	370479	379276	-8797	2
Devon Energy Corporation	Bonus	0	0	0	0
Devon Energy Corporation	Other Revenue	2580410	2504376	76034	3
Devon Energy Corporation	Offshore Inspection Fee	0	0	0	0
Devon Energy Corporation	ONRR Civil Penalties	0	0	0	0
Devon Energy Corporation	Bonus & 1st Year Rental	10889200	10889200	0	0
Devon Energy Corporation	Permit Fees	1605762	1602291	3471	0.2
Devon Energy Corporation	Renewables	0	0	0	0
Devon Energy Corporation	AML Fees	0	0	0	0
Devon Energy Corporation	OSMRE Civil Penalties	0	0	0	0
Devon Energy Corporation	Corporate Income Tax	0	did not report	N/A	N/A
Encana Corporation	Royalties	158698597	did not participate	N/A	N/A
Encana Corporation	Rents	960140	did not participate	N/A	N/A
Encana Corporation	Bonus	0	did not participate	N/A	N/A
Encana Corporation	Other Revenue	4280944	did not participate	N/A	N/A
Encana Corporation	Offshore Inspection Fee	0	did not participate	N/A	N/A
Encana Corporation	ONRR Civil Penalties	0	did not participate	N/A	N/A
Encana Corporation	Bonus & 1st Year Rental	0	did not participate	N/A	N/A
Encana Corporation	Permit Fees	2041480	did not participate	N/A	N/A
Encana Corporation	Renewables	0	did not participate	N/A	N/A
Encana Corporation	AML Fees	0	did not participate	N/A	N/A
Encana Corporation	OSMRE Civil Penalties	0	did not participate	N/A	N/A
Encana Corporation	Corporate Income Tax	0	did not participate	N/A	N/A
Energy XXI	Royalties	206116211	206116211	0	0
Energy XXI	Rents	195740	185978	9762	5
Energy XXI	Bonus	302242	302242	0	0
Energy XXI	Other Revenue	1984809	1954584	30225	1.5
Energy XXI	Offshore Inspection Fee	684700	684700	0	0
Energy XXI	ONRR Civil Penalties	40000	40000	0	0
Energy XXI	Bonus & 1st Year Rental	0	0	0	0
Energy XXI	Permit Fees	0	0	0	0
Energy XXI	Renewables	0	0	0	0
Energy XXI	AML Fees	0	0	0	0
Energy XXI	OSMRE Civil Penalties	0	0	0	0
Energy XXI	Corporate Income Tax	0	did not report	N/A	N/A
EPL Oil & Gas, Inc.	Royalties	106133424	105996710	136714	0.1
EPL Oil & Gas, Inc.	Rents	378149	349766	28383	8
EPL Oil & Gas, Inc.	Bonus	2143100	2205358	-62258	2.9
EPL Oil & Gas, Inc.	Other Revenue	2099041	2115823	-16782	0.8
EPL Oil & Gas, Inc.	Offshore Inspection Fee	588400	605100	-16700	2.8
EPL Oil & Gas, Inc.	ONRR Civil Penalties	33000	33000	0	0
EPL Oil & Gas, Inc.	Bonus & 1st Year Rental	0	0	0	0
EPL Oil & Gas, Inc.	Permit Fees	0	0	0	0
EPL Oil & Gas, Inc.	Renewables	0	0	0	0
EPL Oil & Gas, Inc.	AML Fees	0	0	0	0
EPL Oil & Gas, Inc.	OSMRE Civil Penalties	0	0	0	0
EPL Oil & Gas, Inc.	Corporate Income Tax	N/A	196424	NaN	N/A
ENI Petroleum	Royalties	105748539	105748539	0	0
ENI Petroleum	Rents	6765903	6765903	0	0
ENI Petroleum	Bonus	4023000	4023000	0	0
ENI Petroleum	Other Revenue	-803695	-803695	0	0
ENI Petroleum	Offshore Inspection Fee	1185500	1185500	0	0
ENI Petroleum	ONRR Civil Penalties	0	0	0	0
ENI Petroleum	Bonus & 1st Year Rental	0	0	0	0
ENI Petroleum	Permit Fees	0	0	0	0
ENI Petroleum	Renewables	0	0	0	0
ENI Petroleum	AML Fees	0	0	0	0
ENI Petroleum	OSMRE Civil Penalties	0	0	0	0
ENI Petroleum	Corporate Income Tax	N/A	19674	NaN	N/A
EOG Resources, Inc.	Royalties	92398882	did not participate	N/A	N/A
EOG Resources, Inc.	Rents	500155	did not participate	N/A	N/A
EOG Resources, Inc.	Bonus	0	did not participate	N/A	N/A
EOG Resources, Inc.	Other Revenue	797477	did not participate	N/A	N/A
EOG Resources, Inc.	Offshore Inspection Fee	10500	did not participate	N/A	N/A
EOG Resources, Inc.	ONRR Civil Penalties	0	did not participate	N/A	N/A
EOG Resources, Inc.	Bonus & 1st Year Rental	0	did not participate	N/A	N/A
EOG Resources, Inc.	Permit Fees	809140	did not participate	N/A	N/A
EOG Resources, Inc.	Renewables	0	did not participate	N/A	N/A
EOG Resources, Inc.	AML Fees	0	did not participate	N/A	N/A
EOG Resources, Inc.	OSMRE Civil Penalties	0	did not participate	N/A	N/A
EOG Resources, Inc.	Corporate Income Tax	0	did not participate	N/A	N/A
Exxon Mobil Corporation	Royalties	474509808	474364629	145179	0
Exxon Mobil Corporation	Rents	16978503	17005977	-27474	0
Exxon Mobil Corporation	Bonus	226166445	224984045	1182400	0.5
Exxon Mobil Corporation	Other Revenue	24422341	13190341	11232000	46
Exxon Mobil Corporation	Offshore Inspection Fee	850000	839500	10500	1.2
Exxon Mobil Corporation	ONRR Civil Penalties	0	0	0	0
Exxon Mobil Corporation	Bonus & 1st Year Rental	903700	903700	0	0
Exxon Mobil Corporation	Permit Fees	910679	887250	23429	2.6
Exxon Mobil Corporation	Renewables	0	0	0	0
Exxon Mobil Corporation	AML Fees	0	0	0	0
Exxon Mobil Corporation	OSMRE Civil Penalties	0	0	0	0
Exxon Mobil Corporation	Corporate Income Tax	0	did not report	N/A	N/A
Fieldwood Energy LLC	Royalties	47608965	did not participate	N/A	N/A
Fieldwood Energy LLC	Rents	4482901	did not participate	N/A	N/A
Fieldwood Energy LLC	Bonus	26208867	did not participate	N/A	N/A
Fieldwood Energy LLC	Other Revenue	507387	did not participate	N/A	N/A
Fieldwood Energy LLC	Offshore Inspection Fee	7572400	did not participate	N/A	N/A
Fieldwood Energy LLC	ONRR Civil Penalties	695000	did not participate	N/A	N/A
Fieldwood Energy LLC	Bonus & 1st Year Rental	176600	did not participate	N/A	N/A
Fieldwood Energy LLC	Permit Fees	0	did not participate	N/A	N/A
Fieldwood Energy LLC	Renewables	0	did not participate	N/A	N/A
Fieldwood Energy LLC	AML Fees	0	did not participate	N/A	N/A
Fieldwood Energy LLC	OSMRE Civil Penalties	0	did not participate	N/A	N/A
Fieldwood Energy LLC	Corporate Income Tax	0	did not participate	N/A	N/A
Freeport-McMoRan Inc.	Royalties	312946187	312946187	0	0
Freeport-McMoRan Inc.	Rents	4285169	4066778	218391	5
Freeport-McMoRan Inc.	Bonus	83880250	83873645	6605	0
Freeport-McMoRan Inc.	Other Revenue	-264552	-288024	23472	8.9
Freeport-McMoRan Inc.	Offshore Inspection Fee	2128285	2098756	29529	1.4
Freeport-McMoRan Inc.	ONRR Civil Penalties	84750	84750	0	0
Freeport-McMoRan Inc.	Bonus & 1st Year Rental	0	0	0	0
Freeport-McMoRan Inc.	Permit Fees	2203711	2185400	18311	0.8
Freeport-McMoRan Inc.	Renewables	0	0	0	0
Freeport-McMoRan Inc.	AML Fees	0	0	0	0
Freeport-McMoRan Inc.	OSMRE Civil Penalties	0	0	0	0
Freeport-McMoRan Inc.	Corporate Income Tax	N/A	135071332	NaN	N/A
Hess Corporation	Royalties	196061653	196096387	-34734	0
Hess Corporation	Rents	7217114	7284097	-66983	1
Hess Corporation	Bonus	4000000	4000000	0	0
Hess Corporation	Other Revenue	1025053	1042464	-17411	1.7
Hess Corporation	Offshore Inspection Fee	885500	885000	500	0.1
Hess Corporation	ONRR Civil Penalties	0	0	0	0
Hess Corporation	Bonus & 1st Year Rental	0	0	0	0
Hess Corporation	Permit Fees	76701	75000	1701	2.2
Hess Corporation	Renewables	0	0	0	0
Hess Corporation	AML Fees	0	0	0	0
Hess Corporation	OSMRE Civil Penalties	0	0	0	0
Hess Corporation	Corporate Income Tax	0	did not report	N/A	N/A
Linn Energy, LLC	Royalties	82821666	did not participate	N/A	N/A
Linn Energy, LLC	Rents	10157	did not participate	N/A	N/A
Linn Energy, LLC	Bonus	0	did not participate	N/A	N/A
Linn Energy, LLC	Other Revenue	552525	did not participate	N/A	N/A
Linn Energy, LLC	Offshore Inspection Fee	0	did not participate	N/A	N/A
Linn Energy, LLC	ONRR Civil Penalties	0	did not participate	N/A	N/A
Linn Energy, LLC	Bonus & 1st Year Rental	0	did not participate	N/A	N/A
Linn Energy, LLC	Permit Fees	2488643	did not participate	N/A	N/A
Linn Energy, LLC	Renewables	0	did not participate	N/A	N/A
Linn Energy, LLC	AML Fees	0	did not participate	N/A	N/A
Linn Energy, LLC	OSMRE Civil Penalties	0	did not participate	N/A	N/A
Linn Energy, LLC	Corporate Income Tax	0	did not participate	N/A	N/A
LLOG Exploration Company LLC	Royalties	190596220	did not participate	N/A	N/A
LLOG Exploration Company LLC	Rents	3094544	did not participate	N/A	N/A
LLOG Exploration Company LLC	Bonus	125091801	did not participate	N/A	N/A
LLOG Exploration Company LLC	Other Revenue	-134548	did not participate	N/A	N/A
LLOG Exploration Company LLC	Offshore Inspection Fee	904800	did not participate	N/A	N/A
LLOG Exploration Company LLC	ONRR Civil Penalties	0	did not participate	N/A	N/A
LLOG Exploration Company LLC	Bonus & 1st Year Rental	0	did not participate	N/A	N/A
LLOG Exploration Company LLC	Permit Fees	0	did not participate	N/A	N/A
LLOG Exploration Company LLC	Renewables	0	did not participate	N/A	N/A
LLOG Exploration Company LLC	AML Fees	0	did not participate	N/A	N/A
LLOG Exploration Company LLC	OSMRE Civil Penalties	0	did not participate	N/A	N/A
LLOG Exploration Company LLC	Corporate Income Tax	0	did not participate	N/A	N/A
Marathon Oil Company	Royalties	126113758	126121724	-7966	0
Marathon Oil Company	Rents	3086739	3085628	1111	0
Marathon Oil Company	Bonus	32802916	32802916	0	0
Marathon Oil Company	Other Revenue	432879	412358	20521	4.7
Marathon Oil Company	Offshore Inspection Fee	123000	123000	0	0
Marathon Oil Company	ONRR Civil Penalties	0	0	0	0
Marathon Oil Company	Bonus & 1st Year Rental	4391750	4394447	-2697	0.1
Marathon Oil Company	Permit Fees	159515	156000	3515	2.2
Marathon Oil Company	Renewables	0	0	0	0
Marathon Oil Company	AML Fees	0	0	0	0
Marathon Oil Company	OSMRE Civil Penalties	0	0	0	0
Marathon Oil Company	Corporate Income Tax	0	did not report	N/A	N/A
Newfield Exploration Company	Royalties	56885635	56965192	-79557	0.1
Newfield Exploration Company	Rents	228598	240521	-11923	5
Newfield Exploration Company	Bonus	4180	0	4180	100
Newfield Exploration Company	Other Revenue	1737830	1733496	4334	0.3
Newfield Exploration Company	Offshore Inspection Fee	0	0	0	0
Newfield Exploration Company	ONRR Civil Penalties	0	0	0	0
Newfield Exploration Company	Bonus & 1st Year Rental	0	0	0	0
Newfield Exploration Company	Permit Fees	2307330	2073500	233830	10.1
Newfield Exploration Company	Renewables	0	0	0	0
Newfield Exploration Company	AML Fees	0	0	0	0
Newfield Exploration Company	OSMRE Civil Penalties	0	0	0	0
Newfield Exploration Company	Corporate Income Tax	0	did not report	N/A	N/A
Noble Energy, Inc.	Royalties	96060667	95768855	291812	0.3
Noble Energy, Inc.	Rents	4467818	4415783	52035	1
Noble Energy, Inc.	Bonus	0	0	0	0
Noble Energy, Inc.	Other Revenue	-1927906	-1945151	17245	0.9
Noble Energy, Inc.	Offshore Inspection Fee	213500	183000	30500	14.3
Noble Energy, Inc.	ONRR Civil Penalties	0	0	0	0
Noble Energy, Inc.	Bonus & 1st Year Rental	0	0	0	0
Noble Energy, Inc.	Permit Fees	62399	86115	-23716	38
Noble Energy, Inc.	Renewables	0	0	0	0
Noble Energy, Inc.	AML Fees	0	0	0	0
Noble Energy, Inc.	OSMRE Civil Penalties	0	0	0	0
Noble Energy, Inc.	Corporate Income Tax	0	did not report	N/A	N/A
Oxy USA, Inc.	Royalties	74972292	did not participate	N/A	N/A
Oxy USA, Inc.	Rents	332555	did not participate	N/A	N/A
Oxy USA, Inc.	Bonus	190982	did not participate	N/A	N/A
Oxy USA, Inc.	Other Revenue	-24291	did not participate	N/A	N/A
Oxy USA, Inc.	Offshore Inspection Fee	0	did not participate	N/A	N/A
Oxy USA, Inc.	ONRR Civil Penalties	0	did not participate	N/A	N/A
Oxy USA, Inc.	Bonus & 1st Year Rental	89305	did not participate	N/A	N/A
Oxy USA, Inc.	Permit Fees	803490	did not participate	N/A	N/A
Oxy USA, Inc.	Renewables	0	did not participate	N/A	N/A
Oxy USA, Inc.	AML Fees	0	did not participate	N/A	N/A
Oxy USA, Inc.	OSMRE Civil Penalties	0	did not participate	N/A	N/A
Oxy USA, Inc.	Corporate Income Tax	0	did not participate	N/A	N/A
Peabody Energy Corporation	Royalties	188130401	196437152	-8306751	4.4
Peabody Energy Corporation	Rents	192199	192199	0	0
Peabody Energy Corporation	Bonus	276773916	276773916	0	0
Peabody Energy Corporation	Other Revenue	337707	336597	1110	0.3
Peabody Energy Corporation	Offshore Inspection Fee	0	0	0	0
Peabody Energy Corporation	ONRR Civil Penalties	0	0	0	0
Peabody Energy Corporation	Bonus & 1st Year Rental	475590	475590	0	0
Peabody Energy Corporation	Permit Fees	3217	10305	-7088	220.3
Peabody Energy Corporation	Renewables	0	0	0	0
Peabody Energy Corporation	AML Fees	48492478	48532180	-39702	0.1
Peabody Energy Corporation	OSMRE Civil Penalties	2760	2760	0	0
Peabody Energy Corporation	Corporate Income Tax	0	did not report	N/A	N/A
QEP Resources, Inc.	Royalties	95653947	did not participate	N/A	N/A
QEP Resources, Inc.	Rents	463665	did not participate	N/A	N/A
QEP Resources, Inc.	Bonus	23710	did not participate	N/A	N/A
QEP Resources, Inc.	Other Revenue	-329129	did not participate	N/A	N/A
QEP Resources, Inc.	Offshore Inspection Fee	0	did not participate	N/A	N/A
QEP Resources, Inc.	ONRR Civil Penalties	0	did not participate	N/A	N/A
QEP Resources, Inc.	Bonus & 1st Year Rental	0	did not participate	N/A	N/A
QEP Resources, Inc.	Permit Fees	1967395	did not participate	N/A	N/A
QEP Resources, Inc.	Renewables	0	did not participate	N/A	N/A
QEP Resources, Inc.	AML Fees	0	did not participate	N/A	N/A
QEP Resources, Inc.	OSMRE Civil Penalties	0	did not participate	N/A	N/A
QEP Resources, Inc.	Corporate Income Tax	0	did not participate	N/A	N/A
Repsol E&P USA Inc.	Royalties	43988033	43988033	0	0
Repsol E&P USA Inc.	Rents	5699607	5699607	0	0
Repsol E&P USA Inc.	Bonus	611351	611351	0	0
Repsol E&P USA Inc.	Other Revenue	0	0	0	0
Repsol E&P USA Inc.	Offshore Inspection Fee	0	0	0	0
Repsol E&P USA Inc.	ONRR Civil Penalties	0	0	0	0
Repsol E&P USA Inc.	Bonus & 1st Year Rental	0	0	0	0
Repsol E&P USA Inc.	Permit Fees	0	0	0	0
Repsol E&P USA Inc.	Renewables	0	0	0	0
Repsol E&P USA Inc.	AML Fees	0	0	0	0
Repsol E&P USA Inc.	OSMRE Civil Penalties	0	0	0	0
Repsol E&P USA Inc.	Corporate Income Tax	0	N/A	N/A	N/A
SandRidge Energy, Inc.	Royalties	132997664	did not participate	N/A	N/A
SandRidge Energy, Inc.	Rents	261311	did not participate	N/A	N/A
SandRidge Energy, Inc.	Bonus	458360	did not participate	N/A	N/A
SandRidge Energy, Inc.	Other Revenue	-2277445	did not participate	N/A	N/A
SandRidge Energy, Inc.	Offshore Inspection Fee	2805399	did not participate	N/A	N/A
SandRidge Energy, Inc.	ONRR Civil Penalties	780300	did not participate	N/A	N/A
SandRidge Energy, Inc.	Bonus & 1st Year Rental	0	did not participate	N/A	N/A
SandRidge Energy, Inc.	Permit Fees	13000	did not participate	N/A	N/A
SandRidge Energy, Inc.	Renewables	0	did not participate	N/A	N/A
SandRidge Energy, Inc.	AML Fees	0	did not participate	N/A	N/A
SandRidge Energy, Inc.	OSMRE Civil Penalties	0	did not participate	N/A	N/A
SandRidge Energy, Inc.	Corporate Income Tax	0	did not participate	N/A	N/A
Shell E&P Company	Royalties	737334054	737334054	0	0
Shell E&P Company	Rents	26648489	26570830	77659	0
Shell E&P Company	Bonus	142229840	142619480	-389640	0.3
Shell E&P Company	Other Revenue	615584	608954	6630	1.1
Shell E&P Company	Offshore Inspection Fee	3742000	3742000	0	0
Shell E&P Company	ONRR Civil Penalties	0	0	0	0
Shell E&P Company	Bonus & 1st Year Rental	673069	661319	11750	1.8
Shell E&P Company	Permit Fees	22247	19537	2710	12.2
Shell E&P Company	Renewables	0	0	0	0
Shell E&P Company	AML Fees	0	0	0	0
Shell E&P Company	OSMRE Civil Penalties	0	0	0	0
Shell E&P Company	Corporate Income Tax	-66297360	-60000000	-6297360	9.5
Statoil Gulf of Mexico	Royalties	92607958	86991402	5616556	6.1
Statoil Gulf of Mexico	Rents	10173404	10007698	165706	2
Statoil Gulf of Mexico	Bonus	106091454	106091454	0	0
Statoil Gulf of Mexico	Other Revenue	-385042	-389316	4274	1.1
Statoil Gulf of Mexico	Offshore Inspection Fee	152500	152500	0	0
Statoil Gulf of Mexico	ONRR Civil Penalties	0	0	0	0
Statoil Gulf of Mexico	Bonus & 1st Year Rental	0	0	0	0
Statoil Gulf of Mexico	Permit Fees	104335	104335	0	0
Statoil Gulf of Mexico	Renewables	0	0	0	0
Statoil Gulf of Mexico	AML Fees	0	0	0	0
Statoil Gulf of Mexico	OSMRE Civil Penalties	0	0	0	0
Statoil Gulf of Mexico	Corporate Income Tax	0	0	0	0
Stone Energy Corporation	Royalties	124046998	124046998	0	0
Stone Energy Corporation	Rents	3862272	3862032	240	0
Stone Energy Corporation	Bonus	17802096	17802096	0	0
Stone Energy Corporation	Other Revenue	2525739	2525739	0	0
Stone Energy Corporation	Offshore Inspection Fee	2051200	2051200	0	0
Stone Energy Corporation	ONRR Civil Penalties	35000	35000	0	0
Stone Energy Corporation	Bonus & 1st Year Rental	0	0	0	0
Stone Energy Corporation	Permit Fees	3315	1780	1535	46.3
Stone Energy Corporation	Renewables	0	0	0	0
Stone Energy Corporation	AML Fees	0	0	0	0
Stone Energy Corporation	OSMRE Civil Penalties	0	0	0	0
Stone Energy Corporation	Corporate Income Tax	N/A	-15102744	NaN	N/A
Talos Energy LLC	Royalties	65725741	did not participate	N/A	N/A
Talos Energy LLC	Rents	1664388	did not participate	N/A	N/A
Talos Energy LLC	Bonus	0	did not participate	N/A	N/A
Talos Energy LLC	Other Revenue	-882726	did not participate	N/A	N/A
Talos Energy LLC	Offshore Inspection Fee	1185000	did not participate	N/A	N/A
Talos Energy LLC	ONRR Civil Penalties	75000	did not participate	N/A	N/A
Talos Energy LLC	Bonus & 1st Year Rental	0	did not participate	N/A	N/A
Talos Energy LLC	Permit Fees	0	did not participate	N/A	N/A
Talos Energy LLC	Renewables	0	did not participate	N/A	N/A
Talos Energy LLC	AML Fees	0	did not participate	N/A	N/A
Talos Energy LLC	OSMRE Civil Penalties	0	did not participate	N/A	N/A
Talos Energy LLC	Corporate Income Tax	0	did not participate	N/A	N/A
Ultra Resources Inc.	Royalties	101631395	100592803	1038592	1
Ultra Resources Inc.	Rents	8699	8021	678	8
Ultra Resources Inc.	Bonus	0	0	0	0
Ultra Resources Inc.	Other Revenue	671847	677785	-5938	0.9
Ultra Resources Inc.	Offshore Inspection Fee	0	0	0	0
Ultra Resources Inc.	ONRR Civil Penalties	0	0	0	0
Ultra Resources Inc.	Bonus & 1st Year Rental	0	0	0	0
Ultra Resources Inc.	Permit Fees	1079450	1072950	6500	0.6
Ultra Resources Inc.	Renewables	0	0	0	0
Ultra Resources Inc.	AML Fees	0	0	0	0
Ultra Resources Inc.	OSMRE Civil Penalties	0	0	0	0
Ultra Resources Inc.	Corporate Income Tax	N/A	7500000	NaN	N/A
Venari Offshore LLC	Royalties	0	0	0	0
Venari Offshore LLC	Rents	633600	633600	0	0
Venari Offshore LLC	Bonus	67811424	67811424	0	0
Venari Offshore LLC	Other Revenue	0	0	0	0
Venari Offshore LLC	Offshore Inspection Fee	0	0	0	0
Venari Offshore LLC	ONRR Civil Penalties	0	0	0	0
Venari Offshore LLC	Bonus & 1st Year Rental	0	0	0	0
Venari Offshore LLC	Permit Fees	0	0	0	0
Venari Offshore LLC	Renewables	0	0	0	0
Venari Offshore LLC	AML Fees	0	0	0	0
Venari Offshore LLC	OSMRE Civil Penalties	0	0	0	0
Venari Offshore LLC	Corporate Income Tax	0	N/A	N/A	N/A
W&T Offshore, Inc.	Royalties	112117802	112117802	0	0
W&T Offshore, Inc.	Rents	2923574	2923574	0	0
W&T Offshore, Inc.	Bonus	392000	392000	0	0
W&T Offshore, Inc.	Other Revenue	1765934	1765934	0	0
W&T Offshore, Inc.	Offshore Inspection Fee	651500	651500	0	0
W&T Offshore, Inc.	ONRR Civil Penalties	210000	210000	0	0
W&T Offshore, Inc.	Bonus & 1st Year Rental	0	0	0	0
W&T Offshore, Inc.	Permit Fees	0	0	0	0
W&T Offshore, Inc.	Renewables	0	0	0	0
W&T Offshore, Inc.	AML Fees	0	0	0	0
W&T Offshore, Inc.	OSMRE Civil Penalties	0	0	0	0
W&T Offshore, Inc.	Corporate Income Tax	56125879	56125879	0	0
Walter Oil & Gas Corporation	Royalties	84708541	did not participate	N/A	N/A
Walter Oil & Gas Corporation	Rents	1061006	did not participate	N/A	N/A
Walter Oil & Gas Corporation	Bonus	2822500	did not participate	N/A	N/A
Walter Oil & Gas Corporation	Other Revenue	-3386358	did not participate	N/A	N/A
Walter Oil & Gas Corporation	Offshore Inspection Fee	581400	did not participate	N/A	N/A
Walter Oil & Gas Corporation	ONRR Civil Penalties	0	did not participate	N/A	N/A
Walter Oil & Gas Corporation	Bonus & 1st Year Rental	0	did not participate	N/A	N/A
Walter Oil & Gas Corporation	Permit Fees	0	did not participate	N/A	N/A
Walter Oil & Gas Corporation	Renewables	0	did not participate	N/A	N/A
Walter Oil & Gas Corporation	AML Fees	0	did not participate	N/A	N/A
Walter Oil & Gas Corporation	OSMRE Civil Penalties	0	did not participate	N/A	N/A
Walter Oil & Gas Corporation	Corporate Income Tax	0	did not participate	N/A	N/A
WPX Energy, Inc.	Royalties	88077827	88116556	-38729	0
WPX Energy, Inc.	Rents	154045	123452	30593	20
WPX Energy, Inc.	Bonus	0	0	0	0
WPX Energy, Inc.	Other Revenue	1183618	1214994	-31376	2.7
WPX Energy, Inc.	Offshore Inspection Fee	0	0	0	0
WPX Energy, Inc.	ONRR Civil Penalties	0	214	-214	100
WPX Energy, Inc.	Bonus & 1st Year Rental	0	0	0	0
WPX Energy, Inc.	Permit Fees	1600395	1599000	1395	0.1
WPX Energy, Inc.	Renewables	0	0	0	0
WPX Energy, Inc.	AML Fees	0	0	0	0
WPX Energy, Inc.	OSMRE Civil Penalties	0	0	0	0
WPX Energy, Inc.	Corporate Income Tax	N/A	-27500000	NaN	N/A