Year	State	Commodity	Product	Volume
2004	AK	Gas	Processed (Residue) Gas (mcf)	359139.39
2004	AK	Gas	Unprocessed (Wet) Gas (mcf)	36816022.75
2004	AK	NGL	Gas Plant Products (gal)	3256192.40
2004	AK	Oil	Oil (bbl)	212316.67
2004	AL	Gas	Processed (Residue) Gas (mcf)	187406.26
2004	AL	NGL	Gas Plant Products (gal)	5.92
2004	AL	Oil	Other Liquid Hydrocarbons (bbl)	2358.93
2004	AL	Sulfur	Sulfur (lton)	223.87
2004	AL	Clay	Clay (ton)	36709.00
2004	AL	Oil	Oil (bbl)	258984.75
2004	AL	Gas	Unprocessed (Wet) Gas (mcf)	745186.80
2004	AL	Coal	Coal (ton)	829.00
2004	AL	Gas	Fuel Gas (mcf)	-0.01
2004	AL	Oil	Condensate (bbl)	0.46
2004	AL	Gas	Coal Bed Methane (mcf)	124495.76
2004	AR	Gas	Processed (Residue) Gas (mcf)	8402.76
2004	AR	Oil	Oil (bbl)	58.64
2004	AR	Gas	Unprocessed (Wet) Gas (mcf)	8043762.57
2004	AR	Quartz Crystal	Quartz Crystal (lb)	7956.00
2004	AR	Gas	Coal Bed Methane (mcf)	2455.70
2004	AZ	Salt	Salt (ton)	138.00
2004	CA	Gas	Processed (Residue) Gas (mcf)	1681213.89
2004	CA	Gas	Unprocessed (Wet) Gas (mcf)	1801342.98
2004	CA	Oil	Condensate (bbl)	103314.95
2004	CA	NGL	Gas Plant Products (gal)	1154025.53
2004	CA	Oil	Oil (bbl)	13807660.86
2004	CA	Geothermal	Geothermal - Electrical Generation, Kilowatt Hours (kwh)	1042669135.30
2004	CA	Geothermal	Geothermal - Electrical Generation, Other (mmbtu)	212770.98
2004	CA	Gas	Gas Lost - Flared or Vented (mcf)	33533.12
2004	CA	Oil	Fuel Oil (bbl)	82.15
2004	CA	Geothermal	Geothermal - Electrical Generation, Thousands of Pounds (klb)	52942153.03
2004	CA	Geothermal	Geothermal - Direct Utilization, Millions of BTUs (mmbtu)	165884.74
2004	CA	Anhydrous Sodium Sulfate	Anhydrous Sodium Sulfate (ton)	170391.00
2004	CA	Borax-Decahydrate	Borax-Decahydrate (ton)	11424.00
2004	CA	Borax-Pentahydrate	Borax-Pentahydrate (ton)	10528.00
2004	CA	Boric Acid	Boric Acid (ton)	17904.00
2004	CA	Salt	Salt (ton)	70234.00
2004	CA	Soda Ash	Soda Ash (ton)	793855.00
2004	CA	Sodium Bi-Carbonate	Sodium Bi-Carbonate (ton)	13114.00
2004	CO	Oil	Condensate (bbl)	347054.80
2004	CO	Oil	Oil (bbl)	3772152.54
2004	CO	Gas	Coal Bed Methane (mcf)	6450807.05
2004	CO	Gas	Unprocessed (Wet) Gas (mcf)	118241449.48
2004	CO	NGL	Gas Plant Products (gal)	43749022.45
2004	CO	Coal	Coal (ton)	22040582.00
2004	CO	Gas	Processed (Residue) Gas (mcf)	27015682.90
2004	CO	Carbon Dioxide Gas	Carbon Dioxide Gas (CO2) (mcf)	263120733.23
2004	CO	Oil	Drip or Scrubber Condensate (bbl)	40469.88
2004	CO	Carbon Dioxide	Carbon Dioxide (ton)	121.00
2004	CO	Soda Ash	Soda Ash (ton)	188834.00
2004	CO	Sodium Bi-Carbonate	Sodium Bi-Carbonate (ton)	135488.00
2004	FL	Oil	Oil (bbl)	449.53
2004	ID	Phosphate Raw Ore	Phosphate Raw Ore (ton)	4293007.00
2004	ID	Gold	Gold (ton)	26.00
2004	IL	Oil	Oil (bbl)	36874.15
2004	IN	Oil	Oil (bbl)	1588.12
2004	KS	Gas	Unprocessed (Wet) Gas (mcf)	8310051.99
2004	KS	Oil	Oil (bbl)	130104.44
2004	KS	Gas	Fuel Gas (mcf)	6469.17
2004	KS	Gas	Processed (Residue) Gas (mcf)	1578857.62
2004	KS	NGL	Gas Plant Products (gal)	3498856.06
2004	KS	Oil	Condensate (bbl)	167.52
2004	KY	Gas	Unprocessed (Wet) Gas (mcf)	264034.46
2004	KY	Oil	Oil (bbl)	11656.87
2004	LA	Gas	Processed (Residue) Gas (mcf)	11754016.09
2004	LA	Gas	Unprocessed (Wet) Gas (mcf)	5871847.17
2004	LA	NGL	Gas Plant Products (gal)	5184490.11
2004	LA	Oil	Oil (bbl)	374018.89
2004	LA	Oil	Condensate (bbl)	126086.07
2004	LA	Oil	Drip or Scrubber Condensate (bbl)	331.77
2004	MI	Gas	Processed (Residue) Gas (mcf)	1747500.13
2004	MI	Oil	Oil (bbl)	23917.35
2004	MI	Gas	Unprocessed (Wet) Gas (mcf)	2385900.10
2004	MI	Oil	Condensate (bbl)	69.26
2004	MI	NGL	Gas Plant Products (gal)	739451.02
2004	MO	Copper Concentrate	Copper Concentrate (ton)	15754.00
2004	MO	Lead Concentrate	Lead Concentrate (ton)	244868.00
2004	MO	Zinc Concentrate	Zinc Concentrate (ton)	61656.00
2004	MS	Oil	Oil (bbl)	260414.10
2004	MS	Gas	Unprocessed (Wet) Gas (mcf)	746632.60
2004	MS	Oil	Condensate (bbl)	214825.24
2004	MS	NGL	Gas Plant Products (gal)	162.30
2004	MS	Gas	Processed (Residue) Gas (mcf)	135919.00
2004	MT	Coal	Coal (ton)	26080150.00
2004	MT	Gas	Coal Bed Methane (mcf)	2522194.00
2004	MT	Gas	Fuel Gas (mcf)	1513.12
2004	MT	Gas	Processed (Residue) Gas (mcf)	286360.35
2004	MT	Gas	Unprocessed (Wet) Gas (mcf)	22688150.27
2004	MT	NGL	Gas Plant Products (gal)	3789079.07
2004	MT	Oil	Oil (bbl)	3729334.79
2004	MT	Oil	Condensate (bbl)	34540.01
2004	MT	Sulfur	Sulfur (lton)	1866.43
2004	MT	Oil	Drip or Scrubber Condensate (bbl)	599.83
2004	ND	Gas	Processed (Residue) Gas (mcf)	1974047.93
2004	ND	Gas	Unprocessed (Wet) Gas (mcf)	5938274.55
2004	ND	NGL	Gas Plant Products (gal)	5683235.90
2004	ND	Oil	Condensate (bbl)	31323.05
2004	ND	Oil	Drip or Scrubber Condensate (bbl)	11640.54
2004	ND	Oil	Oil (bbl)	5715830.77
2004	ND	Gas	Gas Lost - Flared or Vented (mcf)	6332.45
2004	ND	Gas	Nitrogen (mcf)	78634.30
2004	ND	Sulfur	Sulfur (lton)	828.36
2004	ND	Coal	Coal (ton)	1940759.00
2004	NE	Oil	Oil (bbl)	38154.40
2004	NM	Gas	Unprocessed (Wet) Gas (mcf)	334296250.99
2004	NM	Gas	Coal Bed Methane (mcf)	278770627.61
2004	NM	Gas	Processed (Residue) Gas (mcf)	327058746.43
2004	NM	NGL	Gas Plant Products (gal)	1260811090.20
2004	NM	Oil	Condensate (bbl)	3854434.90
2004	NM	Oil	Oil (bbl)	24976788.45
2004	NM	Gas	Flash Gas (mcf)	9150.02
2004	NM	Oil	Drip or Scrubber Condensate (bbl)	30473.67
2004	NM	Brine Barrels	Brine Barrels (bbl)	57816.00
2004	NM	Langbeinite	Langbeinite (ton)	854891.00
2004	NM	Muriate Of Potash-Granular	Muriate Of Potash-Granular (ton)	465127.00
2004	NM	Muriate Of Potash-Standard	Muriate Of Potash-Standard (ton)	198675.00
2004	NM	Potash	Potash (ton)	425643.00
2004	NM	Salt	Salt (ton)	284088.00
2004	NM	Carbon Dioxide Gas	Carbon Dioxide Gas (CO2) (mcf)	9036595.59
2004	NM	Oil	Other Liquid Hydrocarbons (bbl)	3.00
2004	NM	Coal	Coal (ton)	7269699.00
2004	NV	Geothermal	Geothermal - Direct Utilization, Hundreds of Gallons (cgal)	104184341.00
2004	NV	Geothermal	Geothermal - Electrical Generation, Kilowatt Hours (kwh)	674485048.46
2004	NV	Sand/Gravel	Sand/Gravel (ton)	524208.00
2004	NV	Potash	Potash (ton)	1072.00
2004	NV	Oil	Oil (bbl)	459934.18
2004	NY	Gas	Unprocessed (Wet) Gas (mcf)	18738.57
2004	OH	Gas	Unprocessed (Wet) Gas (mcf)	657768.59
2004	OH	Oil	Oil (bbl)	29484.28
2004	OH	Gas	Processed (Residue) Gas (mcf)	13880.00
2004	OK	Gas	Unprocessed (Wet) Gas (mcf)	15024554.35
2004	OK	Oil	Condensate (bbl)	52793.44
2004	OK	Oil	Oil (bbl)	121022.91
2004	OK	Gas	Processed (Residue) Gas (mcf)	789806.43
2004	OK	NGL	Gas Plant Products (gal)	1617146.81
2004	OK	Oil	Other Liquid Hydrocarbons (bbl)	177.95
2004	OK	Coal	Coal (ton)	767819.00
2004	OK	Gas	Coal Bed Methane (mcf)	65104.87
2004	OK	Oil	Inlet Scrubber (bbl)	2.62
2004	PA	Gas	Unprocessed (Wet) Gas (mcf)	68589.32
2004	PA	Gas	Processed (Residue) Gas (mcf)	6081.91
2004	PA	Oil	Oil (bbl)	392.62
2004	SD	Oil	Oil (bbl)	158471.37
2004	SD	Gas	Unprocessed (Wet) Gas (mcf)	239981.92
2004	TX	Oil	Oil (bbl)	389911.97
2004	TX	Gas	Processed (Residue) Gas (mcf)	423073.51
2004	TX	Gas	Unprocessed (Wet) Gas (mcf)	23374627.07
2004	TX	Oil	Condensate (bbl)	38920.22
2004	TX	NGL	Gas Plant Products (gal)	2040024.33
2004	TX	Oil	Drip or Scrubber Condensate (bbl)	760.00
2004	TX	Gas	Fuel Gas (mcf)	2680.40
2004	TX	Oil	Inlet Scrubber (bbl)	-373.00
2004	UT	Geothermal	Geothermal - Electrical Generation, Thousands of Pounds (klb)	2523949051.63
2004	UT	Coal	Coal (ton)	20482634.00
2004	UT	Gas	Coal Bed Methane (mcf)	12292659.59
2004	UT	Gas	Fuel Gas (mcf)	7045.12
2004	UT	Gas	Processed (Residue) Gas (mcf)	8544955.07
2004	UT	Gas	Unprocessed (Wet) Gas (mcf)	120989289.32
2004	UT	Oil	Oil (bbl)	4407782.12
2004	UT	Oil	Condensate (bbl)	567627.37
2004	UT	NGL	Gas Plant Products (gal)	47350183.04
2004	UT	Clay	Clay (ton)	18407.00
2004	UT	Oil	Drip or Scrubber Condensate (bbl)	972.65
2004	UT	Magnesium Chloride Brine	Magnesium Chloride Brine (ton)	58204.00
2004	UT	Manure Salts	Manure Salts (ton)	6043.00
2004	UT	Potash	Potash (ton)	19335.00
2004	UT	Salt	Salt (ton)	9137.00
2004	UT	Gilsonite	Gilsonite (ton)	18458.00
2004	VA	Gas	Unprocessed (Wet) Gas (mcf)	513808.48
2004	VA	Limestone	Limestone (ton)	126597.00
2004	WA	Coal	Coal (ton)	10683.00
2004	WV	Gas	Unprocessed (Wet) Gas (mcf)	1466494.81
2004	WV	Gas	Processed (Residue) Gas (mcf)	3500.00
2004	WV	Oil	Oil (bbl)	27.19
2004	WY	Gas	Fuel Gas (mcf)	56998.50
2004	WY	Oil	Oil (bbl)	26544206.39
2004	WY	Gas	Processed (Residue) Gas (mcf)	275153284.37
2004	WY	Gas	Unprocessed (Wet) Gas (mcf)	623720469.82
2004	WY	NGL	Gas Plant Products (gal)	327498741.40
2004	WY	Oil	Condensate (bbl)	5611000.79
2004	WY	Coal	Coal (ton)	374947098.00
2004	WY	Gas	Coal Bed Methane (mcf)	91655735.51
2004	WY	Oil	Drip or Scrubber Condensate (bbl)	151124.41
2004	WY	Sulfur	Sulfur (lton)	3221973.75
2004	WY	Oil	Inlet Scrubber (bbl)	17.24
2004	WY	Carbon Dioxide Gas	Carbon Dioxide Gas (CO2) (mcf)	58441594.31
2004	WY	Purge Liquor	Purge Liquor (ton)	41385.00
2004	WY	Soda Ash	Soda Ash (ton)	1999311.00
2004	WY	Sodium Bi-Carbonate	Sodium Bi-Carbonate (ton)	22315.00
2004	WY	Sodium Sesquicarbonate	Sodium Sesquicarbonate (ton)	43432.00
2004	WY	Trona Ore	Trona Ore (ton)	5480.00
2005	AK	Gas	Processed (Residue) Gas (mcf)	70338.24
2005	AK	Gas	Unprocessed (Wet) Gas (mcf)	31389635.16
2005	AK	NGL	Gas Plant Products (gal)	2348392.00
2005	AK	Oil	Oil (bbl)	223886.33
2005	AL	Gas	Processed (Residue) Gas (mcf)	204841.49
2005	AL	Oil	Other Liquid Hydrocarbons (bbl)	1189.59
2005	AL	Sulfur	Sulfur (lton)	351.15
2005	AL	Clay	Clay (ton)	45640.00
2005	AL	Oil	Oil (bbl)	195111.99
2005	AL	Gas	Unprocessed (Wet) Gas (mcf)	578211.48
2005	AL	NGL	Gas Plant Products (gal)	39.98
2005	AL	Oil	Condensate (bbl)	0.68
2005	AL	Gas	Coal Bed Methane (mcf)	105563.43
2005	AL	Gas	Fuel Gas (mcf)	24.68
2005	AR	Gas	Processed (Residue) Gas (mcf)	5933.36
2005	AR	Oil	Oil (bbl)	34.45
2005	AR	Gas	Unprocessed (Wet) Gas (mcf)	9229854.48
2005	AR	Quartz Crystal	Quartz Crystal (lb)	10236.00
2005	AR	Gas	Coal Bed Methane (mcf)	2073.60
2005	AZ	Salt	Salt (ton)	44.00
2005	CA	Gas	Unprocessed (Wet) Gas (mcf)	2719908.95
2005	CA	Oil	Condensate (bbl)	117863.51
2005	CA	Gas	Processed (Residue) Gas (mcf)	1446051.16
2005	CA	NGL	Gas Plant Products (gal)	1472461.31
2005	CA	Oil	Oil (bbl)	14442407.63
2005	CA	Geothermal	Geothermal - Electrical Generation, Kilowatt Hours (kwh)	988196801.68
2005	CA	Geothermal	Geothermal - Electrical Generation, Other (mmbtu)	204030.26
2005	CA	Gas	Gas Lost - Flared or Vented (mcf)	45948.02
2005	CA	Oil	Fuel Oil (bbl)	32.00
2005	CA	Oil	Inlet Scrubber (bbl)	155.26
2005	CA	Geothermal	Geothermal - Electrical Generation, Thousands of Pounds (klb)	53196738.69
2005	CA	Geothermal	Geothermal - Direct Utilization, Millions of BTUs (mmbtu)	260242.35
2005	CA	Anhydrous Sodium Sulfate	Anhydrous Sodium Sulfate (ton)	165121.00
2005	CA	Borax-Anhydrous	Borax-Anhydrous (ton)	905.00
2005	CA	Borax-Decahydrate	Borax-Decahydrate (ton)	8170.00
2005	CA	Borax-Pentahydrate	Borax-Pentahydrate (ton)	10324.00
2005	CA	Boric Acid	Boric Acid (ton)	15829.00
2005	CA	Salt	Salt (ton)	85884.00
2005	CA	Soda Ash	Soda Ash (ton)	865308.00
2005	CA	Sodium Bi-Carbonate	Sodium Bi-Carbonate (ton)	14730.00
2005	CO	Oil	Condensate (bbl)	397931.40
2005	CO	Oil	Oil (bbl)	4891288.58
2005	CO	Gas	Coal Bed Methane (mcf)	6545440.28
2005	CO	Gas	Unprocessed (Wet) Gas (mcf)	159972216.74
2005	CO	NGL	Gas Plant Products (gal)	45671676.95
2005	CO	Coal	Coal (ton)	24279872.00
2005	CO	Gas	Processed (Residue) Gas (mcf)	30907102.73
2005	CO	Carbon Dioxide Gas	Carbon Dioxide Gas (CO2) (mcf)	286120547.14
2005	CO	Oil	Drip or Scrubber Condensate (bbl)	490.32
2005	CO	Gas	Fuel Gas (mcf)	35528.08
2005	CO	Sodium Bi-Carbonate	Sodium Bi-Carbonate (ton)	87749.00
2005	FL	Phosphate Raw Ore	Phosphate Raw Ore (ton)	551502.00
2005	ID	Phosphate Raw Ore	Phosphate Raw Ore (ton)	3629611.00
2005	ID	Gold	Gold (ton)	43.00
2005	IL	Oil	Oil (bbl)	34339.65
2005	IN	Oil	Oil (bbl)	1201.44
2005	KS	Gas	Unprocessed (Wet) Gas (mcf)	7397878.04
2005	KS	Gas	Fuel Gas (mcf)	388.77
2005	KS	Gas	Processed (Residue) Gas (mcf)	1523268.32
2005	KS	NGL	Gas Plant Products (gal)	3457168.26
2005	KS	Oil	Oil (bbl)	299078.89
2005	KS	Oil	Condensate (bbl)	316.32
2005	KS	Helium	Helium (bbl)	9.24
2005	KY	Gas	Unprocessed (Wet) Gas (mcf)	253152.30
2005	KY	Oil	Oil (bbl)	13038.97
2005	KY	Coal	Coal (ton)	41640.00
2005	LA	Gas	Unprocessed (Wet) Gas (mcf)	7443773.91
2005	LA	Oil	Oil (bbl)	292890.51
2005	LA	Gas	Processed (Residue) Gas (mcf)	23797039.07
2005	LA	Oil	Condensate (bbl)	122168.47
2005	LA	NGL	Gas Plant Products (gal)	14381632.85
2005	LA	Oil	Drip or Scrubber Condensate (bbl)	2044.04
2005	LA	Gas	Flash Gas (mcf)	0.01
2005	MI	Gas	Processed (Residue) Gas (mcf)	1865013.82
2005	MI	Oil	Oil (bbl)	24250.29
2005	MI	Gas	Unprocessed (Wet) Gas (mcf)	2239675.22
2005	MI	Oil	Condensate (bbl)	96.11
2005	MI	NGL	Gas Plant Products (gal)	809877.59
2005	MO	Copper Concentrate	Copper Concentrate (ton)	13450.99
2005	MO	Lead Concentrate	Lead Concentrate (ton)	215452.00
2005	MO	Zinc Concentrate	Zinc Concentrate (ton)	51436.00
2005	MS	Oil	Oil (bbl)	393438.68
2005	MS	Gas	Unprocessed (Wet) Gas (mcf)	1098147.02
2005	MS	Gas	Processed (Residue) Gas (mcf)	135897.67
2005	MS	Oil	Condensate (bbl)	13332.27
2005	MT	Coal	Coal (ton)	24273593.00
2005	MT	Gas	Coal Bed Methane (mcf)	3660467.72
2005	MT	Gas	Fuel Gas (mcf)	1235.31
2005	MT	Gas	Processed (Residue) Gas (mcf)	601768.71
2005	MT	Gas	Unprocessed (Wet) Gas (mcf)	25207217.50
2005	MT	NGL	Gas Plant Products (gal)	3308832.64
2005	MT	Oil	Oil (bbl)	3698771.76
2005	MT	Sulfur	Sulfur (lton)	1404.90
2005	MT	Oil	Drip or Scrubber Condensate (bbl)	367.34
2005	MT	Oil	Condensate (bbl)	25240.14
2005	ND	Gas	Processed (Residue) Gas (mcf)	1648106.49
2005	ND	Gas	Unprocessed (Wet) Gas (mcf)	7522667.45
2005	ND	NGL	Gas Plant Products (gal)	5676232.74
2005	ND	Oil	Condensate (bbl)	18418.82
2005	ND	Oil	Drip or Scrubber Condensate (bbl)	7954.56
2005	ND	Oil	Oil (bbl)	6409939.93
2005	ND	Gas	Gas Lost - Flared or Vented (mcf)	13544.90
2005	ND	Gas	Nitrogen (mcf)	56901.54
2005	ND	Sulfur	Sulfur (lton)	230.10
2005	ND	Coal	Coal (ton)	2194466.00
2005	NE	Oil	Oil (bbl)	36282.26
2005	NE	Gas	Processed (Residue) Gas (mcf)	1360729.00
2005	NM	Gas	Processed (Residue) Gas (mcf)	318395296.94
2005	NM	Gas	Unprocessed (Wet) Gas (mcf)	328250123.34
2005	NM	NGL	Gas Plant Products (gal)	1204284858.02
2005	NM	Oil	Condensate (bbl)	3152146.91
2005	NM	Oil	Oil (bbl)	22032079.00
2005	NM	Gas	Flash Gas (mcf)	340.14
2005	NM	Oil	Drip or Scrubber Condensate (bbl)	18949.51
2005	NM	Brine Barrels	Brine Barrels (bbl)	46855.00
2005	NM	Langbeinite	Langbeinite (ton)	598689.00
2005	NM	Muriate Of Potash-Granular	Muriate Of Potash-Granular (ton)	407939.00
2005	NM	Muriate Of Potash-Standard	Muriate Of Potash-Standard (ton)	228837.00
2005	NM	Potash	Potash (ton)	417431.00
2005	NM	Salt	Salt (ton)	258846.00
2005	NM	Carbon Dioxide Gas	Carbon Dioxide Gas (CO2) (mcf)	8897106.77
2005	NM	Oil	Other Liquid Hydrocarbons (bbl)	8.00
2005	NM	Coal	Coal (ton)	6064240.00
2005	NM	Gas	Coal Bed Methane (mcf)	282232074.62
2005	NM	Oil	Inlet Scrubber (bbl)	79.79
2005	NV	Geothermal	Geothermal - Direct Utilization, Hundreds of Gallons (cgal)	90021493.00
2005	NV	Geothermal	Geothermal - Electrical Generation, Kilowatt Hours (kwh)	681851144.92
2005	NV	Potash	Potash (ton)	477.00
2005	NV	Oil	Oil (bbl)	447570.58
2005	NY	Gas	Unprocessed (Wet) Gas (mcf)	15512.03
2005	OH	Gas	Unprocessed (Wet) Gas (mcf)	624549.40
2005	OH	Oil	Oil (bbl)	31195.36
2005	OH	Gas	Processed (Residue) Gas (mcf)	7822.00
2005	OK	Gas	Unprocessed (Wet) Gas (mcf)	14625946.55
2005	OK	Oil	Condensate (bbl)	36152.00
2005	OK	Oil	Oil (bbl)	105539.92
2005	OK	Gas	Processed (Residue) Gas (mcf)	1214617.27
2005	OK	NGL	Gas Plant Products (gal)	2643674.65
2005	OK	Oil	Drip or Scrubber Condensate (bbl)	0.37
2005	OK	Coal	Coal (ton)	713647.00
2005	OK	Gas	Coal Bed Methane (mcf)	75928.58
2005	OK	Oil	Inlet Scrubber (bbl)	9.56
2005	PA	Gas	Unprocessed (Wet) Gas (mcf)	66577.48
2005	PA	Gas	Processed (Residue) Gas (mcf)	19464.00
2005	SD	Oil	Oil (bbl)	188086.66
2005	SD	Gas	Unprocessed (Wet) Gas (mcf)	202685.29
2005	TX	Oil	Oil (bbl)	381366.19
2005	TX	Gas	Processed (Residue) Gas (mcf)	459434.87
2005	TX	Gas	Unprocessed (Wet) Gas (mcf)	21948107.64
2005	TX	Oil	Condensate (bbl)	37923.07
2005	TX	Gas	Flash Gas (mcf)	1.00
2005	TX	NGL	Gas Plant Products (gal)	367365.55
2005	TX	Oil	Drip or Scrubber Condensate (bbl)	570.05
2005	TX	Gas	Fuel Gas (mcf)	3285.44
2005	UT	Geothermal	Geothermal - Electrical Generation, Thousands of Pounds (klb)	2290182691.15
2005	UT	Coal	Coal (ton)	19792183.01
2005	UT	Gas	Coal Bed Methane (mcf)	11628279.41
2005	UT	Gas	Fuel Gas (mcf)	25485.52
2005	UT	Gas	Processed (Residue) Gas (mcf)	38056231.49
2005	UT	Gas	Unprocessed (Wet) Gas (mcf)	128278252.21
2005	UT	Oil	Oil (bbl)	5433029.59
2005	UT	Oil	Condensate (bbl)	799083.35
2005	UT	NGL	Gas Plant Products (gal)	38609214.53
2005	UT	Clay	Clay (ton)	18094.00
2005	UT	Oil	Drip or Scrubber Condensate (bbl)	529.90
2005	UT	Magnesium Chloride Brine	Magnesium Chloride Brine (ton)	35054.00
2005	UT	Manure Salts	Manure Salts (ton)	8213.00
2005	UT	Potash	Potash (ton)	16068.00
2005	UT	Salt	Salt (ton)	8388.00
2005	UT	Gilsonite	Gilsonite (ton)	18728.00
2005	VA	Gas	Unprocessed (Wet) Gas (mcf)	674612.43
2005	VA	Limestone	Limestone (ton)	36756.00
2005	WA	Coal	Coal (ton)	5325.00
2005	WV	Gas	Unprocessed (Wet) Gas (mcf)	2328917.61
2005	WV	Gas	Processed (Residue) Gas (mcf)	2123.00
2005	WV	Oil	Oil (bbl)	288.00
2005	WY	Gas	Fuel Gas (mcf)	61374.91
2005	WY	Oil	Oil (bbl)	26793739.67
2005	WY	Gas	Processed (Residue) Gas (mcf)	287169224.73
2005	WY	Gas	Unprocessed (Wet) Gas (mcf)	688719867.50
2005	WY	NGL	Gas Plant Products (gal)	310047587.78
2005	WY	Oil	Condensate (bbl)	5477388.23
2005	WY	Coal	Coal (ton)	357132864.00
2005	WY	Gas	Coal Bed Methane (mcf)	128885333.49
2005	WY	Oil	Drip or Scrubber Condensate (bbl)	148157.68
2005	WY	Sulfur	Sulfur (lton)	2211323.13
2005	WY	Oil	Inlet Scrubber (bbl)	41719.18
2005	WY	Oil	Other Liquid Hydrocarbons (bbl)	634.08
2005	WY	Carbon Dioxide Gas	Carbon Dioxide Gas (CO2) (mcf)	70652957.93
2005	WY	Purge Liquor	Purge Liquor (ton)	61925.00
2005	WY	Soda Ash	Soda Ash (ton)	3469943.00
2005	WY	Sodium Bi-Carbonate	Sodium Bi-Carbonate (ton)	15460.00
2005	WY	Sodium Bisulfite	Sodium Bisulfite (ton)	628.00
2005	WY	Sodium Decahydrate	Sodium Decahydrate (ton)	1107.00
2005	WY	Sodium Sesquicarbonate	Sodium Sesquicarbonate (ton)	35357.00
2005	WY	Sulfide	Sulfide (ton)	4830.00
2005	WY	Trona Ore	Trona Ore (ton)	26516.00
2006	AK	Gas	Processed (Residue) Gas (mcf)	187205.53
2006	AK	Gas	Unprocessed (Wet) Gas (mcf)	29284926.71
2006	AK	NGL	Gas Plant Products (gal)	745260.89
2006	AK	Oil	Oil (bbl)	226333.36
2006	AL	Gas	Processed (Residue) Gas (mcf)	199809.56
2006	AL	Oil	Other Liquid Hydrocarbons (bbl)	18.42
2006	AL	Sulfur	Sulfur (lton)	315.10
2006	AL	Clay	Clay (ton)	66074.00
2006	AL	Oil	Oil (bbl)	77362.28
2006	AL	Coal	Coal (ton)	880.00
2006	AL	Gas	Unprocessed (Wet) Gas (mcf)	500878.34
2006	AL	Oil	Condensate (bbl)	37.32
2006	AL	NGL	Gas Plant Products (gal)	649.40
2006	AL	Gas	Coal Bed Methane (mcf)	142304.32
2006	AL	Gas	Fuel Gas (mcf)	3437.07
2006	AR	Gas	Processed (Residue) Gas (mcf)	4520.80
2006	AR	Oil	Oil (bbl)	27.76
2006	AR	Gas	Unprocessed (Wet) Gas (mcf)	10486385.84
2006	AR	Quartz Crystal	Quartz Crystal (lb)	4133.00
2006	AR	Gas	Coal Bed Methane (mcf)	1698.77
2006	AZ	Salt	Salt (ton)	520.00
2006	CA	Gas	Unprocessed (Wet) Gas (mcf)	2518424.75
2006	CA	Oil	Condensate (bbl)	118827.54
2006	CA	Gas	Processed (Residue) Gas (mcf)	2497054.93
2006	CA	NGL	Gas Plant Products (gal)	2336305.15
2006	CA	Oil	Oil (bbl)	16620202.46
2006	CA	Geothermal	Geothermal - Electrical Generation, Kilowatt Hours (kwh)	1015891685.73
2006	CA	Geothermal	Geothermal - Electrical Generation, Other (mmbtu)	227562.00
2006	CA	Gas	Gas Lost - Flared or Vented (mcf)	52863.87
2006	CA	Geothermal	Geothermal - Electrical Generation, Thousands of Pounds (klb)	53343898.53
2006	CA	Geothermal	Geothermal - Direct Utilization, Millions of BTUs (mmbtu)	238146.66
2006	CA	Anhydrous Sodium Sulfate	Anhydrous Sodium Sulfate (ton)	163278.00
2006	CA	Borax-Decahydrate	Borax-Decahydrate (ton)	7875.00
2006	CA	Borax-Pentahydrate	Borax-Pentahydrate (ton)	8714.00
2006	CA	Boric Acid	Boric Acid (ton)	14549.00
2006	CA	Salt	Salt (ton)	93042.00
2006	CA	Soda Ash	Soda Ash (ton)	845159.00
2006	CA	Sodium Bi-Carbonate	Sodium Bi-Carbonate (ton)	13557.00
2006	CA	Oil	Drip or Scrubber Condensate (bbl)	119.53
2006	CO	Oil	Condensate (bbl)	429300.08
2006	CO	Oil	Oil (bbl)	5013996.90
2006	CO	Gas	Coal Bed Methane (mcf)	7668480.00
2006	CO	Gas	Unprocessed (Wet) Gas (mcf)	152717192.67
2006	CO	NGL	Gas Plant Products (gal)	48165656.02
2006	CO	Coal	Coal (ton)	23141253.00
2006	CO	Gas	Processed (Residue) Gas (mcf)	45172907.36
2006	CO	Carbon Dioxide Gas	Carbon Dioxide Gas (CO2) (mcf)	284822851.41
2006	CO	Gas	Fuel Gas (mcf)	32418.08
2006	CO	Oil	Drip or Scrubber Condensate (bbl)	10277.17
2006	CO	Oil	Inlet Scrubber (bbl)	0.48
2006	CO	Sodium Bi-Carbonate	Sodium Bi-Carbonate (ton)	94958.00
2006	ID	Phosphate Raw Ore	Phosphate Raw Ore (ton)	2420386.00
2006	ID	Gold	Gold (ton)	74.00
2006	IL	Oil	Oil (bbl)	37374.21
2006	IN	Oil	Oil (bbl)	438.62
2006	KS	Gas	Unprocessed (Wet) Gas (mcf)	6684359.46
2006	KS	Gas	Fuel Gas (mcf)	490.88
2006	KS	Gas	Processed (Residue) Gas (mcf)	1449965.78
2006	KS	NGL	Gas Plant Products (gal)	4717242.43
2006	KS	Oil	Drip or Scrubber Condensate (bbl)	27.32
2006	KS	Oil	Oil (bbl)	514314.29
2006	KS	Oil	Condensate (bbl)	263.35
2006	KS	Helium	Helium (bbl)	50.83
2006	KY	Gas	Unprocessed (Wet) Gas (mcf)	277674.79
2006	KY	Oil	Oil (bbl)	11022.14
2006	KY	Coal	Coal (ton)	471832.00
2006	LA	Gas	Unprocessed (Wet) Gas (mcf)	8372106.42
2006	LA	Oil	Oil (bbl)	373313.31
2006	LA	Gas	Processed (Residue) Gas (mcf)	21526746.85
2006	LA	Oil	Condensate (bbl)	77279.57
2006	LA	NGL	Gas Plant Products (gal)	15099720.85
2006	LA	Oil	Drip or Scrubber Condensate (bbl)	84.73
2006	MI	Gas	Processed (Residue) Gas (mcf)	2067896.80
2006	MI	Oil	Oil (bbl)	30014.62
2006	MI	Gas	Unprocessed (Wet) Gas (mcf)	2016233.50
2006	MI	NGL	Gas Plant Products (gal)	1150914.26
2006	MO	Copper	Copper (lb)	-737.99
2006	MO	Copper Concentrate	Copper Concentrate (ton)	19379.00
2006	MO	Lead Concentrate	Lead Concentrate (ton)	221019.01
2006	MO	Zinc Concentrate	Zinc Concentrate (ton)	54205.01
2006	MS	Oil	Oil (bbl)	300361.82
2006	MS	Gas	Unprocessed (Wet) Gas (mcf)	893278.39
2006	MS	Oil	Condensate (bbl)	6554.32
2006	MS	Gas	Processed (Residue) Gas (mcf)	15233.00
2006	MT	Coal	Coal (ton)	24181614.00
2006	MT	Gas	Coal Bed Methane (mcf)	4137573.96
2006	MT	Gas	Processed (Residue) Gas (mcf)	1119119.98
2006	MT	Gas	Unprocessed (Wet) Gas (mcf)	26534599.92
2006	MT	Gas	Fuel Gas (mcf)	6863.80
2006	MT	NGL	Gas Plant Products (gal)	3049377.86
2006	MT	Oil	Oil (bbl)	3894838.96
2006	MT	Sulfur	Sulfur (lton)	1253.89
2006	MT	Oil	Drip or Scrubber Condensate (bbl)	232.16
2006	MT	Oil	Condensate (bbl)	22273.24
2006	ND	Gas	Processed (Residue) Gas (mcf)	1114408.90
2006	ND	Gas	Unprocessed (Wet) Gas (mcf)	9004146.01
2006	ND	NGL	Gas Plant Products (gal)	4538980.96
2006	ND	Oil	Condensate (bbl)	9096.72
2006	ND	Oil	Drip or Scrubber Condensate (bbl)	2683.80
2006	ND	Oil	Oil (bbl)	6959168.37
2006	ND	Gas	Gas Lost - Flared or Vented (mcf)	7060.50
2006	ND	Gas	Nitrogen (mcf)	34381.59
2006	ND	Sulfur	Sulfur (lton)	196.88
2006	ND	Coal	Coal (ton)	3196405.00
2006	ND	Leonardite	Leonardite (ton)	7056.00
2006	NE	Oil	Oil (bbl)	48485.18
2006	NE	Gas	Processed (Residue) Gas (mcf)	1607854.67
2006	NE	Gas	Unprocessed (Wet) Gas (mcf)	40017.33
2006	NM	Gas	Unprocessed (Wet) Gas (mcf)	300795511.58
2006	NM	Oil	Condensate (bbl)	3398885.64
2006	NM	Oil	Oil (bbl)	21111827.32
2006	NM	Gas	Coal Bed Methane (mcf)	275196512.66
2006	NM	Gas	Gas Lost - Flared or Vented (mcf)	61643.39
2006	NM	Gas	Processed (Residue) Gas (mcf)	335201994.29
2006	NM	NGL	Gas Plant Products (gal)	1222796773.29
2006	NM	Oil	Drip or Scrubber Condensate (bbl)	21425.34
2006	NM	Brine Barrels	Brine Barrels (bbl)	178503.00
2006	NM	Langbeinite	Langbeinite (ton)	640846.00
2006	NM	Muriate Of Potash-Granular	Muriate Of Potash-Granular (ton)	336208.00
2006	NM	Muriate Of Potash-Standard	Muriate Of Potash-Standard (ton)	209854.00
2006	NM	Potash	Potash (ton)	479212.00
2006	NM	Salt	Salt (ton)	258132.00
2006	NM	Sylvite-Raw Ore	Sylvite-Raw Ore (ton)	245941.00
2006	NM	Carbon Dioxide Gas	Carbon Dioxide Gas (CO2) (mcf)	8440225.04
2006	NM	Coal	Coal (ton)	5973044.00
2006	NM	Gas	Fuel Gas (mcf)	261426.50
2006	NM	Oil	Inlet Scrubber (bbl)	779.19
2006	NV	Geothermal	Geothermal - Direct Utilization, Hundreds of Gallons (cgal)	85859889.00
2006	NV	Geothermal	Geothermal - Electrical Generation, Kilowatt Hours (kwh)	637929760.80
2006	NV	Potash	Potash (ton)	4729.00
2006	NV	Oil	Oil (bbl)	418335.24
2006	NY	Gas	Unprocessed (Wet) Gas (mcf)	11108.90
2006	OH	Gas	Unprocessed (Wet) Gas (mcf)	614614.39
2006	OH	Oil	Oil (bbl)	31593.09
2006	OH	Gas	Processed (Residue) Gas (mcf)	5521.00
2006	OK	Gas	Unprocessed (Wet) Gas (mcf)	13964041.61
2006	OK	Oil	Condensate (bbl)	29828.71
2006	OK	Oil	Oil (bbl)	102404.16
2006	OK	Gas	Processed (Residue) Gas (mcf)	1319219.94
2006	OK	NGL	Gas Plant Products (gal)	3057974.94
2006	OK	Oil	Drip or Scrubber Condensate (bbl)	1.08
2006	OK	Coal	Coal (ton)	710653.00
2006	OK	Gas	Coal Bed Methane (mcf)	57676.89
2006	OK	Oil	Inlet Scrubber (bbl)	8.94
2006	PA	Gas	Unprocessed (Wet) Gas (mcf)	57156.57
2006	PA	Gas	Processed (Residue) Gas (mcf)	11858.00
2006	PA	Oil	Oil (bbl)	14.97
2006	SD	Oil	Oil (bbl)	192690.64
2006	SD	Gas	Unprocessed (Wet) Gas (mcf)	205765.28
2006	TX	Oil	Oil (bbl)	320855.80
2006	TX	Gas	Processed (Residue) Gas (mcf)	761830.66
2006	TX	Gas	Unprocessed (Wet) Gas (mcf)	22054240.74
2006	TX	Oil	Condensate (bbl)	37535.41
2006	TX	NGL	Gas Plant Products (gal)	384249.57
2006	TX	Oil	Drip or Scrubber Condensate (bbl)	410.54
2006	TX	Gas	Fuel Gas (mcf)	3754.80
2006	UT	Geothermal	Geothermal - Electrical Generation, Thousands of Pounds (klb)	2350934232.59
2006	UT	Coal	Coal (ton)	16951423.00
2006	UT	Gas	Coal Bed Methane (mcf)	13792564.13
2006	UT	Gas	Fuel Gas (mcf)	26039.04
2006	UT	Gas	Processed (Residue) Gas (mcf)	26776827.42
2006	UT	Gas	Unprocessed (Wet) Gas (mcf)	163228272.99
2006	UT	Oil	Oil (bbl)	6448184.27
2006	UT	Oil	Condensate (bbl)	1160022.22
2006	UT	NGL	Gas Plant Products (gal)	38375423.06
2006	UT	Oil	Drip or Scrubber Condensate (bbl)	932.98
2006	UT	Clay	Clay (ton)	21339.00
2006	UT	Magnesium Chloride Brine	Magnesium Chloride Brine (ton)	41852.00
2006	UT	Manure Salts	Manure Salts (ton)	6078.00
2006	UT	Potash	Potash (ton)	15560.00
2006	UT	Salt	Salt (ton)	8100.00
2006	UT	Gilsonite	Gilsonite (ton)	22161.00
2006	VA	Gas	Unprocessed (Wet) Gas (mcf)	485226.19
2006	VA	Limestone	Limestone (ton)	68941.00
2006	WV	Gas	Unprocessed (Wet) Gas (mcf)	1203508.20
2006	WV	Gas	Processed (Residue) Gas (mcf)	3364.00
2006	WV	Oil	Oil (bbl)	537.04
2006	WY	Gas	Fuel Gas (mcf)	34500.91
2006	WY	Oil	Oil (bbl)	27116248.19
2006	WY	Gas	Processed (Residue) Gas (mcf)	371813025.48
2006	WY	Gas	Unprocessed (Wet) Gas (mcf)	658829513.23
2006	WY	NGL	Gas Plant Products (gal)	362912827.86
2006	WY	Oil	Condensate (bbl)	6114429.03
2006	WY	Coal	Coal (ton)	362399442.00
2006	WY	Gas	Coal Bed Methane (mcf)	133866442.12
2006	WY	Oil	Drip or Scrubber Condensate (bbl)	134756.45
2006	WY	Sulfur	Sulfur (lton)	559427.64
2006	WY	Oil	Inlet Scrubber (bbl)	65.65
2006	WY	Salt	Salt (ton)	135300.00
2006	WY	Oil	Other Liquid Hydrocarbons (bbl)	3603.67
2006	WY	Carbon Dioxide Gas	Carbon Dioxide Gas (CO2) (mcf)	50851950.38
2006	WY	Purge Liquor	Purge Liquor (ton)	69814.00
2006	WY	Soda Ash	Soda Ash (ton)	4716416.00
2006	WY	Sodium Bi-Carbonate	Sodium Bi-Carbonate (ton)	19095.00
2006	WY	Sodium Bisulfite	Sodium Bisulfite (ton)	3033.00
2006	WY	Sodium Decahydrate	Sodium Decahydrate (ton)	4858.00
2006	WY	Sodium Sesquicarbonate	Sodium Sesquicarbonate (ton)	43476.00
2006	WY	Sulfide	Sulfide (ton)	30692.00
2006	WY	Trona Ore	Trona Ore (ton)	123744.00
2007	AK	Gas	Processed (Residue) Gas (mcf)	138141.03
2007	AK	Gas	Unprocessed (Wet) Gas (mcf)	24532966.41
2007	AK	NGL	Gas Plant Products (gal)	213341.73
2007	AK	Oil	Oil (bbl)	184132.17
2007	AL	Gas	Processed (Residue) Gas (mcf)	224449.77
2007	AL	Oil	Other Liquid Hydrocarbons (bbl)	22.46
2007	AL	Sulfur	Sulfur (lton)	343.46
2007	AL	Clay	Clay (ton)	38065.00
2007	AL	Oil	Oil (bbl)	63245.39
2007	AL	Coal	Coal (ton)	19652.00
2007	AL	Gas	Unprocessed (Wet) Gas (mcf)	523298.44
2007	AL	NGL	Gas Plant Products (gal)	3714.36
2007	AL	Oil	Condensate (bbl)	0.68
2007	AL	Gas	Coal Bed Methane (mcf)	135603.58
2007	AL	Gas	Fuel Gas (mcf)	5907.59
2007	AR	Gas	Processed (Residue) Gas (mcf)	3899.88
2007	AR	Oil	Oil (bbl)	22.80
2007	AR	Gas	Unprocessed (Wet) Gas (mcf)	9452781.53
2007	AR	Quartz Crystal	Quartz Crystal (lb)	4679.00
2007	AR	Wavellite	Wavellite (spcmn)	1600.00
2007	AR	Gas	Coal Bed Methane (mcf)	30573.08
2007	AZ	Salt	Salt (ton)	47223.00
2007	CA	Gas	Unprocessed (Wet) Gas (mcf)	2580303.09
2007	CA	Oil	Condensate (bbl)	52772.95
2007	CA	Gas	Processed (Residue) Gas (mcf)	2100643.59
2007	CA	NGL	Gas Plant Products (gal)	1400717.57
2007	CA	Oil	Oil (bbl)	17975719.02
2007	CA	Geothermal	Geothermal - Electrical Generation, Kilowatt Hours (kwh)	1092826808.81
2007	CA	Geothermal	Geothermal - Electrical Generation, Other (mmbtu)	207155.08
2007	CA	Gas	Flash Gas (mcf)	131123.00
2007	CA	Gas	Gas Lost - Flared or Vented (mcf)	34417.07
2007	CA	Oil	Drip or Scrubber Condensate (bbl)	12389.19
2007	CA	Geothermal	Geothermal - Electrical Generation, Thousands of Pounds (klb)	50375439.62
2007	CA	Geothermal	Geothermal - Direct Utilization, Millions of BTUs (mmbtu)	217499.73
2007	CA	Anhydrous Sodium Sulfate	Anhydrous Sodium Sulfate (ton)	174483.00
2007	CA	Borax-Decahydrate	Borax-Decahydrate (ton)	8114.00
2007	CA	Borax-Pentahydrate	Borax-Pentahydrate (ton)	9110.00
2007	CA	Boric Acid	Boric Acid (ton)	15305.00
2007	CA	Salt	Salt (ton)	102520.00
2007	CA	Soda Ash	Soda Ash (ton)	792941.00
2007	CA	Sodium Bi-Carbonate	Sodium Bi-Carbonate (ton)	10488.00
2007	CO	Oil	Condensate (bbl)	519916.57
2007	CO	Oil	Oil (bbl)	4177133.91
2007	CO	Gas	Coal Bed Methane (mcf)	28399267.70
2007	CO	Gas	Unprocessed (Wet) Gas (mcf)	128823129.56
2007	CO	NGL	Gas Plant Products (gal)	56953581.38
2007	CO	Coal	Coal (ton)	22084645.00
2007	CO	Gas	Processed (Residue) Gas (mcf)	82204390.16
2007	CO	Carbon Dioxide Gas	Carbon Dioxide Gas (CO2) (mcf)	282607534.43
2007	CO	Gas	Fuel Gas (mcf)	58684.48
2007	CO	Oil	Drip or Scrubber Condensate (bbl)	9336.24
2007	CO	Oil	Inlet Scrubber (bbl)	3758.20
2007	CO	Gas	Gas Lost - Flared or Vented (mcf)	1210.00
2007	CO	Sodium Bi-Carbonate	Sodium Bi-Carbonate (ton)	102617.00
2007	ID	Phosphate Raw Ore	Phosphate Raw Ore (ton)	2262919.00
2007	ID	Gold	Gold (ton)	46.00
2007	IL	Oil	Oil (bbl)	39683.65
2007	IN	Oil	Oil (bbl)	572.82
2007	KS	Gas	Unprocessed (Wet) Gas (mcf)	6147442.95
2007	KS	Gas	Fuel Gas (mcf)	344.26
2007	KS	Gas	Processed (Residue) Gas (mcf)	1420653.88
2007	KS	NGL	Gas Plant Products (gal)	4781587.25
2007	KS	Oil	Drip or Scrubber Condensate (bbl)	22.96
2007	KS	Oil	Oil (bbl)	357421.02
2007	KS	Oil	Condensate (bbl)	290.36
2007	KS	Helium	Helium (bbl)	46.91
2007	KY	Gas	Unprocessed (Wet) Gas (mcf)	301989.73
2007	KY	Oil	Oil (bbl)	13126.60
2007	KY	Coal	Coal (ton)	716170.00
2007	LA	Gas	Unprocessed (Wet) Gas (mcf)	5879980.85
2007	LA	Oil	Oil (bbl)	391046.35
2007	LA	Gas	Processed (Residue) Gas (mcf)	23945997.27
2007	LA	Oil	Condensate (bbl)	61642.09
2007	LA	NGL	Gas Plant Products (gal)	30450654.10
2007	LA	Oil	Drip or Scrubber Condensate (bbl)	99.00
2007	LA	Gas	Fuel Gas (mcf)	0.46
2007	MI	Gas	Processed (Residue) Gas (mcf)	2207573.33
2007	MI	Oil	Oil (bbl)	25350.82
2007	MI	Gas	Unprocessed (Wet) Gas (mcf)	1401590.19
2007	MI	NGL	Gas Plant Products (gal)	954993.99
2007	MI	Oil	Condensate (bbl)	1057.84
2007	MO	Copper Concentrate	Copper Concentrate (ton)	12367.01
2007	MO	Lead Concentrate	Lead Concentrate (ton)	227942.00
2007	MO	Zinc Concentrate	Zinc Concentrate (ton)	48166.00
2007	MS	Oil	Oil (bbl)	297302.63
2007	MS	Gas	Unprocessed (Wet) Gas (mcf)	696727.77
2007	MS	Gas	Processed (Residue) Gas (mcf)	39206.29
2007	MS	Oil	Condensate (bbl)	3853.26
2007	MT	Coal	Coal (ton)	25361558.00
2007	MT	Gas	Coal Bed Methane (mcf)	3957427.40
2007	MT	Gas	Unprocessed (Wet) Gas (mcf)	27340875.53
2007	MT	Gas	Processed (Residue) Gas (mcf)	818571.51
2007	MT	NGL	Gas Plant Products (gal)	3110301.89
2007	MT	Oil	Oil (bbl)	3817381.17
2007	MT	Sulfur	Sulfur (lton)	1468.51
2007	MT	Oil	Drip or Scrubber Condensate (bbl)	12.62
2007	MT	Oil	Condensate (bbl)	14520.55
2007	ND	Gas	Processed (Residue) Gas (mcf)	951944.87
2007	ND	Gas	Unprocessed (Wet) Gas (mcf)	9253674.06
2007	ND	NGL	Gas Plant Products (gal)	4372555.26
2007	ND	Oil	Condensate (bbl)	8770.73
2007	ND	Oil	Drip or Scrubber Condensate (bbl)	1201.51
2007	ND	Oil	Oil (bbl)	7244609.10
2007	ND	Gas	Gas Lost - Flared or Vented (mcf)	6714.66
2007	ND	Gas	Nitrogen (mcf)	25021.36
2007	ND	Coal	Coal (ton)	3533209.00
2007	NE	Oil	Oil (bbl)	66585.83
2007	NE	Gas	Processed (Residue) Gas (mcf)	571698.00
2007	NM	Gas	Unprocessed (Wet) Gas (mcf)	269739370.79
2007	NM	Oil	Oil (bbl)	21808017.46
2007	NM	Gas	Gas Lost - Flared or Vented (mcf)	53114.06
2007	NM	Gas	Processed (Residue) Gas (mcf)	330247519.32
2007	NM	Oil	Condensate (bbl)	3194265.92
2007	NM	Gas	Coal Bed Methane (mcf)	261375759.13
2007	NM	NGL	Gas Plant Products (gal)	1221867570.80
2007	NM	Oil	Drip or Scrubber Condensate (bbl)	16557.97
2007	NM	Langbeinite	Langbeinite (ton)	970900.00
2007	NM	Muriate Of Potash-Granular	Muriate Of Potash-Granular (ton)	437959.00
2007	NM	Muriate Of Potash-Standard	Muriate Of Potash-Standard (ton)	256792.00
2007	NM	Potash	Potash (ton)	440748.00
2007	NM	Salt	Salt (ton)	294292.00
2007	NM	Sylvite-Raw Ore	Sylvite-Raw Ore (ton)	256853.00
2007	NM	Carbon Dioxide Gas	Carbon Dioxide Gas (CO2) (mcf)	8191904.05
2007	NM	Brine Barrels	Brine Barrels (bbl)	19278.00
2007	NM	Coal	Coal (ton)	4959271.00
2007	NM	Gas	Fuel Gas (mcf)	383505.58
2007	NM	Oil	Inlet Scrubber (bbl)	885.42
2007	NV	Geothermal	Geothermal - Direct Utilization, Hundreds of Gallons (cgal)	106272414.00
2007	NV	Geothermal	Geothermal - Electrical Generation, Kilowatt Hours (kwh)	586069014.51
2007	NV	Potash	Potash (ton)	268.00
2007	NV	Oil	Oil (bbl)	404946.26
2007	NY	Gas	Unprocessed (Wet) Gas (mcf)	11101.26
2007	OH	Gas	Unprocessed (Wet) Gas (mcf)	639728.30
2007	OH	Oil	Oil (bbl)	33782.05
2007	OH	Gas	Processed (Residue) Gas (mcf)	3710.00
2007	OK	Gas	Unprocessed (Wet) Gas (mcf)	13772467.28
2007	OK	Oil	Condensate (bbl)	31902.50
2007	OK	Oil	Oil (bbl)	155166.33
2007	OK	Gas	Processed (Residue) Gas (mcf)	1207728.00
2007	OK	NGL	Gas Plant Products (gal)	2715866.33
2007	OK	Gas	Fuel Gas (mcf)	92.00
2007	OK	Oil	Drip or Scrubber Condensate (bbl)	22.30
2007	OK	Coal	Coal (ton)	877832.00
2007	OK	Gas	Coal Bed Methane (mcf)	35520.91
2007	OK	Oil	Inlet Scrubber (bbl)	49.55
2007	PA	Gas	Unprocessed (Wet) Gas (mcf)	52321.86
2007	PA	Gas	Processed (Residue) Gas (mcf)	19797.00
2007	SD	Oil	Oil (bbl)	199913.24
2007	SD	Gas	Unprocessed (Wet) Gas (mcf)	182275.49
2007	TX	Oil	Oil (bbl)	289298.59
2007	TX	Gas	Processed (Residue) Gas (mcf)	1243228.68
2007	TX	Gas	Unprocessed (Wet) Gas (mcf)	25039959.15
2007	TX	Oil	Condensate (bbl)	46876.69
2007	TX	Gas	Flash Gas (mcf)	50.00
2007	TX	NGL	Gas Plant Products (gal)	773083.01
2007	TX	Gas	Fuel Gas (mcf)	3721.96
2007	TX	Oil	Drip or Scrubber Condensate (bbl)	293.92
2007	UT	Geothermal	Geothermal - Electrical Generation, Thousands of Pounds (klb)	2046718554.09
2007	UT	Coal	Coal (ton)	13016214.00
2007	UT	Gas	Coal Bed Methane (mcf)	13313576.90
2007	UT	Gas	Fuel Gas (mcf)	56238.16
2007	UT	Gas	Unprocessed (Wet) Gas (mcf)	166443456.46
2007	UT	NGL	Gas Plant Products (gal)	34772043.99
2007	UT	Oil	Oil (bbl)	6965573.37
2007	UT	Carbon Dioxide Gas	Carbon Dioxide Gas (CO2) (mcf)	132468.86
2007	UT	Oil	Condensate (bbl)	1638788.27
2007	UT	Gas	Processed (Residue) Gas (mcf)	45122537.46
2007	UT	Oil	Drip or Scrubber Condensate (bbl)	736.70
2007	UT	Clay	Clay (ton)	33208.00
2007	UT	Magnesium Chloride Brine	Magnesium Chloride Brine (ton)	39313.00
2007	UT	Manure Salts	Manure Salts (ton)	5745.00
2007	UT	Potash	Potash (ton)	27682.00
2007	UT	Salt	Salt (ton)	8048.00
2007	UT	Gilsonite	Gilsonite (ton)	23342.00
2007	VA	Gas	Unprocessed (Wet) Gas (mcf)	229052.22
2007	VA	Limestone	Limestone (ton)	142098.00
2007	WV	Gas	Unprocessed (Wet) Gas (mcf)	905489.35
2007	WV	Gas	Processed (Residue) Gas (mcf)	3037.00
2007	WY	Gas	Fuel Gas (mcf)	283097.97
2007	WY	Oil	Oil (bbl)	27333867.70
2007	WY	Gas	Processed (Residue) Gas (mcf)	716207650.68
2007	WY	Gas	Unprocessed (Wet) Gas (mcf)	454243511.57
2007	WY	NGL	Gas Plant Products (gal)	550806347.76
2007	WY	Oil	Condensate (bbl)	7222238.94
2007	WY	Coal	Coal (ton)	381543065.00
2007	WY	Gas	Coal Bed Methane (mcf)	232946175.50
2007	WY	Oil	Drip or Scrubber Condensate (bbl)	113690.90
2007	WY	Sulfur	Sulfur (lton)	347742.58
2007	WY	Oil	Inlet Scrubber (bbl)	16405.41
2007	WY	Salt	Salt (ton)	184500.00
2007	WY	Oil	Other Liquid Hydrocarbons (bbl)	4338.88
2007	WY	Carbon Dioxide Gas	Carbon Dioxide Gas (CO2) (mcf)	71392980.47
2007	WY	Purge Liquor	Purge Liquor (ton)	98707.00
2007	WY	Soda Ash	Soda Ash (ton)	5675354.00
2007	WY	Sodium Bi-Carbonate	Sodium Bi-Carbonate (ton)	49045.00
2007	WY	Sodium Bisulfite	Sodium Bisulfite (ton)	1455.00
2007	WY	Sodium Sesquicarbonate	Sodium Sesquicarbonate (ton)	102096.00
2007	WY	Sulfide	Sulfide (ton)	13936.00
2007	WY	Trona Ore	Trona Ore (ton)	74050.00
2007	WY	Gas	Nitrogen (mcf)	9234.31
2008	AK	Gas	Processed (Residue) Gas (mcf)	117641.59
2008	AK	Gas	Unprocessed (Wet) Gas (mcf)	22218464.80
2008	AK	NGL	Gas Plant Products (gal)	227456.03
2008	AK	Oil	Oil (bbl)	156596.74
2008	AL	Gas	Processed (Residue) Gas (mcf)	220502.63
2008	AL	Oil	Other Liquid Hydrocarbons (bbl)	29.29
2008	AL	Sulfur	Sulfur (lton)	330.77
2008	AL	Oil	Oil (bbl)	52051.11
2008	AL	Coal	Coal (ton)	642427.00
2008	AL	Gas	Unprocessed (Wet) Gas (mcf)	428461.73
2008	AL	NGL	Gas Plant Products (gal)	3747.66
2008	AL	Oil	Condensate (bbl)	0.68
2008	AL	Gas	Coal Bed Methane (mcf)	153055.03
2008	AL	Gas	Fuel Gas (mcf)	5201.48
2008	AR	Gas	Unprocessed (Wet) Gas (mcf)	11230141.86
2008	AR	Gas	Processed (Residue) Gas (mcf)	3029.77
2008	AR	Oil	Oil (bbl)	6.47
2008	AR	Wavellite	Wavellite (spcmn)	180.00
2008	AR	Quartz Crystal	Quartz Crystal (lb)	13110.00
2008	AR	Gas	Coal Bed Methane (mcf)	61195.04
2008	AR	Gas	Fuel Gas (mcf)	2940.08
2008	AZ	Salt	Salt (ton)	40095.00
2008	CA	Gas	Unprocessed (Wet) Gas (mcf)	2453968.20
2008	CA	Oil	Condensate (bbl)	19682.37
2008	CA	Oil	Oil (bbl)	14189161.07
2008	CA	Geothermal	Geothermal - Electrical Generation, Kilowatt Hours (kwh)	1070470821.72
2008	CA	Geothermal	Geothermal - Electrical Generation, Other (mmbtu)	237415.56
2008	CA	Gas	Flash Gas (mcf)	152891.23
2008	CA	Gas	Gas Lost - Flared or Vented (mcf)	50703.96
2008	CA	Gas	Processed (Residue) Gas (mcf)	1994796.33
2008	CA	NGL	Gas Plant Products (gal)	2213852.64
2008	CA	Oil	Drip or Scrubber Condensate (bbl)	8357.37
2008	CA	Oil	Fuel Oil (bbl)	15.04
2008	CA	Geothermal	Geothermal - Electrical Generation, Thousands of Pounds (klb)	49867136.34
2008	CA	Geothermal	Geothermal - Direct Utilization, Millions of BTUs (mmbtu)	219089.01
2008	CA	Anhydrous Sodium Sulfate	Anhydrous Sodium Sulfate (ton)	170631.00
2008	CA	Borax-Decahydrate	Borax-Decahydrate (ton)	7714.00
2008	CA	Borax-Pentahydrate	Borax-Pentahydrate (ton)	9738.00
2008	CA	Boric Acid	Boric Acid (ton)	14837.00
2008	CA	Salt	Salt (ton)	113612.00
2008	CA	Soda Ash	Soda Ash (ton)	750892.00
2008	CA	Sodium Bi-Carbonate	Sodium Bi-Carbonate (ton)	10000.00
2008	CO	Oil	Condensate (bbl)	751977.66
2008	CO	Oil	Oil (bbl)	3837385.84
2008	CO	Gas	Coal Bed Methane (mcf)	11078962.13
2008	CO	Gas	Unprocessed (Wet) Gas (mcf)	93657888.73
2008	CO	NGL	Gas Plant Products (gal)	148353372.41
2008	CO	Coal	Coal (ton)	21805197.00
2008	CO	Gas	Processed (Residue) Gas (mcf)	154642195.77
2008	CO	Carbon Dioxide Gas	Carbon Dioxide Gas (CO2) (mcf)	326585689.72
2008	CO	Gas	Fuel Gas (mcf)	51498.68
2008	CO	Oil	Drip or Scrubber Condensate (bbl)	19915.21
2008	CO	Oil	Inlet Scrubber (bbl)	17512.49
2008	CO	Gas	Gas Lost - Flared or Vented (mcf)	695.00
2008	CO	Sodium Bi-Carbonate	Sodium Bi-Carbonate (ton)	102298.00
2008	ID	Phosphate Raw Ore	Phosphate Raw Ore (ton)	2164370.00
2008	ID	Gold	Gold (ton)	7.00
2008	IL	Oil	Oil (bbl)	33676.32
2008	IN	Oil	Oil (bbl)	410.12
2008	KS	Gas	Unprocessed (Wet) Gas (mcf)	5997313.98
2008	KS	Gas	Fuel Gas (mcf)	2067.77
2008	KS	Gas	Processed (Residue) Gas (mcf)	1675959.65
2008	KS	NGL	Gas Plant Products (gal)	4952700.21
2008	KS	Oil	Drip or Scrubber Condensate (bbl)	8.00
2008	KS	Oil	Oil (bbl)	315894.07
2008	KS	Oil	Condensate (bbl)	240.80
2008	KS	Helium	Helium (bbl)	33.53
2008	KY	Gas	Unprocessed (Wet) Gas (mcf)	288961.70
2008	KY	Oil	Oil (bbl)	13296.70
2008	KY	Coal	Coal (ton)	304046.00
2008	KY	Gas	Processed (Residue) Gas (mcf)	589.16
2008	LA	Gas	Unprocessed (Wet) Gas (mcf)	4352213.95
2008	LA	Oil	Oil (bbl)	370620.96
2008	LA	Gas	Processed (Residue) Gas (mcf)	24769890.21
2008	LA	Oil	Condensate (bbl)	67578.70
2008	LA	NGL	Gas Plant Products (gal)	46963269.48
2008	LA	Oil	Drip or Scrubber Condensate (bbl)	99.82
2008	MI	Gas	Processed (Residue) Gas (mcf)	1860529.75
2008	MI	Oil	Oil (bbl)	24905.44
2008	MI	Gas	Unprocessed (Wet) Gas (mcf)	1422464.92
2008	MI	Oil	Condensate (bbl)	9342.94
2008	MI	NGL	Gas Plant Products (gal)	537385.50
2008	MO	Copper Concentrate	Copper Concentrate (ton)	13120.00
2008	MO	Lead Concentrate	Lead Concentrate (ton)	201794.01
2008	MO	Zinc Concentrate	Zinc Concentrate (ton)	49732.00
2008	MS	Oil	Oil (bbl)	237777.99
2008	MS	Gas	Unprocessed (Wet) Gas (mcf)	647006.81
2008	MS	Oil	Condensate (bbl)	3676.29
2008	MT	Coal	Coal (ton)	26042340.00
2008	MT	Gas	Coal Bed Methane (mcf)	4650178.00
2008	MT	Gas	Unprocessed (Wet) Gas (mcf)	26392021.97
2008	MT	Gas	Processed (Residue) Gas (mcf)	467020.81
2008	MT	NGL	Gas Plant Products (gal)	3079147.03
2008	MT	Oil	Oil (bbl)	3695957.18
2008	MT	Sulfur	Sulfur (lton)	1103.10
2008	MT	Gas	Gas Lost - Flared or Vented (mcf)	128.38
2008	MT	Oil	Condensate (bbl)	2022.30
2008	ND	Gas	Processed (Residue) Gas (mcf)	1258372.81
2008	ND	Gas	Unprocessed (Wet) Gas (mcf)	7616867.03
2008	ND	NGL	Gas Plant Products (gal)	7818538.81
2008	ND	Oil	Condensate (bbl)	7850.11
2008	ND	Oil	Drip or Scrubber Condensate (bbl)	673.65
2008	ND	Oil	Oil (bbl)	7323564.91
2008	ND	Gas	Gas Lost - Flared or Vented (mcf)	6397.50
2008	ND	Gas	Fuel Gas (mcf)	9311.88
2008	ND	Gas	Nitrogen (mcf)	26396.26
2008	ND	Coal	Coal (ton)	3054365.00
2008	ND	Leonardite	Leonardite (ton)	2232.00
2008	NE	Oil	Oil (bbl)	53066.60
2008	NE	Gas	Processed (Residue) Gas (mcf)	17433.51
2008	NE	NGL	Gas Plant Products (gal)	112620.53
2008	NM	Gas	Unprocessed (Wet) Gas (mcf)	254894258.56
2008	NM	Oil	Oil (bbl)	22674210.21
2008	NM	Gas	Processed (Residue) Gas (mcf)	334548918.56
2008	NM	NGL	Gas Plant Products (gal)	1178385492.69
2008	NM	Oil	Condensate (bbl)	2965695.37
2008	NM	Gas	Coal Bed Methane (mcf)	231751516.12
2008	NM	Gas	Fuel Gas (mcf)	1408331.58
2008	NM	Gas	Gas Lost - Flared or Vented (mcf)	100665.58
2008	NM	Oil	Drip or Scrubber Condensate (bbl)	9533.26
2008	NM	Langbeinite	Langbeinite (ton)	988815.00
2008	NM	Muriate Of Potash-Granular	Muriate Of Potash-Granular (ton)	336757.00
2008	NM	Muriate Of Potash-Standard	Muriate Of Potash-Standard (ton)	153956.00
2008	NM	Potash	Potash (ton)	268500.00
2008	NM	Salt	Salt (ton)	314483.00
2008	NM	Sulfur	Sulfur (lton)	1874.51
2008	NM	Sylvite-Raw Ore	Sylvite-Raw Ore (ton)	536036.00
2008	NM	Carbon Dioxide Gas	Carbon Dioxide Gas (CO2) (mcf)	8086967.86
2008	NM	Brine Barrels	Brine Barrels (bbl)	59146.00
2008	NM	Oil	Inlet Scrubber (bbl)	2868.99
2008	NM	Coal	Coal (ton)	3831909.00
2008	NV	Geothermal	Geothermal - Direct Utilization, Hundreds of Gallons (cgal)	123838519.00
2008	NV	Geothermal	Geothermal - Electrical Generation, Kilowatt Hours (kwh)	569422744.52
2008	NV	Oil	Oil (bbl)	431613.53
2008	NY	Gas	Unprocessed (Wet) Gas (mcf)	9200.03
2008	OH	Gas	Unprocessed (Wet) Gas (mcf)	598492.58
2008	OH	Oil	Oil (bbl)	31385.11
2008	OH	Gas	Processed (Residue) Gas (mcf)	717.00
2008	OK	Gas	Unprocessed (Wet) Gas (mcf)	14702954.79
2008	OK	Oil	Condensate (bbl)	24320.48
2008	OK	Oil	Oil (bbl)	178236.86
2008	OK	Gas	Processed (Residue) Gas (mcf)	1423754.40
2008	OK	NGL	Gas Plant Products (gal)	2595046.89
2008	OK	Oil	Drip or Scrubber Condensate (bbl)	17.20
2008	OK	Coal	Coal (ton)	678083.00
2008	OK	Gas	Coal Bed Methane (mcf)	27896.52
2008	OK	Oil	Inlet Scrubber (bbl)	177.36
2008	PA	Gas	Unprocessed (Wet) Gas (mcf)	43037.89
2008	PA	Gas	Processed (Residue) Gas (mcf)	14632.00
2008	PA	Oil	Oil (bbl)	10.90
2008	SD	Oil	Oil (bbl)	192372.61
2008	SD	Gas	Unprocessed (Wet) Gas (mcf)	305731.17
2008	TX	Oil	Oil (bbl)	273386.56
2008	TX	Gas	Processed (Residue) Gas (mcf)	884504.92
2008	TX	Gas	Unprocessed (Wet) Gas (mcf)	23207230.51
2008	TX	Oil	Condensate (bbl)	46480.90
2008	TX	NGL	Gas Plant Products (gal)	736401.98
2008	TX	Gas	Fuel Gas (mcf)	5120.90
2008	TX	Oil	Drip or Scrubber Condensate (bbl)	195.81
2008	UT	Geothermal	Geothermal - Electrical Generation, Thousands of Pounds (klb)	2468886992.11
2008	UT	Coal	Coal (ton)	14450739.00
2008	UT	Gas	Coal Bed Methane (mcf)	12455345.45
2008	UT	Gas	Fuel Gas (mcf)	67703.44
2008	UT	Gas	Processed (Residue) Gas (mcf)	183661276.16
2008	UT	Gas	Unprocessed (Wet) Gas (mcf)	76468534.63
2008	UT	NGL	Gas Plant Products (gal)	69995828.00
2008	UT	Oil	Oil (bbl)	7931835.02
2008	UT	Carbon Dioxide Gas	Carbon Dioxide Gas (CO2) (mcf)	1337740.91
2008	UT	Oil	Condensate (bbl)	2387246.70
2008	UT	Oil	Drip or Scrubber Condensate (bbl)	2851.86
2008	UT	Clay	Clay (ton)	25139.00
2008	UT	Magnesium Chloride Brine	Magnesium Chloride Brine (ton)	55234.00
2008	UT	Manure Salts	Manure Salts (ton)	3159.00
2008	UT	Potash	Potash (ton)	24232.00
2008	UT	Salt	Salt (ton)	11589.00
2008	UT	Gilsonite	Gilsonite (ton)	27682.00
2008	VA	Gas	Unprocessed (Wet) Gas (mcf)	218949.97
2008	VA	Limestone	Limestone (ton)	186255.00
2008	WV	Gas	Unprocessed (Wet) Gas (mcf)	936050.05
2008	WV	Gas	Processed (Residue) Gas (mcf)	2773.00
2008	WY	Gas	Fuel Gas (mcf)	397288.18
2008	WY	Oil	Oil (bbl)	26550199.64
2008	WY	Gas	Processed (Residue) Gas (mcf)	977109148.83
2008	WY	Gas	Unprocessed (Wet) Gas (mcf)	259547053.31
2008	WY	NGL	Gas Plant Products (gal)	626234059.45
2008	WY	Oil	Condensate (bbl)	7514727.31
2008	WY	Coal	Coal (ton)	417719649.00
2008	WY	Gas	Coal Bed Methane (mcf)	331902663.54
2008	WY	Oil	Drip or Scrubber Condensate (bbl)	100976.73
2008	WY	Oil	Inlet Scrubber (bbl)	5575.10
2008	WY	Sulfur	Sulfur (lton)	380666.44
2008	WY	Salt	Salt (ton)	127100.00
2008	WY	Oil	Other Liquid Hydrocarbons (bbl)	6737.87
2008	WY	Carbon Dioxide Gas	Carbon Dioxide Gas (CO2) (mcf)	73764973.81
2008	WY	Purge Liquor	Purge Liquor (ton)	116333.00
2008	WY	Soda Ash	Soda Ash (ton)	7101305.00
2008	WY	Sodium Bi-Carbonate	Sodium Bi-Carbonate (ton)	38213.00
2008	WY	Sodium Bisulfite	Sodium Bisulfite (ton)	2242.00
2008	WY	Sodium Sesquicarbonate	Sodium Sesquicarbonate (ton)	82430.00
2008	WY	Sulfide	Sulfide (ton)	24850.00
2008	WY	Trona Ore	Trona Ore (ton)	137476.00
2009	AK	Gas	Processed (Residue) Gas (mcf)	97052.36
2009	AK	Gas	Unprocessed (Wet) Gas (mcf)	20004795.06
2009	AK	NGL	Gas Plant Products (gal)	6408.00
2009	AK	Oil	Oil (bbl)	138974.52
2009	AL	Gas	Processed (Residue) Gas (mcf)	211068.61
2009	AL	Oil	Other Liquid Hydrocarbons (bbl)	20.78
2009	AL	Sulfur	Sulfur (lton)	55.33
2009	AL	Oil	Oil (bbl)	35138.31
2009	AL	Coal	Coal (ton)	1583435.00
2009	AL	Gas	Unprocessed (Wet) Gas (mcf)	373189.46
2009	AL	NGL	Gas Plant Products (gal)	2952.52
2009	AL	Oil	Condensate (bbl)	0.60
2009	AL	Gas	Coal Bed Methane (mcf)	147697.06
2009	AL	Gas	Fuel Gas (mcf)	4579.00
2009	AR	Gas	Unprocessed (Wet) Gas (mcf)	16086456.45
2009	AR	Gas	Processed (Residue) Gas (mcf)	2348.44
2009	AR	Oil	Oil (bbl)	5.36
2009	AR	Wavellite	Wavellite (spcmn)	843.00
2009	AR	Quartz Crystal	Quartz Crystal (lb)	2086.00
2009	AR	Gas	Coal Bed Methane (mcf)	93610.94
2009	AR	Gas	Fuel Gas (mcf)	8580.50
2009	AZ	Salt	Salt (ton)	949.00
2009	CA	Gas	Unprocessed (Wet) Gas (mcf)	2427026.85
2009	CA	Oil	Condensate (bbl)	21788.56
2009	CA	Oil	Oil (bbl)	14006312.63
2009	CA	Geothermal	Geothermal - Electrical Generation, Kilowatt Hours (kwh)	1088756553.23
2009	CA	Geothermal	Geothermal - Electrical Generation, Other (mmbtu)	233953.69
2009	CA	Gas	Flash Gas (mcf)	214145.31
2009	CA	Gas	Gas Lost - Flared or Vented (mcf)	77713.71
2009	CA	Gas	Processed (Residue) Gas (mcf)	2439956.35
2009	CA	NGL	Gas Plant Products (gal)	2089262.69
2009	CA	Oil	Drip or Scrubber Condensate (bbl)	28211.96
2009	CA	Geothermal	Geothermal - Electrical Generation, Thousands of Pounds (klb)	48517752.31
2009	CA	Geothermal	Geothermal - Direct Utilization, Millions of BTUs (mmbtu)	179170.56
2009	CA	Anhydrous Sodium Sulfate	Anhydrous Sodium Sulfate (ton)	141342.00
2009	CA	Borax-Decahydrate	Borax-Decahydrate (ton)	5584.00
2009	CA	Borax-Pentahydrate	Borax-Pentahydrate (ton)	11110.00
2009	CA	Boric Acid	Boric Acid (ton)	14292.00
2009	CA	Salt	Salt (ton)	117608.00
2009	CA	Soda Ash	Soda Ash (ton)	618525.00
2009	CA	Sodium Bi-Carbonate	Sodium Bi-Carbonate (ton)	8831.00
2009	CO	Oil	Condensate (bbl)	754699.18
2009	CO	Oil	Oil (bbl)	3598600.06
2009	CO	Gas	Coal Bed Methane (mcf)	11987775.80
2009	CO	Gas	Unprocessed (Wet) Gas (mcf)	76183231.81
2009	CO	Gas	Processed (Residue) Gas (mcf)	177540058.28
2009	CO	NGL	Gas Plant Products (gal)	231510970.07
2009	CO	Coal	Coal (ton)	17660159.00
2009	CO	Carbon Dioxide Gas	Carbon Dioxide Gas (CO2) (mcf)	360470014.67
2009	CO	Gas	Fuel Gas (mcf)	113801.42
2009	CO	Oil	Drip or Scrubber Condensate (bbl)	48695.64
2009	CO	Oil	Inlet Scrubber (bbl)	4655.75
2009	CO	Sodium Bi-Carbonate	Sodium Bi-Carbonate (ton)	95625.00
2009	ID	Phosphate Raw Ore	Phosphate Raw Ore (ton)	2471028.00
2009	IL	Oil	Oil (bbl)	32862.97
2009	IN	Oil	Oil (bbl)	1461.33
2009	KS	Gas	Unprocessed (Wet) Gas (mcf)	3821812.25
2009	KS	Gas	Fuel Gas (mcf)	74222.73
2009	KS	Gas	Processed (Residue) Gas (mcf)	3211603.69
2009	KS	NGL	Gas Plant Products (gal)	6572112.44
2009	KS	Oil	Drip or Scrubber Condensate (bbl)	10.59
2009	KS	Oil	Oil (bbl)	267666.93
2009	KS	Oil	Condensate (bbl)	332.16
2009	KS	Helium	Helium (bbl)	4.49
2009	KY	Gas	Processed (Residue) Gas (mcf)	12755.62
2009	KY	Gas	Unprocessed (Wet) Gas (mcf)	252201.63
2009	KY	NGL	Gas Plant Products (gal)	43932.13
2009	KY	Oil	Oil (bbl)	13118.48
2009	KY	Coal	Coal (ton)	190911.00
2009	LA	Gas	Unprocessed (Wet) Gas (mcf)	1533461.90
2009	LA	Oil	Oil (bbl)	306114.54
2009	LA	Gas	Processed (Residue) Gas (mcf)	19687121.46
2009	LA	Oil	Condensate (bbl)	65761.46
2009	LA	NGL	Gas Plant Products (gal)	15136753.71
2009	LA	Oil	Drip or Scrubber Condensate (bbl)	46.14
2009	MI	Gas	Processed (Residue) Gas (mcf)	1693287.05
2009	MI	Oil	Oil (bbl)	21738.32
2009	MI	Gas	Unprocessed (Wet) Gas (mcf)	827468.92
2009	MI	Oil	Condensate (bbl)	8857.48
2009	MI	NGL	Gas Plant Products (gal)	762880.72
2009	MO	Copper Concentrate	Copper Concentrate (ton)	10286.00
2009	MO	Lead Concentrate	Lead Concentrate (ton)	201974.00
2009	MO	Zinc Concentrate	Zinc Concentrate (ton)	53751.99
2009	MS	Oil	Oil (bbl)	225652.48
2009	MS	Gas	Unprocessed (Wet) Gas (mcf)	782673.74
2009	MS	Oil	Condensate (bbl)	20200.62
2009	MT	Coal	Coal (ton)	23598231.00
2009	MT	Gas	Coal Bed Methane (mcf)	4927908.85
2009	MT	Gas	Processed (Residue) Gas (mcf)	330350.79
2009	MT	Gas	Unprocessed (Wet) Gas (mcf)	23365219.58
2009	MT	NGL	Gas Plant Products (gal)	2843668.88
2009	MT	Oil	Oil (bbl)	3328004.74
2009	MT	Gas	Gas Lost - Flared or Vented (mcf)	206.39
2009	MT	Oil	Condensate (bbl)	2324.00
2009	ND	Gas	Processed (Residue) Gas (mcf)	1121515.97
2009	ND	Gas	Unprocessed (Wet) Gas (mcf)	7226677.83
2009	ND	NGL	Gas Plant Products (gal)	7636564.93
2009	ND	Oil	Condensate (bbl)	4413.22
2009	ND	Oil	Oil (bbl)	7485515.88
2009	ND	Gas	Gas Lost - Flared or Vented (mcf)	4803.50
2009	ND	Gas	Nitrogen (mcf)	30159.95
2009	ND	Oil	Drip or Scrubber Condensate (bbl)	520.48
2009	ND	Coal	Coal (ton)	551685.00
2009	ND	Leonardite	Leonardite (ton)	6060.00
2009	NE	Oil	Oil (bbl)	39144.47
2009	NE	Gas	Processed (Residue) Gas (mcf)	6102.07
2009	NM	Gas	Unprocessed (Wet) Gas (mcf)	230805688.59
2009	NM	Oil	Oil (bbl)	25703273.52
2009	NM	Gas	Processed (Residue) Gas (mcf)	332474312.80
2009	NM	NGL	Gas Plant Products (gal)	1202966109.07
2009	NM	Oil	Condensate (bbl)	2800003.63
2009	NM	Gas	Coal Bed Methane (mcf)	223886287.18
2009	NM	Gas	Fuel Gas (mcf)	880402.65
2009	NM	Gas	Gas Lost - Flared or Vented (mcf)	117553.36
2009	NM	Oil	Drip or Scrubber Condensate (bbl)	10246.96
2009	NM	Carbon Dioxide Gas	Carbon Dioxide Gas (CO2) (mcf)	9985458.97
2009	NM	Langbeinite	Langbeinite (ton)	564245.00
2009	NM	Muriate Of Potash-Granular	Muriate Of Potash-Granular (ton)	219903.00
2009	NM	Muriate Of Potash-Standard	Muriate Of Potash-Standard (ton)	95146.00
2009	NM	Potash	Potash (ton)	278645.00
2009	NM	Salt	Salt (ton)	372956.00
2009	NM	Sylvite-Raw Ore	Sylvite-Raw Ore (ton)	352609.00
2009	NM	Oil	Inlet Scrubber (bbl)	2504.52
2009	NM	Coal	Coal (ton)	3368181.00
2009	NV	Geothermal	Geothermal - Direct Utilization, Hundreds of Gallons (cgal)	198988743.00
2009	NV	Geothermal	Geothermal - Electrical Generation, Kilowatt Hours (kwh)	726844239.12
2009	NV	Oil	Oil (bbl)	453801.31
2009	NY	Gas	Unprocessed (Wet) Gas (mcf)	11699.82
2009	OH	Coal	Coal (ton)	771.00
2009	OH	Gas	Unprocessed (Wet) Gas (mcf)	552871.22
2009	OH	Oil	Oil (bbl)	31121.19
2009	OK	Gas	Unprocessed (Wet) Gas (mcf)	14954123.32
2009	OK	Oil	Condensate (bbl)	22104.09
2009	OK	Oil	Oil (bbl)	189617.70
2009	OK	Gas	Processed (Residue) Gas (mcf)	1089781.70
2009	OK	NGL	Gas Plant Products (gal)	2475984.60
2009	OK	Oil	Drip or Scrubber Condensate (bbl)	16.87
2009	OK	Oil	Other Liquid Hydrocarbons (bbl)	0.23
2009	OK	Coal	Coal (ton)	596636.00
2009	OK	Gas	Coal Bed Methane (mcf)	2537.74
2009	OK	Oil	Inlet Scrubber (bbl)	103.08
2009	PA	Gas	Unprocessed (Wet) Gas (mcf)	41488.58
2009	PA	Gas	Processed (Residue) Gas (mcf)	63570.00
2009	PA	Oil	Oil (bbl)	6086.44
2009	SC	Gold Placer	Gold Placer (oz)	33.00
2009	SD	Oil	Oil (bbl)	176029.03
2009	SD	Gas	Unprocessed (Wet) Gas (mcf)	387405.33
2009	TX	Oil	Oil (bbl)	282103.90
2009	TX	Gas	Processed (Residue) Gas (mcf)	828727.06
2009	TX	Gas	Unprocessed (Wet) Gas (mcf)	22064017.45
2009	TX	Oil	Condensate (bbl)	50066.48
2009	TX	NGL	Gas Plant Products (gal)	802996.57
2009	TX	Gas	Fuel Gas (mcf)	779.04
2009	UT	Geothermal	Geothermal - Electrical Generation, Thousands of Pounds (klb)	2827213957.69
2009	UT	Coal	Coal (ton)	10021701.01
2009	UT	Gas	Coal Bed Methane (mcf)	14916135.43
2009	UT	Gas	Fuel Gas (mcf)	30727.28
2009	UT	Gas	Processed (Residue) Gas (mcf)	233773554.32
2009	UT	Gas	Unprocessed (Wet) Gas (mcf)	31094824.69
2009	UT	NGL	Gas Plant Products (gal)	166436872.02
2009	UT	Oil	Oil (bbl)	9253391.92
2009	UT	Carbon Dioxide Gas	Carbon Dioxide Gas (CO2) (mcf)	1018462.46
2009	UT	Oil	Condensate (bbl)	2211198.27
2009	UT	Oil	Drip or Scrubber Condensate (bbl)	3098.01
2009	UT	Clay	Clay (ton)	7021.00
2009	UT	Magnesium Chloride Brine	Magnesium Chloride Brine (ton)	55478.00
2009	UT	Manure Salts	Manure Salts (ton)	398.00
2009	UT	Potash	Potash (ton)	13429.00
2009	UT	Salt	Salt (ton)	19733.00
2009	UT	Gilsonite	Gilsonite (ton)	16475.00
2009	VA	Gas	Unprocessed (Wet) Gas (mcf)	206411.74
2009	VA	Limestone	Limestone (ton)	182694.00
2009	VA	Gas	Processed (Residue) Gas (mcf)	19.00
2009	WV	Gas	Unprocessed (Wet) Gas (mcf)	824255.39
2009	WV	Gas	Processed (Residue) Gas (mcf)	2208.00
2009	WY	Gas	Fuel Gas (mcf)	43354.54
2009	WY	Oil	Oil (bbl)	25987549.21
2009	WY	Gas	Processed (Residue) Gas (mcf)	927696524.24
2009	WY	Gas	Unprocessed (Wet) Gas (mcf)	378350745.61
2009	WY	NGL	Gas Plant Products (gal)	560584554.94
2009	WY	Oil	Condensate (bbl)	7344867.87
2009	WY	Coal	Coal (ton)	390748497.00
2009	WY	Gas	Coal Bed Methane (mcf)	360698746.07
2009	WY	Oil	Drip or Scrubber Condensate (bbl)	80629.81
2009	WY	Oil	Inlet Scrubber (bbl)	5097.96
2009	WY	Sulfur	Sulfur (lton)	303300.66
2009	WY	Salt	Salt (ton)	143500.00
2009	WY	Oil	Other Liquid Hydrocarbons (bbl)	8500.42
2009	WY	Carbon Dioxide Gas	Carbon Dioxide Gas (CO2) (mcf)	78285523.29
2009	WY	Purge Liquor	Purge Liquor (ton)	118021.00
2009	WY	Soda Ash	Soda Ash (ton)	5570260.00
2009	WY	Sodium Bi-Carbonate	Sodium Bi-Carbonate (ton)	29729.00
2009	WY	Sodium Bisulfite	Sodium Bisulfite (ton)	931.00
2009	WY	Sodium Sesquicarbonate	Sodium Sesquicarbonate (ton)	60314.00
2009	WY	Sulfide	Sulfide (ton)	31532.00
2009	WY	Trona Ore	Trona Ore (ton)	136118.00
2010	AK	Gas	Unprocessed (Wet) Gas (mcf)	18094497.83
2010	AK	NGL	Gas Plant Products (gal)	3984.00
2010	AK	Oil	Oil (bbl)	160911.26
2010	AL	Gas	Processed (Residue) Gas (mcf)	179583.85
2010	AL	NGL	Gas Plant Products (gal)	4308.83
2010	AL	Oil	Other Liquid Hydrocarbons (bbl)	69.44
2010	AL	Sulfur	Sulfur (lton)	210.92
2010	AL	Oil	Oil (bbl)	33011.79
2010	AL	Coal	Coal (ton)	2265423.00
2010	AL	Gas	Unprocessed (Wet) Gas (mcf)	279398.94
2010	AL	Oil	Condensate (bbl)	0.72
2010	AL	Gas	Coal Bed Methane (mcf)	226947.60
2010	AL	Gas	Fuel Gas (mcf)	8142.49
2010	AR	Gas	Unprocessed (Wet) Gas (mcf)	17441996.71
2010	AR	Gas	Processed (Residue) Gas (mcf)	1999.92
2010	AR	Oil	Oil (bbl)	2.24
2010	AR	Wavellite	Wavellite (spcmn)	87.00
2010	AR	Gas	Fuel Gas (mcf)	14404.06
2010	AR	Quartz Crystal	Quartz Crystal (lb)	1505.00
2010	AR	Gas	Coal Bed Methane (mcf)	60460.84
2010	AZ	Salt	Salt (ton)	301.00
2010	CA	Gas	Unprocessed (Wet) Gas (mcf)	3431997.81
2010	CA	Gas	Processed (Residue) Gas (mcf)	2665627.73
2010	CA	Oil	Oil (bbl)	13921859.35
2010	CA	Geothermal	Geothermal - Electrical Generation, Kilowatt Hours (kwh)	1003412405.40
2010	CA	Geothermal	Geothermal - Electrical Generation, Other (mmbtu)	223938.12
2010	CA	Geothermal	Geothermal - sulfur (lton)	4669.79
2010	CA	Gas	Flash Gas (mcf)	74826.55
2010	CA	Gas	Fuel Gas (mcf)	2160.00
2010	CA	Gas	Gas Lost - Flared or Vented (mcf)	52980.27
2010	CA	NGL	Gas Plant Products (gal)	1160643.67
2010	CA	Oil	Condensate (bbl)	24728.17
2010	CA	Oil	Drip or Scrubber Condensate (bbl)	12256.04
2010	CA	Oil	Fuel Oil (bbl)	6.72
2010	CA	Geothermal	Geothermal - Electrical Generation, Thousands of Pounds (klb)	48523236.70
2010	CA	Geothermal	Geothermal - Direct Utilization, Millions of BTUs (mmbtu)	224486.30
2010	CA	Anhydrous Sodium Sulfate	Anhydrous Sodium Sulfate (ton)	176158.00
2010	CA	Borax-Decahydrate	Borax-Decahydrate (ton)	30848.00
2010	CA	Borax-Pentahydrate	Borax-Pentahydrate (ton)	56462.00
2010	CA	Boric Acid	Boric Acid (ton)	24652.00
2010	CA	Salt	Salt (ton)	107348.00
2010	CA	Soda Ash	Soda Ash (ton)	725488.00
2010	CA	Sodium Bi-Carbonate	Sodium Bi-Carbonate (ton)	12234.00
2010	CO	Oil	Condensate (bbl)	838419.08
2010	CO	Oil	Oil (bbl)	3274941.63
2010	CO	Gas	Coal Bed Methane (mcf)	12723313.45
2010	CO	Gas	Unprocessed (Wet) Gas (mcf)	60608839.95
2010	CO	Gas	Processed (Residue) Gas (mcf)	207361702.29
2010	CO	NGL	Gas Plant Products (gal)	321573308.83
2010	CO	Helium	Helium (bbl)	98.80
2010	CO	Coal	Coal (ton)	18665549.00
2010	CO	Carbon Dioxide Gas	Carbon Dioxide Gas (CO2) (mcf)	361306255.07
2010	CO	Gas	Fuel Gas (mcf)	108501.75
2010	CO	Oil	Drip or Scrubber Condensate (bbl)	60349.71
2010	CO	Oil	Inlet Scrubber (bbl)	15374.29
2010	CO	Sodium Bi-Carbonate	Sodium Bi-Carbonate (ton)	123850.00
2010	FL	Phosphate Raw Ore	Phosphate Raw Ore (ton)	59628.00
2010	ID	Phosphate Raw Ore	Phosphate Raw Ore (ton)	3915477.00
2010	ID	Gold	Gold (ton)	7.00
2010	IL	Oil	Oil (bbl)	31326.02
2010	IN	Oil	Oil (bbl)	4407.67
2010	KS	Gas	Unprocessed (Wet) Gas (mcf)	3383804.74
2010	KS	Gas	Fuel Gas (mcf)	60983.65
2010	KS	Gas	Nitrogen (mcf)	1076.01
2010	KS	Gas	Processed (Residue) Gas (mcf)	3059651.47
2010	KS	NGL	Gas Plant Products (gal)	8142116.55
2010	KS	Oil	Drip or Scrubber Condensate (bbl)	28.42
2010	KS	Oil	Oil (bbl)	251688.39
2010	KS	Oil	Condensate (bbl)	273.80
2010	KS	Oil	Other Liquid Hydrocarbons (bbl)	0.65
2010	KS	Helium	Helium (bbl)	10.26
2010	KY	Gas	Processed (Residue) Gas (mcf)	17886.19
2010	KY	Gas	Unprocessed (Wet) Gas (mcf)	200088.17
2010	KY	NGL	Gas Plant Products (gal)	47292.40
2010	KY	Oil	Oil (bbl)	13333.83
2010	KY	Coal	Coal (ton)	16305.00
2010	LA	Gas	Processed (Residue) Gas (mcf)	11640864.56
2010	LA	Gas	Unprocessed (Wet) Gas (mcf)	4632628.53
2010	LA	Oil	Oil (bbl)	304441.16
2010	LA	Oil	Condensate (bbl)	61926.38
2010	LA	NGL	Gas Plant Products (gal)	5938823.49
2010	LA	Oil	Drip or Scrubber Condensate (bbl)	38.14
2010	LA	Oil	Inlet Scrubber (bbl)	0.01
2010	MI	Gas	Processed (Residue) Gas (mcf)	1461269.41
2010	MI	Oil	Oil (bbl)	50133.70
2010	MI	Gas	Unprocessed (Wet) Gas (mcf)	715340.04
2010	MI	Oil	Condensate (bbl)	7655.80
2010	MI	Oil	Other Liquid Hydrocarbons (bbl)	10.02
2010	MI	NGL	Gas Plant Products (gal)	696471.93
2010	MO	Copper Concentrate	Copper Concentrate (ton)	7551.99
2010	MO	Lead Concentrate	Lead Concentrate (ton)	179484.01
2010	MO	Zinc Concentrate	Zinc Concentrate (ton)	43438.00
2010	MS	Oil	Oil (bbl)	226454.31
2010	MS	Gas	Unprocessed (Wet) Gas (mcf)	807953.69
2010	MS	Oil	Condensate (bbl)	40105.90
2010	MT	Coal	Coal (ton)	25385797.00
2010	MT	Gas	Coal Bed Methane (mcf)	4042714.91
2010	MT	Gas	Processed (Residue) Gas (mcf)	175709.75
2010	MT	Gas	Unprocessed (Wet) Gas (mcf)	20800047.25
2010	MT	Oil	Oil (bbl)	3038838.76
2010	MT	NGL	Gas Plant Products (gal)	2616323.92
2010	MT	Sulfur	Sulfur (lton)	918.08
2010	MT	Oil	Condensate (bbl)	744.00
2010	ND	Gas	Processed (Residue) Gas (mcf)	1438920.50
2010	ND	Gas	Unprocessed (Wet) Gas (mcf)	7268867.54
2010	ND	NGL	Gas Plant Products (gal)	7919824.26
2010	ND	Oil	Condensate (bbl)	950.98
2010	ND	Oil	Oil (bbl)	9443221.06
2010	ND	Gas	Gas Lost - Flared or Vented (mcf)	2778.50
2010	ND	Gas	Nitrogen (mcf)	30924.83
2010	ND	Oil	Drip or Scrubber Condensate (bbl)	2709.21
2010	ND	Coal	Coal (ton)	369609.00
2010	ND	Gas	Fuel Gas (mcf)	2201.92
2010	ND	Leonardite	Leonardite (ton)	8100.00
2010	NE	Oil	Oil (bbl)	37364.98
2010	NM	Gas	Unprocessed (Wet) Gas (mcf)	209636454.42
2010	NM	Oil	Oil (bbl)	28906689.17
2010	NM	Gas	Processed (Residue) Gas (mcf)	326139116.21
2010	NM	NGL	Gas Plant Products (gal)	1213743360.58
2010	NM	Oil	Condensate (bbl)	2713461.14
2010	NM	Gas	Coal Bed Methane (mcf)	198905165.83
2010	NM	Gas	Fuel Gas (mcf)	758170.23
2010	NM	Gas	Gas Lost - Flared or Vented (mcf)	75180.59
2010	NM	Oil	Drip or Scrubber Condensate (bbl)	23263.21
2010	NM	Langbeinite	Langbeinite (ton)	877864.00
2010	NM	Muriate Of Potash-Granular	Muriate Of Potash-Granular (ton)	444951.00
2010	NM	Muriate Of Potash-Standard	Muriate Of Potash-Standard (ton)	121472.00
2010	NM	Potash	Potash (ton)	315075.00
2010	NM	Salt	Salt (ton)	434018.00
2010	NM	Sylvite-Raw Ore	Sylvite-Raw Ore (ton)	434538.00
2010	NM	Carbon Dioxide Gas	Carbon Dioxide Gas (CO2) (mcf)	11017181.58
2010	NM	Brine Barrels	Brine Barrels (bbl)	1370.00
2010	NM	Oil	Inlet Scrubber (bbl)	2608.31
2010	NM	Coal	Coal (ton)	2438646.00
2010	NV	Geothermal	Geothermal - Direct Utilization, Hundreds of Gallons (cgal)	163346106.00
2010	NV	Geothermal	Geothermal - Electrical Generation, Kilowatt Hours (kwh)	1011705802.12
2010	NV	Oil	Oil (bbl)	428586.49
2010	NY	Gas	Unprocessed (Wet) Gas (mcf)	42378.58
2010	OH	Gas	Unprocessed (Wet) Gas (mcf)	564509.66
2010	OH	Oil	Oil (bbl)	27831.71
2010	OK	Gas	Unprocessed (Wet) Gas (mcf)	13539412.37
2010	OK	Oil	Condensate (bbl)	18956.97
2010	OK	Oil	Oil (bbl)	146974.01
2010	OK	Gas	Processed (Residue) Gas (mcf)	1065609.13
2010	OK	NGL	Gas Plant Products (gal)	2491102.72
2010	OK	Oil	Drip or Scrubber Condensate (bbl)	4.88
2010	OK	Coal	Coal (ton)	614831.00
2010	OK	Gas	Coal Bed Methane (mcf)	2544.87
2010	OK	Oil	Inlet Scrubber (bbl)	99.53
2010	OK	Gas	Fuel Gas (mcf)	9607.64
2010	PA	Gas	Unprocessed (Wet) Gas (mcf)	39274.08
2010	PA	Gas	Processed (Residue) Gas (mcf)	56738.00
2010	PA	Oil	Oil (bbl)	5953.98
2010	SC	Gold Placer	Gold Placer (oz)	126.00
2010	SD	Oil	Oil (bbl)	161779.88
2010	SD	Gas	Unprocessed (Wet) Gas (mcf)	285599.80
2010	TX	Oil	Oil (bbl)	230135.26
2010	TX	Gas	Processed (Residue) Gas (mcf)	1552655.89
2010	TX	Gas	Unprocessed (Wet) Gas (mcf)	19365076.01
2010	TX	Oil	Condensate (bbl)	63379.01
2010	TX	NGL	Gas Plant Products (gal)	523450.01
2010	TX	Gas	Fuel Gas (mcf)	572.48
2010	TX	Oil	Drip or Scrubber Condensate (bbl)	12.32
2010	UT	Geothermal	Geothermal - Electrical Generation, Thousands of Pounds (klb)	2670508902.54
2010	UT	Coal	Coal (ton)	8680464.00
2010	UT	Gas	Coal Bed Methane (mcf)	14463133.95
2010	UT	Gas	Fuel Gas (mcf)	164709.25
2010	UT	Gas	Processed (Residue) Gas (mcf)	223682339.00
2010	UT	Gas	Unprocessed (Wet) Gas (mcf)	25500788.25
2010	UT	NGL	Gas Plant Products (gal)	200769453.75
2010	UT	Oil	Oil (bbl)	9547026.81
2010	UT	Carbon Dioxide Gas	Carbon Dioxide Gas (CO2) (mcf)	1685774.10
2010	UT	Oil	Condensate (bbl)	1923858.38
2010	UT	Oil	Drip or Scrubber Condensate (bbl)	2469.71
2010	UT	Clay	Clay (ton)	17144.00
2010	UT	Magnesium Chloride Brine	Magnesium Chloride Brine (ton)	67218.00
2010	UT	Manure Salts	Manure Salts (ton)	589.00
2010	UT	Potash	Potash (ton)	22763.00
2010	UT	Salt	Salt (ton)	13166.00
2010	UT	Gilsonite	Gilsonite (ton)	26069.00
2010	VA	Gas	Unprocessed (Wet) Gas (mcf)	194399.40
2010	VA	Limestone	Limestone (ton)	158266.00
2010	WV	Gas	Unprocessed (Wet) Gas (mcf)	725645.82
2010	WV	Gas	Processed (Residue) Gas (mcf)	1940.40
2010	WV	Oil	Oil (bbl)	20.05
2010	WY	Gas	Fuel Gas (mcf)	69716.99
2010	WY	Oil	Oil (bbl)	26309688.83
2010	WY	Gas	Processed (Residue) Gas (mcf)	763108807.08
2010	WY	Gas	Unprocessed (Wet) Gas (mcf)	424658249.36
2010	WY	NGL	Gas Plant Products (gal)	1417797079.17
2010	WY	Oil	Condensate (bbl)	6974676.51
2010	WY	Coal	Coal (ton)	404677362.00
2010	WY	Gas	Coal Bed Methane (mcf)	361998467.31
2010	WY	Oil	Drip or Scrubber Condensate (bbl)	74280.46
2010	WY	Oil	Inlet Scrubber (bbl)	7124.89
2010	WY	Sulfur	Sulfur (lton)	427134.95
2010	WY	Salt	Salt (ton)	172200.00
2010	WY	Oil	Other Liquid Hydrocarbons (bbl)	5418.80
2010	WY	Carbon Dioxide Gas	Carbon Dioxide Gas (CO2) (mcf)	81634457.50
2010	WY	Purge Liquor	Purge Liquor (ton)	108835.00
2010	WY	Soda Ash	Soda Ash (ton)	5171046.00
2010	WY	Sodium Bi-Carbonate	Sodium Bi-Carbonate (ton)	51135.00
2010	WY	Sodium Bisulfite	Sodium Bisulfite (ton)	705.00
2010	WY	Sodium Sesquicarbonate	Sodium Sesquicarbonate (ton)	89071.00
2010	WY	Sulfide	Sulfide (ton)	22152.00
2010	WY	Trona Ore	Trona Ore (ton)	117377.00
2011	AK	Gas	Unprocessed (Wet) Gas (mcf)	15187923.53
2011	AK	Oil	Oil (bbl)	163238.21
2011	AL	Gas	Processed (Residue) Gas (mcf)	145956.36
2011	AL	Gas	Unprocessed (Wet) Gas (mcf)	152152.60
2011	AL	NGL	Gas Plant Products (gal)	81111.53
2011	AL	Oil	Other Liquid Hydrocarbons (bbl)	47.77
2011	AL	Sulfur	Sulfur (lton)	225.40
2011	AL	Oil	Oil (bbl)	29320.88
2011	AL	Coal	Coal (ton)	2763922.00
2011	AL	Oil	Condensate (bbl)	0.48
2011	AL	Gas	Coal Bed Methane (mcf)	279301.17
2011	AL	Gas	Fuel Gas (mcf)	9334.03
2011	AR	Gas	Unprocessed (Wet) Gas (mcf)	13034206.50
2011	AR	Gas	Processed (Residue) Gas (mcf)	1478.89
2011	AR	Oil	Oil (bbl)	4.87
2011	AR	Gas	Fuel Gas (mcf)	13107.07
2011	AR	Quartz Crystal	Quartz Crystal (lb)	158.00
2011	AR	Gas	Coal Bed Methane (mcf)	47375.20
2011	AZ	Salt	Salt (ton)	474.00
2011	CA	Gas	Unprocessed (Wet) Gas (mcf)	8692397.61
2011	CA	Gas	Processed (Residue) Gas (mcf)	2475117.70
2011	CA	Oil	Oil (bbl)	14877432.05
2011	CA	Geothermal	Geothermal - Electrical Generation, Kilowatt Hours (kwh)	980959056.94
2011	CA	Geothermal	Geothermal - Electrical Generation, Other (mmbtu)	19883.37
2011	CA	Geothermal	Geothermal - sulfur (lton)	3469.89
2011	CA	Gas	Fuel Gas (mcf)	90728.44
2011	CA	Gas	Gas Lost - Flared or Vented (mcf)	24398.53
2011	CA	NGL	Gas Plant Products (gal)	8877148.42
2011	CA	Oil	Condensate (bbl)	30845.91
2011	CA	Oil	Drip or Scrubber Condensate (bbl)	4365.51
2011	CA	Geothermal	Geothermal - Electrical Generation, Thousands of Pounds (klb)	48685683.00
2011	CA	Geothermal	Geothermal - Direct Utilization, Millions of BTUs (mmbtu)	228010.63
2011	CA	Anhydrous Sodium Sulfate	Anhydrous Sodium Sulfate (ton)	163158.00
2011	CA	Borax-Anhydrous	Borax-Anhydrous (ton)	2075.00
2011	CA	Borax-Decahydrate	Borax-Decahydrate (ton)	52637.00
2011	CA	Borax-Pentahydrate	Borax-Pentahydrate (ton)	72986.00
2011	CA	Boric Acid	Boric Acid (ton)	31623.00
2011	CA	Salt	Salt (ton)	106240.00
2011	CA	Soda Ash	Soda Ash (ton)	750974.00
2011	CA	Sodium Bi-Carbonate	Sodium Bi-Carbonate (ton)	15366.00
2011	CO	Oil	Oil (bbl)	3137241.42
2011	CO	Gas	Coal Bed Methane (mcf)	12120843.43
2011	CO	Gas	Unprocessed (Wet) Gas (mcf)	55093684.75
2011	CO	Oil	Condensate (bbl)	1086004.58
2011	CO	Gas	Processed (Residue) Gas (mcf)	251019306.37
2011	CO	NGL	Gas Plant Products (gal)	397092515.06
2011	CO	Oil	Drip or Scrubber Condensate (bbl)	56983.32
2011	CO	Helium	Helium (bbl)	451.32
2011	CO	Coal	Coal (ton)	18755021.00
2011	CO	Carbon Dioxide Gas	Carbon Dioxide Gas (CO2) (mcf)	359969115.85
2011	CO	Gas	Fuel Gas (mcf)	150308.95
2011	CO	Oil	Inlet Scrubber (bbl)	26187.72
2011	CO	Sodium Bi-Carbonate	Sodium Bi-Carbonate (ton)	128835.00
2011	FL	Phosphate Raw Ore	Phosphate Raw Ore (ton)	254552.00
2011	ID	Phosphate Raw Ore	Phosphate Raw Ore (ton)	4494982.00
2011	IL	Oil	Oil (bbl)	27248.44
2011	IN	Oil	Oil (bbl)	2189.97
2011	KS	Gas	Unprocessed (Wet) Gas (mcf)	2446094.92
2011	KS	Gas	Fuel Gas (mcf)	64861.55
2011	KS	Gas	Nitrogen (mcf)	2433.20
2011	KS	Gas	Processed (Residue) Gas (mcf)	3107473.31
2011	KS	NGL	Gas Plant Products (gal)	8778699.57
2011	KS	Oil	Drip or Scrubber Condensate (bbl)	7.60
2011	KS	Oil	Oil (bbl)	271991.54
2011	KS	Oil	Condensate (bbl)	202.80
2011	KS	Helium	Helium (bbl)	62.01
2011	KY	Gas	Processed (Residue) Gas (mcf)	4891.91
2011	KY	Gas	Unprocessed (Wet) Gas (mcf)	140566.33
2011	KY	NGL	Gas Plant Products (gal)	14348.37
2011	KY	Oil	Oil (bbl)	12218.99
2011	KY	Coal	Coal (ton)	208991.00
2011	LA	Gas	Processed (Residue) Gas (mcf)	9853873.58
2011	LA	Oil	Oil (bbl)	302581.77
2011	LA	Gas	Unprocessed (Wet) Gas (mcf)	10711259.71
2011	LA	NGL	Gas Plant Products (gal)	4281905.63
2011	LA	Oil	Condensate (bbl)	63538.51
2011	LA	Gas	Fuel Gas (mcf)	1931.29
2011	LA	Oil	Drip or Scrubber Condensate (bbl)	35.69
2011	LA	Oil	Inlet Scrubber (bbl)	0.17
2011	MI	Gas	Processed (Residue) Gas (mcf)	1319019.75
2011	MI	Oil	Oil (bbl)	21429.81
2011	MI	Gas	Unprocessed (Wet) Gas (mcf)	557816.97
2011	MI	Oil	Other Liquid Hydrocarbons (bbl)	449.50
2011	MI	NGL	Gas Plant Products (gal)	803525.97
2011	MI	Oil	Condensate (bbl)	6415.73
2011	MO	Copper Concentrate	Copper Concentrate (ton)	10532.99
2011	MO	Lead Concentrate	Lead Concentrate (ton)	179777.99
2011	MO	Zinc Concentrate	Zinc Concentrate (ton)	42988.00
2011	MS	Oil	Oil (bbl)	281796.25
2011	MS	Gas	Unprocessed (Wet) Gas (mcf)	370221.99
2011	MS	Gas	Processed (Residue) Gas (mcf)	614383.49
2011	MS	Oil	Condensate (bbl)	19526.54
2011	MT	Coal	Coal (ton)	22996877.00
2011	MT	Gas	Coal Bed Methane (mcf)	2839406.48
2011	MT	Gas	Fuel Gas (mcf)	33.03
2011	MT	Gas	Processed (Residue) Gas (mcf)	106793.97
2011	MT	Gas	Unprocessed (Wet) Gas (mcf)	18071446.22
2011	MT	Oil	Oil (bbl)	2784762.76
2011	MT	NGL	Gas Plant Products (gal)	3339081.76
2011	MT	Sulfur	Sulfur (lton)	529.38
2011	MT	Oil	Drip or Scrubber Condensate (bbl)	815.62
2011	MT	Oil	Condensate (bbl)	258.00
2011	ND	Gas	Processed (Residue) Gas (mcf)	1573964.61
2011	ND	Gas	Unprocessed (Wet) Gas (mcf)	7435287.54
2011	ND	NGL	Gas Plant Products (gal)	11064432.14
2011	ND	Oil	Condensate (bbl)	1386.79
2011	ND	Oil	Drip or Scrubber Condensate (bbl)	4750.33
2011	ND	Oil	Oil (bbl)	12188444.54
2011	ND	Gas	Fuel Gas (mcf)	19761.20
2011	ND	Gas	Nitrogen (mcf)	23681.98
2011	ND	Oil	Sweet Crude (bbl)	6610.32
2011	ND	Coal	Coal (ton)	2931148.00
2011	ND	Leonardite	Leonardite (ton)	8496.00
2011	NE	Oil	Oil (bbl)	31612.01
2011	NE	Gas	Processed (Residue) Gas (mcf)	1396.94
2011	NM	Gas	Unprocessed (Wet) Gas (mcf)	203073891.73
2011	NM	Oil	Oil (bbl)	32257858.43
2011	NM	Gas	Processed (Residue) Gas (mcf)	310606056.28
2011	NM	NGL	Gas Plant Products (gal)	1238046947.10
2011	NM	Oil	Condensate (bbl)	3067020.43
2011	NM	Gas	Coal Bed Methane (mcf)	192565681.52
2011	NM	Gas	Fuel Gas (mcf)	848655.50
2011	NM	Gas	Gas Lost - Flared or Vented (mcf)	364640.67
2011	NM	Oil	Drip or Scrubber Condensate (bbl)	13253.05
2011	NM	Langbeinite	Langbeinite (ton)	769590.00
2011	NM	Muriate Of Potash-Granular	Muriate Of Potash-Granular (ton)	405867.00
2011	NM	Muriate Of Potash-Standard	Muriate Of Potash-Standard (ton)	118255.00
2011	NM	Potash	Potash (ton)	302095.00
2011	NM	Salt	Salt (ton)	439367.00
2011	NM	Sylvite-Raw Ore	Sylvite-Raw Ore (ton)	525897.00
2011	NM	Carbon Dioxide Gas	Carbon Dioxide Gas (CO2) (mcf)	10283118.56
2011	NM	Oil	Inlet Scrubber (bbl)	2371.97
2011	NM	Coal	Coal (ton)	4311854.00
2011	NM	Oil	Fuel Oil (bbl)	1.56
2011	NV	Geothermal	Geothermal - Direct Utilization, Hundreds of Gallons (cgal)	131014604.00
2011	NV	Geothermal	Geothermal - Electrical Generation, Kilowatt Hours (kwh)	1023492237.34
2011	NV	Oil	Oil (bbl)	403951.91
2011	NY	Gas	Unprocessed (Wet) Gas (mcf)	85790.81
2011	OH	Gas	Unprocessed (Wet) Gas (mcf)	510806.90
2011	OH	Oil	Oil (bbl)	25267.39
2011	OK	Gas	Processed (Residue) Gas (mcf)	2004339.24
2011	OK	Gas	Unprocessed (Wet) Gas (mcf)	10021287.39
2011	OK	NGL	Gas Plant Products (gal)	5433073.59
2011	OK	Oil	Condensate (bbl)	14269.41
2011	OK	Oil	Oil (bbl)	334484.28
2011	OK	Oil	Drip or Scrubber Condensate (bbl)	4.64
2011	OK	Coal	Coal (ton)	638818.00
2011	OK	Gas	Coal Bed Methane (mcf)	2608.99
2011	OK	Oil	Inlet Scrubber (bbl)	32.87
2011	OK	Gas	Fuel Gas (mcf)	7488.06
2011	OK	Oil	Other Liquid Hydrocarbons (bbl)	3.98
2011	PA	Gas	Unprocessed (Wet) Gas (mcf)	41752.10
2011	PA	Gas	Processed (Residue) Gas (mcf)	34471.00
2011	PA	Oil	Oil (bbl)	3750.78
2011	PA	Oil	Condensate (bbl)	8.40
2011	SD	Oil	Oil (bbl)	170838.93
2011	SD	Gas	Unprocessed (Wet) Gas (mcf)	211960.93
2011	TX	Oil	Oil (bbl)	253145.14
2011	TX	Gas	Unprocessed (Wet) Gas (mcf)	30932662.38
2011	TX	Gas	Flash Gas (mcf)	390.32
2011	TX	Oil	Condensate (bbl)	159083.96
2011	TX	Oil	Inlet Scrubber (bbl)	796.48
2011	TX	Gas	Processed (Residue) Gas (mcf)	2047138.81
2011	TX	NGL	Gas Plant Products (gal)	1886439.85
2011	TX	Gas	Fuel Gas (mcf)	3248.26
2011	TX	Oil	Drip or Scrubber Condensate (bbl)	136.98
2011	UT	Geothermal	Geothermal - Electrical Generation, Thousands of Pounds (klb)	2554615747.28
2011	UT	Coal	Coal (ton)	9366715.00
2011	UT	Gas	Coal Bed Methane (mcf)	13861881.74
2011	UT	Gas	Processed (Residue) Gas (mcf)	243149169.12
2011	UT	Gas	Unprocessed (Wet) Gas (mcf)	17541152.51
2011	UT	NGL	Gas Plant Products (gal)	283460146.33
2011	UT	Oil	Oil (bbl)	8766456.71
2011	UT	Carbon Dioxide Gas	Carbon Dioxide Gas (CO2) (mcf)	1734108.57
2011	UT	Oil	Condensate (bbl)	1993229.98
2011	UT	Gas	Fuel Gas (mcf)	163806.39
2011	UT	Oil	Drip or Scrubber Condensate (bbl)	2987.86
2011	UT	Clay	Clay (ton)	20788.00
2011	UT	Gas	Gas Lost - Flared or Vented (mcf)	445.00
2011	UT	Magnesium Chloride Brine	Magnesium Chloride Brine (ton)	73522.00
2011	UT	Manure Salts	Manure Salts (ton)	684.00
2011	UT	Potash	Potash (ton)	23387.00
2011	UT	Salt	Salt (ton)	17635.00
2011	UT	Gilsonite	Gilsonite (ton)	23433.00
2011	VA	Gas	Unprocessed (Wet) Gas (mcf)	184676.75
2011	VA	Limestone	Limestone (ton)	174574.00
2011	WV	Gas	Unprocessed (Wet) Gas (mcf)	618682.88
2011	WV	Gas	Processed (Residue) Gas (mcf)	1757.12
2011	WV	Oil	Oil (bbl)	0.08
2011	WY	Gas	Fuel Gas (mcf)	457023.02
2011	WY	Oil	Oil (bbl)	26137401.61
2011	WY	Gas	Processed (Residue) Gas (mcf)	763445257.61
2011	WY	Gas	Unprocessed (Wet) Gas (mcf)	343455483.57
2011	WY	NGL	Gas Plant Products (gal)	1458572742.85
2011	WY	Oil	Condensate (bbl)	6447258.53
2011	WY	Coal	Coal (ton)	390908948.00
2011	WY	Gas	Coal Bed Methane (mcf)	338096156.71
2011	WY	Oil	Drip or Scrubber Condensate (bbl)	104137.27
2011	WY	Oil	Inlet Scrubber (bbl)	2572.51
2011	WY	Sulfur	Sulfur (lton)	460091.17
2011	WY	Salt	Salt (ton)	291140.00
2011	WY	Oil	Other Liquid Hydrocarbons (bbl)	2715.44
2011	WY	Carbon Dioxide Gas	Carbon Dioxide Gas (CO2) (mcf)	85435204.88
2011	WY	Purge Liquor	Purge Liquor (ton)	104745.00
2011	WY	Soda Ash	Soda Ash (ton)	6926730.00
2011	WY	Sodium Bi-Carbonate	Sodium Bi-Carbonate (ton)	85115.00
2011	WY	Sodium Bisulfite	Sodium Bisulfite (ton)	1927.00
2011	WY	Sodium Sesquicarbonate	Sodium Sesquicarbonate (ton)	105102.00
2011	WY	Sulfide	Sulfide (ton)	51234.00
2011	WY	Trona Ore	Trona Ore (ton)	240887.00
2012	AK	Gas	Unprocessed (Wet) Gas (mcf)	15465527.57
2012	AK	Oil	Oil (bbl)	211959.91
2012	AL	Gas	Processed (Residue) Gas (mcf)	134902.01
2012	AL	NGL	Gas Plant Products (gal)	86837.89
2012	AL	Oil	Other Liquid Hydrocarbons (bbl)	51.92
2012	AL	Sulfur	Sulfur (lton)	218.10
2012	AL	Oil	Oil (bbl)	26172.59
2012	AL	Coal	Coal (ton)	1934725.00
2012	AL	Gas	Unprocessed (Wet) Gas (mcf)	165539.89
2012	AL	Oil	Condensate (bbl)	17.48
2012	AL	Gas	Coal Bed Methane (mcf)	224855.48
2012	AL	Gas	Fuel Gas (mcf)	7997.66
2012	AR	Gas	Unprocessed (Wet) Gas (mcf)	11938926.69
2012	AR	Gas	Processed (Residue) Gas (mcf)	1717.27
2012	AR	Oil	Condensate (bbl)	1.93
2012	AR	Gas	Gas Lost - Flared or Vented (mcf)	232.25
2012	AR	Quartz Crystal	Quartz Crystal (lb)	205.00
2012	AR	Gas	Coal Bed Methane (mcf)	38571.27
2012	AZ	Salt	Salt (ton)	766.00
2012	CA	Gas	Unprocessed (Wet) Gas (mcf)	6678387.14
2012	CA	Gas	Processed (Residue) Gas (mcf)	2512203.35
2012	CA	Oil	Oil (bbl)	15058561.93
2012	CA	Geothermal	Geothermal - Electrical Generation, Kilowatt Hours (kwh)	918939267.66
2012	CA	Geothermal	Geothermal - sulfur (lton)	2598.09
2012	CA	Gas	Fuel Gas (mcf)	273684.38
2012	CA	Gas	Gas Lost - Flared or Vented (mcf)	55470.07
2012	CA	NGL	Gas Plant Products (gal)	12673319.38
2012	CA	Oil	Condensate (bbl)	42209.10
2012	CA	Oil	Drip or Scrubber Condensate (bbl)	4361.49
2012	CA	Geothermal	Geothermal - Electrical Generation, Thousands of Pounds (klb)	48207755.90
2012	CA	Geothermal	Geothermal - Direct Utilization, Millions of BTUs (mmbtu)	271469.64
2012	CA	Anhydrous Sodium Sulfate	Anhydrous Sodium Sulfate (ton)	145333.00
2012	CA	Borax-Decahydrate	Borax-Decahydrate (ton)	51898.00
2012	CA	Borax-Pentahydrate	Borax-Pentahydrate (ton)	67759.00
2012	CA	Boric Acid	Boric Acid (ton)	26459.00
2012	CA	Salt	Salt (ton)	117047.00
2012	CA	Soda Ash	Soda Ash (ton)	744958.00
2012	CA	Sodium Bi-Carbonate	Sodium Bi-Carbonate (ton)	17516.00
2012	CO	Oil	Condensate (bbl)	1292044.88
2012	CO	Oil	Oil (bbl)	3257384.09
2012	CO	Gas	Coal Bed Methane (mcf)	11486011.94
2012	CO	Gas	Unprocessed (Wet) Gas (mcf)	97018975.48
2012	CO	Gas	Processed (Residue) Gas (mcf)	233976690.60
2012	CO	NGL	Gas Plant Products (gal)	405165820.85
2012	CO	Oil	Drip or Scrubber Condensate (bbl)	51484.57
2012	CO	Helium	Helium (bbl)	496.08
2012	CO	Coal	Coal (ton)	20586124.00
2012	CO	Carbon Dioxide Gas	Carbon Dioxide Gas (CO2) (mcf)	345589212.82
2012	CO	Gas	Fuel Gas (mcf)	158138.21
2012	CO	Oil	Inlet Scrubber (bbl)	10629.71
2012	CO	Sodium Bi-Carbonate	Sodium Bi-Carbonate (ton)	123604.00
2012	FL	Phosphate Raw Ore	Phosphate Raw Ore (ton)	846473.00
2012	ID	Phosphate Raw Ore	Phosphate Raw Ore (ton)	4833683.00
2012	IL	Oil	Oil (bbl)	27665.97
2012	IN	Oil	Oil (bbl)	2777.46
2012	KS	Gas	Unprocessed (Wet) Gas (mcf)	1790590.85
2012	KS	Oil	Oil (bbl)	257610.55
2012	KS	Gas	Fuel Gas (mcf)	72787.35
2012	KS	Gas	Nitrogen (mcf)	2738.05
2012	KS	Gas	Processed (Residue) Gas (mcf)	2935173.34
2012	KS	NGL	Gas Plant Products (gal)	8160653.26
2012	KS	Oil	Drip or Scrubber Condensate (bbl)	11.02
2012	KS	Oil	Condensate (bbl)	195.41
2012	KY	Gas	Unprocessed (Wet) Gas (mcf)	111352.96
2012	KY	Oil	Oil (bbl)	11883.65
2012	KY	Coal	Coal (ton)	207931.00
2012	LA	Gas	Processed (Residue) Gas (mcf)	7493260.74
2012	LA	Oil	Oil (bbl)	302319.65
2012	LA	Gas	Unprocessed (Wet) Gas (mcf)	11849247.16
2012	LA	NGL	Gas Plant Products (gal)	4400824.62
2012	LA	Oil	Condensate (bbl)	45978.16
2012	LA	Gas	Fuel Gas (mcf)	10906.69
2012	LA	Oil	Drip or Scrubber Condensate (bbl)	7583.81
2012	LA	Oil	Inlet Scrubber (bbl)	0.13
2012	MI	Gas	Processed (Residue) Gas (mcf)	1215102.60
2012	MI	Oil	Oil (bbl)	26664.72
2012	MI	Gas	Unprocessed (Wet) Gas (mcf)	440007.88
2012	MI	Oil	Other Liquid Hydrocarbons (bbl)	489.92
2012	MI	NGL	Gas Plant Products (gal)	691091.67
2012	MI	Oil	Condensate (bbl)	6039.32
2012	MO	Copper Concentrate	Copper Concentrate (ton)	22517.01
2012	MO	Lead Concentrate	Lead Concentrate (ton)	152155.01
2012	MO	Zinc Concentrate	Zinc Concentrate (ton)	33736.00
2012	MS	Oil	Oil (bbl)	311376.01
2012	MS	Gas	Unprocessed (Wet) Gas (mcf)	170160.76
2012	MS	Gas	Processed (Residue) Gas (mcf)	597418.94
2012	MS	Oil	Condensate (bbl)	8944.00
2012	MT	Coal	Coal (ton)	21811626.00
2012	MT	Gas	Coal Bed Methane (mcf)	1621515.00
2012	MT	Gas	Unprocessed (Wet) Gas (mcf)	13463683.02
2012	MT	Oil	Oil (bbl)	2729004.45
2012	MT	NGL	Gas Plant Products (gal)	1625018.27
2012	MT	Sulfur	Sulfur (lton)	473.60
2012	MT	Gas	Fuel Gas (mcf)	1354.00
2012	MT	Gas	Processed (Residue) Gas (mcf)	16482.03
2012	MT	Oil	Drip or Scrubber Condensate (bbl)	376.88
2012	ND	Gas	Processed (Residue) Gas (mcf)	2577440.44
2012	ND	Gas	Unprocessed (Wet) Gas (mcf)	8802693.29
2012	ND	NGL	Gas Plant Products (gal)	18966451.24
2012	ND	Oil	Condensate (bbl)	3187.95
2012	ND	Oil	Drip or Scrubber Condensate (bbl)	13400.78
2012	ND	Oil	Oil (bbl)	14998067.47
2012	ND	Gas	Fuel Gas (mcf)	15748.40
2012	ND	Gas	Gas Lost - Flared or Vented (mcf)	309.08
2012	ND	Gas	Nitrogen (mcf)	28708.03
2012	ND	Oil	Sweet Crude (bbl)	2761.20
2012	ND	Coal	Coal (ton)	3839502.00
2012	ND	Leonardite	Leonardite (ton)	2040.00
2012	NE	Oil	Oil (bbl)	24773.27
2012	NE	Gas	Processed (Residue) Gas (mcf)	2502.26
2012	NM	Gas	Unprocessed (Wet) Gas (mcf)	196708000.56
2012	NM	Oil	Oil (bbl)	41386545.99
2012	NM	Gas	Gas Lost - Flared or Vented (mcf)	3343168.29
2012	NM	Gas	Processed (Residue) Gas (mcf)	292288558.03
2012	NM	NGL	Gas Plant Products (gal)	1264491004.67
2012	NM	Oil	Condensate (bbl)	2461870.56
2012	NM	Gas	Coal Bed Methane (mcf)	191509433.04
2012	NM	Gas	Fuel Gas (mcf)	1242271.46
2012	NM	Oil	Drip or Scrubber Condensate (bbl)	14811.21
2012	NM	Langbeinite	Langbeinite (ton)	806217.00
2012	NM	Muriate Of Potash-Granular	Muriate Of Potash-Granular (ton)	492782.00
2012	NM	Muriate Of Potash-Standard	Muriate Of Potash-Standard (ton)	127301.00
2012	NM	Potash	Potash (ton)	234709.00
2012	NM	Salt	Salt (ton)	409345.00
2012	NM	Sylvite-Raw Ore	Sylvite-Raw Ore (ton)	158500.00
2012	NM	Carbon Dioxide Gas	Carbon Dioxide Gas (CO2) (mcf)	10429947.77
2012	NM	Oil	Inlet Scrubber (bbl)	2052.06
2012	NM	Coal	Coal (ton)	4957756.00
2012	NV	Geothermal	Geothermal - Direct Utilization, Hundreds of Gallons (cgal)	123103803.00
2012	NV	Geothermal	Geothermal - Electrical Generation, Kilowatt Hours (kwh)	1213241911.34
2012	NV	Oil	Oil (bbl)	354491.57
2012	NY	Gas	Unprocessed (Wet) Gas (mcf)	41442.57
2012	OH	Gas	Unprocessed (Wet) Gas (mcf)	417207.85
2012	OH	Oil	Oil (bbl)	22624.95
2012	OH	NGL	Gas Plant Products (gal)	12591.61
2012	OK	Gas	Processed (Residue) Gas (mcf)	4527596.32
2012	OK	Gas	Unprocessed (Wet) Gas (mcf)	8788366.22
2012	OK	NGL	Gas Plant Products (gal)	20510297.57
2012	OK	Oil	Condensate (bbl)	99155.32
2012	OK	Oil	Oil (bbl)	384617.03
2012	OK	Coal	Coal (ton)	352171.00
2012	OK	Gas	Coal Bed Methane (mcf)	2254.33
2012	OK	Gas	Fuel Gas (mcf)	6944.43
2012	PA	Gas	Unprocessed (Wet) Gas (mcf)	42604.90
2012	PA	Gas	Processed (Residue) Gas (mcf)	27960.00
2012	PA	NGL	Gas Plant Products (gal)	12045.60
2012	PA	Oil	Oil (bbl)	2543.72
2012	SD	Oil	Oil (bbl)	238667.26
2012	SD	Gas	Unprocessed (Wet) Gas (mcf)	152713.53
2012	TX	Oil	Oil (bbl)	254781.79
2012	TX	Gas	Unprocessed (Wet) Gas (mcf)	54076250.69
2012	TX	Gas	Flash Gas (mcf)	5200.31
2012	TX	Gas	Processed (Residue) Gas (mcf)	2700339.05
2012	TX	NGL	Gas Plant Products (gal)	3902189.00
2012	TX	Oil	Condensate (bbl)	200395.44
2012	TX	Oil	Inlet Scrubber (bbl)	2531.20
2012	TX	Gas	Fuel Gas (mcf)	8906.33
2012	TX	Oil	Drip or Scrubber Condensate (bbl)	142.88
2012	UT	Geothermal	Geothermal - Electrical Generation, Thousands of Pounds (klb)	2453647854.06
2012	UT	Coal	Coal (ton)	13392915.00
2012	UT	Gas	Coal Bed Methane (mcf)	12604540.12
2012	UT	Gas	Processed (Residue) Gas (mcf)	267772517.75
2012	UT	Gas	Unprocessed (Wet) Gas (mcf)	15869116.07
2012	UT	NGL	Gas Plant Products (gal)	304346860.50
2012	UT	Oil	Oil (bbl)	9195568.19
2012	UT	Carbon Dioxide Gas	Carbon Dioxide Gas (CO2) (mcf)	906939.56
2012	UT	Oil	Condensate (bbl)	1939531.52
2012	UT	Gas	Fuel Gas (mcf)	148183.58
2012	UT	Gas	Gas Lost - Flared or Vented (mcf)	4249.00
2012	UT	Oil	Drip or Scrubber Condensate (bbl)	12655.85
2012	UT	Clay	Clay (ton)	29990.00
2012	UT	Magnesium Chloride Brine	Magnesium Chloride Brine (ton)	70061.00
2012	UT	Manure Salts	Manure Salts (ton)	453.00
2012	UT	Potash	Potash (ton)	22811.00
2012	UT	Salt	Salt (ton)	16220.00
2012	UT	Gilsonite	Gilsonite (ton)	32243.00
2012	VA	Gas	Unprocessed (Wet) Gas (mcf)	173107.17
2012	VA	Limestone	Limestone (ton)	137956.00
2012	WV	Gas	Processed (Residue) Gas (mcf)	1093.12
2012	WV	Gas	Unprocessed (Wet) Gas (mcf)	294294.49
2012	WY	Gas	Fuel Gas (mcf)	1604744.77
2012	WY	Oil	Oil (bbl)	26458616.40
2012	WY	Gas	Processed (Residue) Gas (mcf)	721242707.30
2012	WY	Gas	Unprocessed (Wet) Gas (mcf)	335591836.55
2012	WY	NGL	Gas Plant Products (gal)	1348043918.73
2012	WY	Oil	Condensate (bbl)	6734018.84
2012	WY	Coal	Coal (ton)	354972808.00
2012	WY	Gas	Coal Bed Methane (mcf)	289072272.08
2012	WY	Oil	Drip or Scrubber Condensate (bbl)	78826.18
2012	WY	Oil	Inlet Scrubber (bbl)	1876.91
2012	WY	Sulfur	Sulfur (lton)	373564.92
2012	WY	Salt	Salt (ton)	172200.00
2012	WY	Gas	Flash Gas (mcf)	23255.00
2012	WY	Oil	Other Liquid Hydrocarbons (bbl)	2381.46
2012	WY	Carbon Dioxide Gas	Carbon Dioxide Gas (CO2) (mcf)	143377884.93
2012	WY	Purge Liquor	Purge Liquor (ton)	78213.00
2012	WY	Soda Ash	Soda Ash (ton)	4715260.00
2012	WY	Sodium Bi-Carbonate	Sodium Bi-Carbonate (ton)	68615.00
2012	WY	Sodium Bisulfite	Sodium Bisulfite (ton)	69.00
2012	WY	Sodium Sesquicarbonate	Sodium Sesquicarbonate (ton)	110156.00
2012	WY	Sulfide	Sulfide (ton)	24189.00
2012	WY	Trona Ore	Trona Ore (ton)	101948.00
2013	AK	Gas	Unprocessed (Wet) Gas (mcf)	11481897.21
2013	AK	Oil	Oil (bbl)	595363.92
2013	AL	Gas	Processed (Residue) Gas (mcf)	122007.17
2013	AL	NGL	Gas Plant Products (gal)	79234.22
2013	AL	Oil	Other Liquid Hydrocarbons (bbl)	41.44
2013	AL	Sulfur	Sulfur (lton)	199.78
2013	AL	Oil	Oil (bbl)	21439.02
2013	AL	Oil	Condensate (bbl)	773.54
2013	AL	Coal	Coal (ton)	975950.00
2013	AL	Gas	Unprocessed (Wet) Gas (mcf)	158770.17
2013	AL	Gas	Coal Bed Methane (mcf)	202445.00
2013	AL	Gas	Fuel Gas (mcf)	7827.58
2013	AR	Gas	Unprocessed (Wet) Gas (mcf)	10679174.73
2013	AR	Oil	Condensate (bbl)	0.65
2013	AR	Oil	Oil (bbl)	0.66
2013	AR	Gas	Fuel Gas (mcf)	17123.31
2013	AR	Quartz Crystal	Quartz Crystal (lb)	84.00
2013	AR	Gas	Coal Bed Methane (mcf)	36243.11
2013	AZ	Salt	Salt (ton)	207.00
2013	CA	Gas	Unprocessed (Wet) Gas (mcf)	1225287.19
2013	CA	Oil	Condensate (bbl)	45933.16
2013	CA	Oil	Oil (bbl)	15212458.09
2013	CA	Geothermal	Geothermal - Electrical Generation, Kilowatt Hours (kwh)	945606660.58
2013	CA	Geothermal	Geothermal - sulfur (lton)	2448.04
2013	CA	Gas	Fuel Gas (mcf)	107904.00
2013	CA	Gas	Gas Lost - Flared or Vented (mcf)	68643.14
2013	CA	Gas	Processed (Residue) Gas (mcf)	4922669.92
2013	CA	NGL	Gas Plant Products (gal)	10943822.65
2013	CA	Oil	Drip or Scrubber Condensate (bbl)	1759.95
2013	CA	Oil	Fuel Oil (bbl)	5.60
2013	CA	Geothermal	Geothermal - Electrical Generation, Thousands of Pounds (klb)	46144621.74
2013	CA	Geothermal	Geothermal - Direct Utilization, Millions of BTUs (mmbtu)	276337.16
2013	CA	Anhydrous Sodium Sulfate	Anhydrous Sodium Sulfate (ton)	161172.00
2013	CA	Borax-Decahydrate	Borax-Decahydrate (ton)	46507.00
2013	CA	Borax-Pentahydrate	Borax-Pentahydrate (ton)	77249.00
2013	CA	Boric Acid	Boric Acid (ton)	27764.00
2013	CA	Salt	Salt (ton)	131665.00
2013	CA	Soda Ash	Soda Ash (ton)	726553.00
2013	CA	Sodium Bi-Carbonate	Sodium Bi-Carbonate (ton)	16899.00
2013	CO	Oil	Condensate (bbl)	1086321.73
2013	CO	Oil	Oil (bbl)	3045411.56
2013	CO	Gas	Coal Bed Methane (mcf)	10593398.22
2013	CO	Gas	Unprocessed (Wet) Gas (mcf)	162192432.20
2013	CO	Gas	Processed (Residue) Gas (mcf)	163995309.52
2013	CO	NGL	Gas Plant Products (gal)	225196993.95
2013	CO	Oil	Drip or Scrubber Condensate (bbl)	40514.68
2013	CO	Helium	Helium (bbl)	486.48
2013	CO	Coal	Coal (ton)	15873993.00
2013	CO	Carbon Dioxide Gas	Carbon Dioxide Gas (CO2) (mcf)	343214190.52
2013	CO	Gas	Fuel Gas (mcf)	539631.40
2013	CO	Gas	Gas Lost - Flared or Vented (mcf)	19748.00
2013	CO	Oil	Inlet Scrubber (bbl)	15999.68
2013	CO	Sodium Bi-Carbonate	Sodium Bi-Carbonate (ton)	81271.00
2013	FL	Phosphate Raw Ore	Phosphate Raw Ore (ton)	113187.00
2013	ID	Phosphate Raw Ore	Phosphate Raw Ore (ton)	4627669.00
2013	ID	Gold	Gold (ton)	4.00
2013	ID	Silver	Silver (oz)	1.00
2013	IL	Oil	Oil (bbl)	26374.55
2013	IN	Oil	Oil (bbl)	1334.70
2013	KS	Gas	Unprocessed (Wet) Gas (mcf)	1536683.52
2013	KS	Gas	Fuel Gas (mcf)	83155.75
2013	KS	Gas	Nitrogen (mcf)	2699.28
2013	KS	Gas	Processed (Residue) Gas (mcf)	2715386.60
2013	KS	NGL	Gas Plant Products (gal)	7280423.64
2013	KS	Oil	Oil (bbl)	224654.42
2013	KS	Oil	Condensate (bbl)	118.00
2013	KS	Gas	Flash Gas (mcf)	77.05
2013	KY	Gas	Unprocessed (Wet) Gas (mcf)	80661.74
2013	KY	Oil	Oil (bbl)	11879.55
2013	KY	Coal	Coal (ton)	235154.00
2013	LA	Gas	Processed (Residue) Gas (mcf)	6204095.18
2013	LA	NGL	Gas Plant Products (gal)	4793550.92
2013	LA	Oil	Oil (bbl)	260385.26
2013	LA	Gas	Unprocessed (Wet) Gas (mcf)	8304594.31
2013	LA	Oil	Condensate (bbl)	48331.32
2013	LA	Gas	Fuel Gas (mcf)	224845.23
2013	LA	Oil	Drip or Scrubber Condensate (bbl)	57.03
2013	LA	Oil	Other Liquid Hydrocarbons (bbl)	1.00
2013	MI	Gas	Processed (Residue) Gas (mcf)	1022095.75
2013	MI	Oil	Oil (bbl)	25675.94
2013	MI	Gas	Unprocessed (Wet) Gas (mcf)	377452.91
2013	MI	Oil	Other Liquid Hydrocarbons (bbl)	633.68
2013	MI	NGL	Gas Plant Products (gal)	574897.34
2013	MI	Oil	Condensate (bbl)	5190.57
2013	MO	Copper Concentrate	Copper Concentrate (ton)	15566.00
2013	MO	Lead Concentrate	Lead Concentrate (ton)	146951.00
2013	MO	Zinc Concentrate	Zinc Concentrate (ton)	38735.00
2013	MS	Oil	Oil (bbl)	412100.84
2013	MS	Gas	Unprocessed (Wet) Gas (mcf)	160264.74
2013	MS	Gas	Processed (Residue) Gas (mcf)	246823.41
2013	MS	Oil	Condensate (bbl)	7293.07
2013	MT	Coal	Coal (ton)	21863803.00
2013	MT	Gas	Coal Bed Methane (mcf)	513176.58
2013	MT	Gas	Unprocessed (Wet) Gas (mcf)	12327642.52
2013	MT	Oil	Oil (bbl)	2596948.63
2013	MT	NGL	Gas Plant Products (gal)	1457837.45
2013	MT	Sulfur	Sulfur (lton)	429.49
2013	MT	Gas	Fuel Gas (mcf)	2807.00
2013	MT	Gas	Processed (Residue) Gas (mcf)	15399.92
2013	MT	Oil	Condensate (bbl)	422.00
2013	ND	Gas	Processed (Residue) Gas (mcf)	3558696.22
2013	ND	Gas	Unprocessed (Wet) Gas (mcf)	9392435.98
2013	ND	NGL	Gas Plant Products (gal)	22335194.15
2013	ND	Oil	Condensate (bbl)	2156.28
2013	ND	Oil	Drip or Scrubber Condensate (bbl)	7096.99
2013	ND	Oil	Oil (bbl)	15699343.44
2013	ND	Gas	Gas Lost - Flared or Vented (mcf)	752.44
2013	ND	Gas	Fuel Gas (mcf)	41874.37
2013	ND	Gas	Nitrogen (mcf)	1502.64
2013	ND	Oil	Sweet Crude (bbl)	5123.92
2013	ND	Coal	Coal (ton)	4137702.00
2013	ND	Leonardite	Leonardite (ton)	11737.00
2013	NE	Oil	Oil (bbl)	26989.75
2013	NE	Gas	Processed (Residue) Gas (mcf)	1625.94
2013	NM	Gas	Unprocessed (Wet) Gas (mcf)	192399945.80
2013	NM	Oil	Oil (bbl)	49476485.08
2013	NM	Gas	Fuel Gas (mcf)	1923570.26
2013	NM	Gas	Gas Lost - Flared or Vented (mcf)	4485874.10
2013	NM	Gas	Processed (Residue) Gas (mcf)	283003869.76
2013	NM	NGL	Gas Plant Products (gal)	1197366636.95
2013	NM	Oil	Drip or Scrubber Condensate (bbl)	25175.46
2013	NM	Gas	Coal Bed Methane (mcf)	169494712.57
2013	NM	Oil	Condensate (bbl)	2067588.41
2013	NM	Oil	Inlet Scrubber (bbl)	4245.00
2013	NM	Oil	Oil Lost (bbl)	37.56
2013	NM	Oil	Other Liquid Hydrocarbons (bbl)	859.03
2013	NM	Langbeinite	Langbeinite (ton)	605489.00
2013	NM	Muriate Of Potash-Granular	Muriate Of Potash-Granular (ton)	316771.00
2013	NM	Muriate Of Potash-Standard	Muriate Of Potash-Standard (ton)	110360.00
2013	NM	Potash	Potash (ton)	275075.00
2013	NM	Salt	Salt (ton)	425125.00
2013	NM	Sylvite-Raw Ore	Sylvite-Raw Ore (ton)	171599.00
2013	NM	Carbon Dioxide Gas	Carbon Dioxide Gas (CO2) (mcf)	10090053.42
2013	NM	Geothermal	Geothermal - Electrical Generation, Kilowatt Hours (kwh)	69407.00
2013	NM	Coal	Coal (ton)	6130126.00
2013	NV	Geothermal	Geothermal - Direct Utilization, Hundreds of Gallons (cgal)	57238368.00
2013	NV	Geothermal	Geothermal - Electrical Generation, Kilowatt Hours (kwh)	1440832541.89
2013	NV	Oil	Oil (bbl)	331402.56
2013	NY	Gas	Unprocessed (Wet) Gas (mcf)	30395.72
2013	OH	Gas	Unprocessed (Wet) Gas (mcf)	390179.94
2013	OH	Oil	Oil (bbl)	15898.67
2013	OH	Gas	Processed (Residue) Gas (mcf)	3356.01
2013	OH	NGL	Gas Plant Products (gal)	207.09
2013	OK	Gas	Processed (Residue) Gas (mcf)	4406177.24
2013	OK	Gas	Unprocessed (Wet) Gas (mcf)	8533964.17
2013	OK	NGL	Gas Plant Products (gal)	13542542.36
2013	OK	Oil	Condensate (bbl)	93141.75
2013	OK	Oil	Oil (bbl)	289663.40
2013	OK	Gas	Fuel Gas (mcf)	7961.36
2013	OK	Oil	Drip or Scrubber Condensate (bbl)	4.40
2013	OK	Coal	Coal (ton)	705247.00
2013	OK	Gas	Coal Bed Methane (mcf)	2047.25
2013	OK	Helium	Helium (bbl)	0.15
2013	PA	Gas	Processed (Residue) Gas (mcf)	14773.00
2013	PA	NGL	Gas Plant Products (gal)	27518.40
2013	PA	Oil	Oil (bbl)	1552.84
2013	PA	Gas	Unprocessed (Wet) Gas (mcf)	1341.85
2013	SD	Oil	Oil (bbl)	226921.83
2013	SD	Gas	Unprocessed (Wet) Gas (mcf)	135188.65
2013	TX	Oil	Oil (bbl)	216373.21
2013	TX	Gas	Unprocessed (Wet) Gas (mcf)	43568997.64
2013	TX	Gas	Flash Gas (mcf)	2199.95
2013	TX	Gas	Processed (Residue) Gas (mcf)	1904477.40
2013	TX	NGL	Gas Plant Products (gal)	7197949.93
2013	TX	Oil	Condensate (bbl)	104094.35
2013	TX	Oil	Drip or Scrubber Condensate (bbl)	242.95
2013	TX	Oil	Inlet Scrubber (bbl)	681.60
2013	TX	Gas	Fuel Gas (mcf)	18444.30
2013	UT	Geothermal	Geothermal - Electrical Generation, Kilowatt Hours (kwh)	12986766.39
2013	UT	Geothermal	Geothermal - Electrical Generation, Thousands of Pounds (klb)	2316266257.97
2013	UT	Coal	Coal (ton)	14497466.00
2013	UT	Gas	Coal Bed Methane (mcf)	10593500.24
2013	UT	Gas	Processed (Residue) Gas (mcf)	229365208.80
2013	UT	Gas	Unprocessed (Wet) Gas (mcf)	23916197.83
2013	UT	NGL	Gas Plant Products (gal)	288367674.52
2013	UT	Oil	Oil (bbl)	10328309.41
2013	UT	Carbon Dioxide Gas	Carbon Dioxide Gas (CO2) (mcf)	496626.74
2013	UT	Oil	Condensate (bbl)	1722140.35
2013	UT	Gas	Fuel Gas (mcf)	203370.79
2013	UT	Gas	Gas Lost - Flared or Vented (mcf)	16205.01
2013	UT	Oil	Drip or Scrubber Condensate (bbl)	31785.38
2013	UT	Oil	Other Liquid Hydrocarbons (bbl)	21.99
2013	UT	Clay	Clay (ton)	28333.00
2013	UT	Magnesium Chloride Brine	Magnesium Chloride Brine (ton)	61077.00
2013	UT	Potash	Potash (ton)	25781.00
2013	UT	Salt	Salt (ton)	15364.00
2013	UT	Oil	Inlet Scrubber (bbl)	122969.09
2013	UT	Gilsonite	Gilsonite (ton)	24661.00
2013	VA	Gas	Unprocessed (Wet) Gas (mcf)	160580.92
2013	VA	Limestone	Limestone (ton)	68466.00
2013	VA	Oil	Oil (bbl)	7.36
2013	WV	Gas	Unprocessed (Wet) Gas (mcf)	165444.74
2013	WV	Oil	Oil (bbl)	4.00
2013	WY	Gas	Fuel Gas (mcf)	1417722.08
2013	WY	Oil	Oil (bbl)	28321103.43
2013	WY	Gas	Processed (Residue) Gas (mcf)	539783055.03
2013	WY	Gas	Unprocessed (Wet) Gas (mcf)	442397136.92
2013	WY	NGL	Gas Plant Products (gal)	817897123.34
2013	WY	Oil	Condensate (bbl)	6089843.48
2013	WY	Coal	Coal (ton)	333194267.00
2013	WY	Gas	Coal Bed Methane (mcf)	217297071.58
2013	WY	Oil	Drip or Scrubber Condensate (bbl)	75012.97
2013	WY	Gas	Gas Lost - Flared or Vented (mcf)	59058.40
2013	WY	Oil	Inlet Scrubber (bbl)	6266.68
2013	WY	Carbon Dioxide Gas	Carbon Dioxide Gas (CO2) (mcf)	221495293.87
2013	WY	Sulfur	Sulfur (lton)	389989.47
2013	WY	Salt	Salt (ton)	282900.00
2013	WY	Gas	Flash Gas (mcf)	10280.91
2013	WY	Oil	Other Liquid Hydrocarbons (bbl)	634.24
2013	WY	Gas	Nitrogen (mcf)	-1238.96
2013	WY	Purge Liquor	Purge Liquor (ton)	90861.00
2013	WY	Soda Ash	Soda Ash (ton)	5161880.00
2013	WY	Sodium Bi-Carbonate	Sodium Bi-Carbonate (ton)	70387.00
2013	WY	Sodium Sesquicarbonate	Sodium Sesquicarbonate (ton)	118622.00
2013	WY	Sulfide	Sulfide (ton)	27739.00
2013	WY	Trona Ore	Trona Ore (ton)	108413.00