State	County	Year	Volume	Commodity	Product
AL	Cullman	2004	364367		Coal (short tons)
AL	Franklin	2004	68020		Coal (short tons)
AL	Jackson	2004	1738		Coal (short tons)
AL	Jefferson	2004	71608		Coal (short tons)
AL	Marion	2004	3537		Coal (short tons)
AL	Shelby	2004	101120		Coal (short tons)
AL	Tuscaloosa	2004	12383		Coal (short tons)
AL	Walker	2004	31653		Coal (short tons)
AL	Winston	2004	76296		Coal (short tons)
AL	Bibb	2005	57800		Coal (short tons)
AL	Cullman	2005	91813		Coal (short tons)
AL	Franklin	2005	84268		Coal (short tons)
AL	Jackson	2005	25270		Coal (short tons)
AL	Jefferson	2005	167557		Coal (short tons)
AL	Marion	2005	26414		Coal (short tons)
AL	Shelby	2005	102483		Coal (short tons)
AL	Tuscaloosa	2005	194122		Coal (short tons)
AL	Walker	2005	88765		Coal (short tons)
AL	Winston	2005	133024		Coal (short tons)
AL	Bibb	2006	18519		Coal (short tons)
AL	Cullman	2006	633860		Coal (short tons)
AL	Franklin	2006	189984		Coal (short tons)
AL	Jackson	2006	47819		Coal (short tons)
AL	Jefferson	2006	19000		Coal (short tons)
AL	Marion	2006	120313		Coal (short tons)
AL	Shelby	2006	59229		Coal (short tons)
AL	Tuscaloosa	2006	31593		Coal (short tons)
AL	Walker	2006	78255		Coal (short tons)
AL	Winston	2006	318594		Coal (short tons)
AL	Bibb	2007	32670		Coal (short tons)
AL	Cullman	2007	502596		Coal (short tons)
AL	Franklin	2007	152591		Coal (short tons)
AL	Jackson	2007	19169		Coal (short tons)
AL	Jefferson	2007	21450		Coal (short tons)
AL	Marion	2007	49510		Coal (short tons)
AL	Shelby	2007	58266		Coal (short tons)
AL	Walker	2007	3000		Coal (short tons)
AL	Winston	2007	168844		Coal (short tons)
AL	Bibb	2008	105082		Coal (short tons)
AL	Cullman	2008	143208		Coal (short tons)
AL	Fayette	2008	2923261		Coal (short tons)
AL	Franklin	2008	113875		Coal (short tons)
AL	Jackson	2008	28819		Coal (short tons)
AL	Jefferson	2008	55398		Coal (short tons)
AL	Marion	2008	49581		Coal (short tons)
AL	Shelby	2008	73251		Coal (short tons)
AL	Walker	2008	12567		Coal (short tons)
AL	Winston	2008	238353		Coal (short tons)
AL	Cullman	2009	110505		Coal (short tons)
AL	Fayette	2009	2706161		Coal (short tons)
AL	Franklin	2009	62874		Coal (short tons)
AL	Jackson	2009	73622		Coal (short tons)
AL	Jefferson	2009	97067		Coal (short tons)
AL	Marion	2009	167286		Coal (short tons)
AL	Shelby	2009	60657		Coal (short tons)
AL	Tuscaloosa	2009	73533		Coal (short tons)
AL	Walker	2009	162904		Coal (short tons)
AL	Winston	2009	171627		Coal (short tons)
AL	Bibb	2010	127564		Coal (short tons)
AL	Blount	2010	148994		Coal (short tons)
AL	Cullman	2010	69035		Coal (short tons)
AL	Fayette	2010	3037170		Coal (short tons)
AL	Franklin	2010	70229		Coal (short tons)
AL	Jackson	2010	33623		Coal (short tons)
AL	Jefferson	2010	94209		Coal (short tons)
AL	Marion	2010	79174		Coal (short tons)
AL	Shelby	2010	12819		Coal (short tons)
AL	Tuscaloosa	2010	205130		Coal (short tons)
AL	Walker	2010	75064		Coal (short tons)
AL	Winston	2010	227336		Coal (short tons)
AL	Bibb	2011	168399		Coal (short tons)
AL	Blount	2011	5835		Coal (short tons)
AL	Fayette	2011	2707383		Coal (short tons)
AL	Franklin	2011	116900		Coal (short tons)
AL	Jackson	2011	9829		Coal (short tons)
AL	Jefferson	2011	44804		Coal (short tons)
AL	Marion	2011	119240		Coal (short tons)
AL	Shelby	2011	66264		Coal (short tons)
AL	Tuscaloosa	2011	204381		Coal (short tons)
AL	Walker	2011	112044		Coal (short tons)
AL	Winston	2011	248368		Coal (short tons)
AL	Bibb	2012	116534		Coal (short tons)
AL	Blount	2012	215214		Coal (short tons)
AL	Fayette	2012	2249233		Coal (short tons)
AL	Franklin	2012	8179		Coal (short tons)
AL	Jackson	2012	83634		Coal (short tons)
AL	Jefferson	2012	117128		Coal (short tons)
AL	Marion	2012	104852		Coal (short tons)
AL	Shelby	2012	20294		Coal (short tons)
AL	Tuscaloosa	2012	360949		Coal (short tons)
AL	Walker	2012	53404		Coal (short tons)
AL	Winston	2012	254088		Coal (short tons)
AL	Bibb	2013	56004		Coal (short tons)
AL	Blount	2013	28807		Coal (short tons)
AL	Fayette	2013	1440115		Coal (short tons)
AL	Franklin	2013	147499		Coal (short tons)
AL	Jackson	2013	69339		Coal (short tons)
AL	Jefferson	2013	145924		Coal (short tons)
AL	Shelby	2013	59664		Coal (short tons)
AL	Tuscaloosa	2013	137511		Coal (short tons)
AL	Walker	2013	25054		Coal (short tons)
AL	Winston	2013	284563		Coal (short tons)
AK	Yukon-Koyukuk	2004	1511787		Coal (short tons)
AK	Yukon-Koyukuk	2005	1454014		Coal (short tons)
AK	Yukon-Koyukuk	2006	1425023		Coal (short tons)
AK	Yukon-Koyukuk	2007	1323560		Coal (short tons)
AK	Yukon-Koyukuk	2008	1477015		Coal (short tons)
AK	Yukon-Koyukuk	2009	1860363		Coal (short tons)
AK	Yukon-Koyukuk	2010	2151094		Coal (short tons)
AK	Yukon-Koyukuk	2011	2148926		Coal (short tons)
AK	Yukon-Koyukuk	2012	2052086		Coal (short tons)
AK	Fairbanks North Star	2013	1631584		Coal (short tons)
AZ	Navajo	2004	8180942		Coal (short tons)
AZ	Navajo	2005	8192967		Coal (short tons)
AZ	Navajo	2006	8216255		Coal (short tons)
AZ	Navajo	2007	7982584		Coal (short tons)
AZ	Navajo	2008	8024973		Coal (short tons)
AZ	Navajo	2009	7474029		Coal (short tons)
AZ	Navajo	2010	7752277		Coal (short tons)
AZ	Navajo	2011	8110942		Coal (short tons)
AZ	Navajo	2012	7493276		Coal (short tons)
AZ	Navajo	2013	7602722		Coal (short tons)
AR	Sebastian	2004	944		Coal (short tons)
AR	Sebastian	2005	2563		Coal (short tons)
AR	Sebastian	2006	17565		Coal (short tons)
AR	Sebastian	2007	80280		Coal (short tons)
AR	Sebastian	2008	67392		Coal (short tons)
AR	Sebastian	2009	3980		Coal (short tons)
AR	Sebastian	2010	31144		Coal (short tons)
AR	Sebastian	2011	126628		Coal (short tons)
AR	Sebastian	2012	96200		Coal (short tons)
AR	Sebastian	2013	54605		Coal (short tons)
CO	Delta	2004	599990		Coal (short tons)
CO	Garfield	2004	300761		Coal (short tons)
CO	Gunnison	2004	6551034		Coal (short tons)
CO	La Plata	2004	458605		Coal (short tons)
CO	Moffat	2004	1070654		Coal (short tons)
CO	Montrose	2004	413333		Coal (short tons)
CO	Rio Blanco	2004	2550883		Coal (short tons)
CO	Routt	2004	8557741		Coal (short tons)
CO	Delta	2005	2219082		Coal (short tons)
CO	Garfield	2005	260891		Coal (short tons)
CO	Gunnison	2005	6545485		Coal (short tons)
CO	La Plata	2005	465877		Coal (short tons)
CO	Moffat	2005	931873		Coal (short tons)
CO	Montrose	2005	420730		Coal (short tons)
CO	Rio Blanco	2005	2149481		Coal (short tons)
CO	Routt	2005	9369969		Coal (short tons)
CO	Delta	2006	4420073		Coal (short tons)
CO	Garfield	2006	262634		Coal (short tons)
CO	Gunnison	2006	5128389		Coal (short tons)
CO	La Plata	2006	488327		Coal (short tons)
CO	Moffat	2006	897481		Coal (short tons)
CO	Montrose	2006	405640		Coal (short tons)
CO	Rio Blanco	2006	1712553		Coal (short tons)
CO	Routt	2006	8635561		Coal (short tons)
CO	Delta	2007	5480569		Coal (short tons)
CO	Garfield	2007	247120		Coal (short tons)
CO	Gunnison	2007	4823662		Coal (short tons)
CO	La Plata	2007	7435		Coal (short tons)
CO	Moffat	2007	294235		Coal (short tons)
CO	Montrose	2007	405864		Coal (short tons)
CO	Rio Blanco	2007	1424019		Coal (short tons)
CO	Routt	2007	8290117		Coal (short tons)
CO	Adams	2008	21090		Coal (short tons)
CO	Delta	2008	2861938		Coal (short tons)
CO	Garfield	2008	283150		Coal (short tons)
CO	Gunnison	2008	4902633		Coal (short tons)
CO	La Plata	2008	155665		Coal (short tons)
CO	Moffat	2008	4914363		Coal (short tons)
CO	Montrose	2008	402942		Coal (short tons)
CO	Rio Blanco	2008	2067009		Coal (short tons)
CO	Routt	2008	8004176		Coal (short tons)
CO	Delta	2009	1212977		Coal (short tons)
CO	Garfield	2009	259476		Coal (short tons)
CO	Gunnison	2009	5702875		Coal (short tons)
CO	La Plata	2009	505277		Coal (short tons)
CO	Moffat	2009	3584344		Coal (short tons)
CO	Montrose	2009	373758		Coal (short tons)
CO	Rio Blanco	2009	2214388		Coal (short tons)
CO	Routt	2009	7827079		Coal (short tons)
CO	Delta	2010	1325208		Coal (short tons)
CO	Garfield	2010	199650		Coal (short tons)
CO	Gunnison	2010	3794262		Coal (short tons)
CO	La Plata	2010	521839		Coal (short tons)
CO	Moffat	2010	2596629		Coal (short tons)
CO	Montrose	2010	293045		Coal (short tons)
CO	Rio Blanco	2010	1723215		Coal (short tons)
CO	Routt	2010	7727004		Coal (short tons)
CO	Delta	2011	2235055		Coal (short tons)
CO	Gunnison	2011	3007833		Coal (short tons)
CO	La Plata	2011	618132		Coal (short tons)
CO	Moffat	2011	2537904		Coal (short tons)
CO	Montrose	2011	360009		Coal (short tons)
CO	Rio Blanco	2011	1983581		Coal (short tons)
CO	Routt	2011	7748909		Coal (short tons)
CO	Delta	2012	3430291		Coal (short tons)
CO	Gunnison	2012	2958014		Coal (short tons)
CO	La Plata	2012	639003		Coal (short tons)
CO	Las Animas	2012	18048		Coal (short tons)
CO	Moffat	2012	2265362		Coal (short tons)
CO	Montrose	2012	353398		Coal (short tons)
CO	Rio Blanco	2012	1673461		Coal (short tons)
CO	Routt	2012	49140		Coal (short tons)
CO	Delta	2013	3320696		Coal (short tons)
CO	Gunnison	2013	436381		Coal (short tons)
CO	La Plata	2013	734993		Coal (short tons)
CO	Moffat	2013	2309118		Coal (short tons)
CO	Montrose	2013	216486		Coal (short tons)
CO	Rio Blanco	2013	350060		Coal (short tons)
CO	Routt	2013	7235627		Coal (short tons)
IL	Gallatin	2004	2747474		Coal (short tons)
IL	Jackson	2004	26413		Coal (short tons)
IL	Macoupin	2004	1369460		Coal (short tons)
IL	Montgomery	2004	1894838		Coal (short tons)
IL	Perry	2004	73222		Coal (short tons)
IL	Sangamon	2004	2122564		Coal (short tons)
IL	Vermilion	2004	1310773		Coal (short tons)
IL	Wabash	2004	95705		Coal (short tons)
IL	White	2004	2440288		Coal (short tons)
IL	Williamson	2004	82640		Coal (short tons)
IL	Gallatin	2005	59436		Coal (short tons)
IL	Macoupin	2005	1871490		Coal (short tons)
IL	Perry	2005	394184		Coal (short tons)
IL	Sangamon	2005	2331564		Coal (short tons)
IL	Vermilion	2005	1496753		Coal (short tons)
IL	Wabash	2005	16863		Coal (short tons)
IL	White	2005	2635320		Coal (short tons)
IL	Gallatin	2006	2045743		Coal (short tons)
IL	Macoupin	2006	1589922		Coal (short tons)
IL	Perry	2006	64542		Coal (short tons)
IL	Saline	2006	494367		Coal (short tons)
IL	Sangamon	2006	2085401		Coal (short tons)
IL	Vermilion	2006	1223993		Coal (short tons)
IL	Wabash	2006	339349		Coal (short tons)
IL	White	2006	2505269		Coal (short tons)
IL	Williamson	2006	94171		Coal (short tons)
IL	Gallatin	2007	2069814		Coal (short tons)
IL	Jackson	2007	19441		Coal (short tons)
IL	Macoupin	2007	1511109		Coal (short tons)
IL	Perry	2007	446557		Coal (short tons)
IL	Saline	2007	847815		Coal (short tons)
IL	Sangamon	2007	2089691		Coal (short tons)
IL	Vermilion	2007	1375378		Coal (short tons)
IL	Wabash	2007	937824		Coal (short tons)
IL	White	2007	2896677		Coal (short tons)
IL	Williamson	2007	1075762		Coal (short tons)
IL	Gallatin	2008	2230577		Coal (short tons)
IL	Jackson	2008	195753		Coal (short tons)
IL	Macoupin	2008	1407552		Coal (short tons)
IL	Perry	2008	1112101		Coal (short tons)
IL	Saline	2008	709428		Coal (short tons)
IL	Sangamon	2008	2261029		Coal (short tons)
IL	Vermilion	2008	1129783		Coal (short tons)
IL	Wabash	2008	1037125		Coal (short tons)
IL	White	2008	2653250		Coal (short tons)
IL	Williamson	2008	5503665		Coal (short tons)
IL	Gallatin	2009	2116574		Coal (short tons)
IL	Jackson	2009	366773		Coal (short tons)
IL	Mcdonough	2009	137468		Coal (short tons)
IL	Macoupin	2009	1360392		Coal (short tons)
IL	Perry	2009	166428		Coal (short tons)
IL	Saline	2009	701946		Coal (short tons)
IL	Sangamon	2009	2251948		Coal (short tons)
IL	Vermilion	2009	214627		Coal (short tons)
IL	Wabash	2009	977582		Coal (short tons)
IL	White	2009	2472635		Coal (short tons)
IL	Williamson	2009	5921151		Coal (short tons)
IL	Gallatin	2010	2127949		Coal (short tons)
IL	Mcdonough	2010	194778		Coal (short tons)
IL	Macoupin	2010	1310941		Coal (short tons)
IL	Montgomery	2010	20639		Coal (short tons)
IL	Perry	2010	843955		Coal (short tons)
IL	Saline	2010	616533		Coal (short tons)
IL	Sangamon	2010	2475257		Coal (short tons)
IL	Wabash	2010	1080062		Coal (short tons)
IL	White	2010	1657057		Coal (short tons)
IL	Williamson	2010	5795493		Coal (short tons)
IL	Gallatin	2011	1897146		Coal (short tons)
IL	Mcdonough	2011	165782		Coal (short tons)
IL	Macoupin	2011	934682		Coal (short tons)
IL	Montgomery	2011	491227		Coal (short tons)
IL	Perry	2011	958919		Coal (short tons)
IL	Randolph	2011	140113		Coal (short tons)
IL	Saline	2011	1783046		Coal (short tons)
IL	Sangamon	2011	2098366		Coal (short tons)
IL	Wabash	2011	1275023		Coal (short tons)
IL	Washington	2011	1002059		Coal (short tons)
IL	White	2011	2199078		Coal (short tons)
IL	Williamson	2011	7226500		Coal (short tons)
IL	Franklin	2012	4690260		Coal (short tons)
IL	Gallatin	2012	1997441		Coal (short tons)
IL	Mcdonough	2012	183641		Coal (short tons)
IL	Macoupin	2012	811103		Coal (short tons)
IL	Montgomery	2012	2365356		Coal (short tons)
IL	Perry	2012	980937		Coal (short tons)
IL	Randolph	2012	158810		Coal (short tons)
IL	Saline	2012	3642169		Coal (short tons)
IL	Sangamon	2012	2108054		Coal (short tons)
IL	Wabash	2012	1439028		Coal (short tons)
IL	Washington	2012	2818895		Coal (short tons)
IL	White	2012	2380484		Coal (short tons)
IL	Williamson	2012	7528061		Coal (short tons)
IL	Franklin	2013	6493536		Coal (short tons)
IL	Gallatin	2013	2016232		Coal (short tons)
IL	Macoupin	2013	930272		Coal (short tons)
IL	Montgomery	2013	4845308		Coal (short tons)
IL	Randolph	2013	640865		Coal (short tons)
IL	Saline	2013	5450222		Coal (short tons)
IL	Sangamon	2013	2281446		Coal (short tons)
IL	Wabash	2013	1252092		Coal (short tons)
IL	Washington	2013	4629720		Coal (short tons)
IL	White	2013	2596801		Coal (short tons)
IL	Williamson	2013	6694630		Coal (short tons)
IN	Clay	2004	61808		Coal (short tons)
IN	Daviess	2004	1460473		Coal (short tons)
IN	Jackson	2004	53228		Coal (short tons)
IN	Knox	2004	462323		Coal (short tons)
IN	Spencer	2004	311157		Coal (short tons)
IN	Warrick	2004	43306		Coal (short tons)
IN	Clay	2005	26564		Coal (short tons)
IN	Crawford	2005	208477		Coal (short tons)
IN	Daviess	2005	1547874		Coal (short tons)
IN	Knox	2005	534843		Coal (short tons)
IN	Spencer	2005	217431		Coal (short tons)
IN	Sullivan	2005	15474		Coal (short tons)
IN	Warrick	2005	18185		Coal (short tons)
IN	Clay	2006	92420		Coal (short tons)
IN	Daviess	2006	1516865		Coal (short tons)
IN	Dubois	2006	79995		Coal (short tons)
IN	Knox	2006	92958		Coal (short tons)
IN	Sullivan	2006	27595		Coal (short tons)
IN	Warrick	2006	7681		Coal (short tons)
IN	Daviess	2007	1656645		Coal (short tons)
IN	Dubois	2007	673535		Coal (short tons)
IN	Knox	2007	670351		Coal (short tons)
IN	Pike	2007	262373		Coal (short tons)
IN	Sullivan	2007	1039232		Coal (short tons)
IN	Warrick	2007	726669		Coal (short tons)
IN	Daviess	2008	30639		Coal (short tons)
IN	Dubois	2008	845652		Coal (short tons)
IN	Gibson	2008	2220257		Coal (short tons)
IN	Knox	2008	471149		Coal (short tons)
IN	Pike	2008	2371		Coal (short tons)
IN	Sullivan	2008	106698		Coal (short tons)
IN	Vigo	2008	474947		Coal (short tons)
IN	Warrick	2008	92596		Coal (short tons)
IN	Clay	2009	71513		Coal (short tons)
IN	Daviess	2009	532255		Coal (short tons)
IN	Dubois	2009	1127348		Coal (short tons)
IN	Gibson	2009	435732		Coal (short tons)
IN	Knox	2009	47009		Coal (short tons)
IN	Pike	2009	342743		Coal (short tons)
IN	Sullivan	2009	58799		Coal (short tons)
IN	Vigo	2009	485710		Coal (short tons)
IN	Warrick	2009	438041		Coal (short tons)
IN	Clay	2010	25100		Coal (short tons)
IN	Daviess	2010	379638		Coal (short tons)
IN	Dubois	2010	1286185		Coal (short tons)
IN	Knox	2010	15305		Coal (short tons)
IN	Sullivan	2010	3004056		Coal (short tons)
IN	Vigo	2010	494698		Coal (short tons)
IN	Warrick	2010	80432		Coal (short tons)
IN	Daviess	2011	824404		Coal (short tons)
IN	Dubois	2011	1152113		Coal (short tons)
IN	Gibson	2011	2966915		Coal (short tons)
IN	Knox	2011	167888		Coal (short tons)
IN	Pike	2011	64047		Coal (short tons)
IN	Sullivan	2011	6615982		Coal (short tons)
IN	Vigo	2011	425613		Coal (short tons)
IN	Warrick	2011	246593		Coal (short tons)
IN	Daviess	2012	907377		Coal (short tons)
IN	Dubois	2012	867123		Coal (short tons)
IN	Gibson	2012	2756107		Coal (short tons)
IN	Knox	2012	303527		Coal (short tons)
IN	Pike	2012	510800		Coal (short tons)
IN	Sullivan	2012	6999		Coal (short tons)
IN	Warrick	2012	373742		Coal (short tons)
IN	Clay	2013	119886		Coal (short tons)
IN	Daviess	2013	991309		Coal (short tons)
IN	Dubois	2013	1159798		Coal (short tons)
IN	Gibson	2013	234638		Coal (short tons)
IN	Pike	2013	888785		Coal (short tons)
IN	Sullivan	2013	21674		Coal (short tons)
IN	Vigo	2013	21904		Coal (short tons)
IN	Warrick	2013	469811		Coal (short tons)
KS	Bourbon	2004	70650		Coal (short tons)
KS	Bourbon	2005	170658		Coal (short tons)
KS	Bourbon	2006	254077		Coal (short tons)
KS	Linn	2006	171920		Coal (short tons)
KS	Bourbon	2007	210943		Coal (short tons)
KS	Linn	2007	209493		Coal (short tons)
KS	Bourbon	2008	180967		Coal (short tons)
KS	Linn	2008	48279		Coal (short tons)
KS	Bourbon	2009	184812		Coal (short tons)
KS	Bourbon	2010	132691		Coal (short tons)
KS	Bourbon	2011	37257		Coal (short tons)
KS	Bourbon	2012	15864		Coal (short tons)
KS	Bourbon	2013	22150		Coal (short tons)
KY	Bell	2004	3420		Coal (short tons)
KY	Boyd	2004	11140		Coal (short tons)
KY	Breathitt	2004	1165		Coal (short tons)
KY	Carter	2004	10456		Coal (short tons)
KY	Clay	2004	469		Coal (short tons)
KY	Floyd	2004	7148		Coal (short tons)
KY	Harlan	2004	44417		Coal (short tons)
KY	Henderson	2004	116080		Coal (short tons)
KY	Hopkins	2004	146710		Coal (short tons)
KY	Jackson	2004	21539		Coal (short tons)
KY	Johnson	2004	9909		Coal (short tons)
KY	Knott	2004	55964		Coal (short tons)
KY	Knox	2004	3819		Coal (short tons)
KY	Laurel	2004	3766		Coal (short tons)
KY	Lawrence	2004	4368		Coal (short tons)
KY	Lee	2004	18397		Coal (short tons)
KY	Leslie	2004	576013		Coal (short tons)
KY	Letcher	2004	13161		Coal (short tons)
KY	Magoffin	2004	18495		Coal (short tons)
KY	Martin	2004	30538		Coal (short tons)
KY	Morgan	2004	22202		Coal (short tons)
KY	Muhlenberg	2004	1932		Coal (short tons)
KY	Ohio	2004	1305490		Coal (short tons)
KY	Owsley	2004	26160		Coal (short tons)
KY	Perry	2004	53746		Coal (short tons)
KY	Pike	2004	2399		Coal (short tons)
KY	Union	2004	1189407		Coal (short tons)
KY	Webster	2004	1101225		Coal (short tons)
KY	Whitley	2004	187769		Coal (short tons)
KY	Bell	2005	1470		Coal (short tons)
KY	Boyd	2005	47		Coal (short tons)
KY	Breathitt	2005	161889		Coal (short tons)
KY	Carter	2005	24533		Coal (short tons)
KY	Clay	2005	14218		Coal (short tons)
KY	Elliott	2005	39460		Coal (short tons)
KY	Floyd	2005	2909		Coal (short tons)
KY	Harlan	2005	17897		Coal (short tons)
KY	Henderson	2005	85177		Coal (short tons)
KY	Hopkins	2005	13488		Coal (short tons)
KY	Jackson	2005	25774		Coal (short tons)
KY	Johnson	2005	1366		Coal (short tons)
KY	Knott	2005	12595		Coal (short tons)
KY	Knox	2005	8347		Coal (short tons)
KY	Laurel	2005	11297		Coal (short tons)
KY	Lawrence	2005	18574		Coal (short tons)
KY	Lee	2005	3200		Coal (short tons)
KY	Leslie	2005	58969		Coal (short tons)
KY	Letcher	2005	3830		Coal (short tons)
KY	Magoffin	2005	77915		Coal (short tons)
KY	Martin	2005	76633		Coal (short tons)
KY	Morgan	2005	11691		Coal (short tons)
KY	Muhlenberg	2005	32042		Coal (short tons)
KY	Ohio	2005	1319329		Coal (short tons)
KY	Owsley	2005	19278		Coal (short tons)
KY	Perry	2005	67266		Coal (short tons)
KY	Pike	2005	19129		Coal (short tons)
KY	Rockcastle	2005	60847		Coal (short tons)
KY	Union	2005	115481		Coal (short tons)
KY	Webster	2005	473243		Coal (short tons)
KY	Whitley	2005	58915		Coal (short tons)
KY	Wolfe	2005	790		Coal (short tons)
KY	Bell	2006	86805		Coal (short tons)
KY	Breathitt	2006	15438		Coal (short tons)
KY	Christian	2006	6841		Coal (short tons)
KY	Elliott	2006	9185		Coal (short tons)
KY	Floyd	2006	10296		Coal (short tons)
KY	Harlan	2006	5176		Coal (short tons)
KY	Hopkins	2006	2350		Coal (short tons)
KY	Jackson	2006	13289		Coal (short tons)
KY	Johnson	2006	20355		Coal (short tons)
KY	Knott	2006	29446		Coal (short tons)
KY	Knox	2006	5111		Coal (short tons)
KY	Laurel	2006	134900		Coal (short tons)
KY	Lawrence	2006	1793		Coal (short tons)
KY	Lee	2006	24084		Coal (short tons)
KY	Leslie	2006	31569		Coal (short tons)
KY	Letcher	2006	2873		Coal (short tons)
KY	Magoffin	2006	412214		Coal (short tons)
KY	Morgan	2006	49223		Coal (short tons)
KY	Muhlenberg	2006	91024		Coal (short tons)
KY	Ohio	2006	1283913		Coal (short tons)
KY	Owsley	2006	37060		Coal (short tons)
KY	Perry	2006	7597		Coal (short tons)
KY	Pike	2006	2476		Coal (short tons)
KY	Rockcastle	2006	60989		Coal (short tons)
KY	Union	2006	24112		Coal (short tons)
KY	Webster	2006	1619049		Coal (short tons)
KY	Whitley	2006	148713		Coal (short tons)
KY	Bell	2007	36435		Coal (short tons)
KY	Breathitt	2007	52034		Coal (short tons)
KY	Clay	2007	957		Coal (short tons)
KY	Daviess	2007	231739		Coal (short tons)
KY	Floyd	2007	71501		Coal (short tons)
KY	Harlan	2007	40641		Coal (short tons)
KY	Hopkins	2007	2587864		Coal (short tons)
KY	Jackson	2007	49050		Coal (short tons)
KY	Johnson	2007	18779		Coal (short tons)
KY	Knott	2007	2226		Coal (short tons)
KY	Knox	2007	6769		Coal (short tons)
KY	Laurel	2007	83664		Coal (short tons)
KY	Lawrence	2007	8874		Coal (short tons)
KY	Leslie	2007	87636		Coal (short tons)
KY	Letcher	2007	7807		Coal (short tons)
KY	Magoffin	2007	7451		Coal (short tons)
KY	Martin	2007	247091		Coal (short tons)
KY	Morgan	2007	1580		Coal (short tons)
KY	Owsley	2007	490		Coal (short tons)
KY	Perry	2007	21190		Coal (short tons)
KY	Pike	2007	1929		Coal (short tons)
KY	Union	2007	2616		Coal (short tons)
KY	Webster	2007	1962836		Coal (short tons)
KY	Whitley	2007	29266		Coal (short tons)
KY	Bell	2008	61323		Coal (short tons)
KY	Breathitt	2008	127942		Coal (short tons)
KY	Christian	2008	4203		Coal (short tons)
KY	Clay	2008	3067		Coal (short tons)
KY	Daviess	2008	342100		Coal (short tons)
KY	Elliott	2008	37630		Coal (short tons)
KY	Floyd	2008	5077		Coal (short tons)
KY	Harlan	2008	19878		Coal (short tons)
KY	Hopkins	2008	4033847		Coal (short tons)
KY	Jackson	2008	17717		Coal (short tons)
KY	Johnson	2008	24468		Coal (short tons)
KY	Knott	2008	36775		Coal (short tons)
KY	Knox	2008	4500		Coal (short tons)
KY	Laurel	2008	411		Coal (short tons)
KY	Lawrence	2008	20392		Coal (short tons)
KY	Leslie	2008	71997		Coal (short tons)
KY	Letcher	2008	3187		Coal (short tons)
KY	Magoffin	2008	165102		Coal (short tons)
KY	Martin	2008	43274		Coal (short tons)
KY	Morgan	2008	7102		Coal (short tons)
KY	Ohio	2008	806781		Coal (short tons)
KY	Owsley	2008	34687		Coal (short tons)
KY	Perry	2008	7749		Coal (short tons)
KY	Pike	2008	6128		Coal (short tons)
KY	Union	2008	1013352		Coal (short tons)
KY	Webster	2008	1985792		Coal (short tons)
KY	Whitley	2008	34537		Coal (short tons)
KY	Bell	2009	83453		Coal (short tons)
KY	Breathitt	2009	4663		Coal (short tons)
KY	Clay	2009	25776		Coal (short tons)
KY	Daviess	2009	407034		Coal (short tons)
KY	Elliott	2009	3753		Coal (short tons)
KY	Floyd	2009	27473		Coal (short tons)
KY	Harlan	2009	71788		Coal (short tons)
KY	Hopkins	2009	3978966		Coal (short tons)
KY	Jackson	2009	30386		Coal (short tons)
KY	Johnson	2009	2851		Coal (short tons)
KY	Knott	2009	57255		Coal (short tons)
KY	Knox	2009	18089		Coal (short tons)
KY	Laurel	2009	3320		Coal (short tons)
KY	Lawrence	2009	122543		Coal (short tons)
KY	Lee	2009	1023		Coal (short tons)
KY	Leslie	2009	64723		Coal (short tons)
KY	Letcher	2009	5290		Coal (short tons)
KY	Magoffin	2009	98		Coal (short tons)
KY	Martin	2009	153355		Coal (short tons)
KY	Morgan	2009	83025		Coal (short tons)
KY	Muhlenberg	2009	1749		Coal (short tons)
KY	Ohio	2009	735591		Coal (short tons)
KY	Owsley	2009	8637		Coal (short tons)
KY	Perry	2009	270586		Coal (short tons)
KY	Pike	2009	28885		Coal (short tons)
KY	Pulaski	2009	549		Coal (short tons)
KY	Union	2009	533750		Coal (short tons)
KY	Webster	2009	1911996		Coal (short tons)
KY	Whitley	2009	2160		Coal (short tons)
KY	Bell	2010	10932		Coal (short tons)
KY	Boyd	2010	272102		Coal (short tons)
KY	Breathitt	2010	5097		Coal (short tons)
KY	Clay	2010	3898		Coal (short tons)
KY	Daviess	2010	373954		Coal (short tons)
KY	Floyd	2010	57187		Coal (short tons)
KY	Harlan	2010	64391		Coal (short tons)
KY	Hopkins	2010	3340502		Coal (short tons)
KY	Jackson	2010	27462		Coal (short tons)
KY	Johnson	2010	56634		Coal (short tons)
KY	Knott	2010	38266		Coal (short tons)
KY	Knox	2010	7076		Coal (short tons)
KY	Lawrence	2010	3217		Coal (short tons)
KY	Leslie	2010	5592		Coal (short tons)
KY	Letcher	2010	65042		Coal (short tons)
KY	Magoffin	2010	478684		Coal (short tons)
KY	Martin	2010	114024		Coal (short tons)
KY	Muhlenberg	2010	51398		Coal (short tons)
KY	Ohio	2010	1641114		Coal (short tons)
KY	Owsley	2010	944		Coal (short tons)
KY	Perry	2010	4369		Coal (short tons)
KY	Pike	2010	10138		Coal (short tons)
KY	Union	2010	5830052		Coal (short tons)
KY	Webster	2010	1989390		Coal (short tons)
KY	Whitley	2010	2430		Coal (short tons)
KY	Bell	2011	20028		Coal (short tons)
KY	Boyd	2011	406181		Coal (short tons)
KY	Breathitt	2011	9595		Coal (short tons)
KY	Clay	2011	765		Coal (short tons)
KY	Daviess	2011	405487		Coal (short tons)
KY	Elliott	2011	47384		Coal (short tons)
KY	Floyd	2011	2368		Coal (short tons)
KY	Harlan	2011	20996		Coal (short tons)
KY	Hopkins	2011	3335001		Coal (short tons)
KY	Johnson	2011	48376		Coal (short tons)
KY	Knott	2011	96033		Coal (short tons)
KY	Knox	2011	58266		Coal (short tons)
KY	Lawrence	2011	7130		Coal (short tons)
KY	Leslie	2011	7405		Coal (short tons)
KY	Letcher	2011	2969		Coal (short tons)
KY	Magoffin	2011	769699		Coal (short tons)
KY	Martin	2011	142243		Coal (short tons)
KY	Muhlenberg	2011	123223		Coal (short tons)
KY	Ohio	2011	13643		Coal (short tons)
KY	Owsley	2011	11128		Coal (short tons)
KY	Perry	2011	18680		Coal (short tons)
KY	Pike	2011	11574		Coal (short tons)
KY	Union	2011	7582894		Coal (short tons)
KY	Webster	2011	2130480		Coal (short tons)
KY	Whitley	2011	23367		Coal (short tons)
KY	Bell	2012	58369		Coal (short tons)
KY	Breathitt	2012	256287		Coal (short tons)
KY	Christian	2012	10742		Coal (short tons)
KY	Clay	2012	20036		Coal (short tons)
KY	Daviess	2012	103089		Coal (short tons)
KY	Elliott	2012	2396		Coal (short tons)
KY	Floyd	2012	22961		Coal (short tons)
KY	Harlan	2012	10064		Coal (short tons)
KY	Henderson	2012	70816		Coal (short tons)
KY	Hopkins	2012	3068895		Coal (short tons)
KY	Johnson	2012	5662		Coal (short tons)
KY	Knott	2012	183681		Coal (short tons)
KY	Knox	2012	42054		Coal (short tons)
KY	Laurel	2012	5812		Coal (short tons)
KY	Lawrence	2012	54608		Coal (short tons)
KY	Leslie	2012	211559		Coal (short tons)
KY	Letcher	2012	2235		Coal (short tons)
KY	Mccreary	2012	31744		Coal (short tons)
KY	Magoffin	2012	9106		Coal (short tons)
KY	Martin	2012	2438		Coal (short tons)
KY	Muhlenberg	2012	457510		Coal (short tons)
KY	Ohio	2012	8863		Coal (short tons)
KY	Owsley	2012	13953		Coal (short tons)
KY	Pike	2012	2141		Coal (short tons)
KY	Rockcastle	2012	4930		Coal (short tons)
KY	Union	2012	8622321		Coal (short tons)
KY	Webster	2012	46513		Coal (short tons)
KY	Whitley	2012	72693		Coal (short tons)
KY	Wolfe	2012	46154		Coal (short tons)
KY	Breathitt	2013	272975		Coal (short tons)
KY	Clay	2013	1190		Coal (short tons)
KY	Elliott	2013	46421		Coal (short tons)
KY	Floyd	2013	107272		Coal (short tons)
KY	Harlan	2013	23967		Coal (short tons)
KY	Henderson	2013	13663		Coal (short tons)
KY	Hopkins	2013	3073998		Coal (short tons)
KY	Johnson	2013	152103		Coal (short tons)
KY	Knott	2013	77660		Coal (short tons)
KY	Knox	2013	1914		Coal (short tons)
KY	Laurel	2013	8736		Coal (short tons)
KY	Lawrence	2013	4717		Coal (short tons)
KY	Leslie	2013	22182		Coal (short tons)
KY	Letcher	2013	2131		Coal (short tons)
KY	Magoffin	2013	106138		Coal (short tons)
KY	Martin	2013	186083		Coal (short tons)
KY	Muhlenberg	2013	1347372		Coal (short tons)
KY	Ohio	2013	26300		Coal (short tons)
KY	Pike	2013	90613		Coal (short tons)
KY	Rockcastle	2013	13441		Coal (short tons)
KY	Union	2013	9310310		Coal (short tons)
KY	Webster	2013	9595		Coal (short tons)
KY	Whitley	2013	28646		Coal (short tons)
LA	De Soto	2004	3265020		Coal (short tons)
LA	Red River	2004	540468		Coal (short tons)
LA	De Soto	2005	3562504		Coal (short tons)
LA	Red River	2005	598458		Coal (short tons)
LA	De Soto	2006	3330878		Coal (short tons)
LA	Red River	2006	783138		Coal (short tons)
LA	De Soto	2007	2622578		Coal (short tons)
LA	Red River	2007	504008		Coal (short tons)
LA	De Soto	2008	3284659		Coal (short tons)
LA	Red River	2008	558584		Coal (short tons)
LA	De Soto	2009	2975600		Coal (short tons)
LA	Red River	2009	681816		Coal (short tons)
LA	De Soto	2010	3929434		Coal (short tons)
LA	Natchitoches	2010	15108		Coal (short tons)
LA	De Soto	2011	3864700		Coal (short tons)
LA	De Soto	2012	3866574		Coal (short tons)
LA	Natchitoches	2012	104555		Coal (short tons)
LA	De Soto	2013	2715366		Coal (short tons)
LA	Natchitoches	2013	94405		Coal (short tons)
MD	Allegany	2004	65582		Coal (short tons)
MD	Garrett	2004	5366		Coal (short tons)
MD	Allegany	2005	20068		Coal (short tons)
MD	Garrett	2005	45671		Coal (short tons)
MD	Allegany	2006	166023		Coal (short tons)
MD	Garrett	2006	73098		Coal (short tons)
MD	Allegany	2007	8318		Coal (short tons)
MD	Garrett	2007	25562		Coal (short tons)
MD	Allegany	2008	30089		Coal (short tons)
MD	Garrett	2008	32431		Coal (short tons)
MD	Allegany	2009	157782		Coal (short tons)
MD	Garrett	2009	5140		Coal (short tons)
MD	Allegany	2010	3781		Coal (short tons)
MD	Garrett	2010	4653		Coal (short tons)
MD	Allegany	2011	5086		Coal (short tons)
MD	Garrett	2011	131720		Coal (short tons)
MD	Allegany	2012	6463		Coal (short tons)
MD	Garrett	2012	277945		Coal (short tons)
MD	Allegany	2013	4557		Coal (short tons)
MD	Garrett	2013	7328		Coal (short tons)
MS	Choctaw	2004	3586363		Coal (short tons)
MS	Choctaw	2005	3555351		Coal (short tons)
MS	Choctaw	2006	3797455		Coal (short tons)
MS	Choctaw	2007	3545266		Coal (short tons)
MS	Choctaw	2008	2841512		Coal (short tons)
MS	Choctaw	2009	3439987		Coal (short tons)
MS	Choctaw	2010	4003505		Coal (short tons)
MS	Choctaw	2011	2746744		Coal (short tons)
MS	Choctaw	2012	2952818		Coal (short tons)
MS	Choctaw	2013	3323478		Coal (short tons)
MS	Kemper	2013	251591		Coal (short tons)
MO	Bates	2004	248540		Coal (short tons)
MO	Bates	2005	378863		Coal (short tons)
MO	Bates	2006	202367		Coal (short tons)
MO	Bates	2007	166477		Coal (short tons)
MO	Bates	2008	184995		Coal (short tons)
MO	Bates	2009	194517		Coal (short tons)
MO	Bates	2010	183609		Coal (short tons)
MO	Bates	2011	211799		Coal (short tons)
MO	Bates	2012	72281		Coal (short tons)
MO	Bates	2013	413703		Coal (short tons)
MT	Bighorn	2004	12068328		Coal (short tons)
MT	Musselshell	2004	157578		Coal (short tons)
MT	Richland	2004	381968		Coal (short tons)
MT	Rosebud	2004	12664823		Coal (short tons)
MT	Bighorn	2005	13119202		Coal (short tons)
MT	Musselshell	2005	162238		Coal (short tons)
MT	Richland	2005	330477		Coal (short tons)
MT	Rosebud	2005	13376542		Coal (short tons)
MT	Bighorn	2006	14541054		Coal (short tons)
MT	Musselshell	2006	320847		Coal (short tons)
MT	Richland	2006	378123		Coal (short tons)
MT	Rosebud	2006	12731701		Coal (short tons)
MT	Bighorn	2007	15712091		Coal (short tons)
MT	Musselshell	2007	47165		Coal (short tons)
MT	Richland	2007	358391		Coal (short tons)
MT	Rosebud	2007	12583084		Coal (short tons)
MT	Bighorn	2008	17947506		Coal (short tons)
MT	Musselshell	2008	168252		Coal (short tons)
MT	Richland	2008	354859		Coal (short tons)
MT	Rosebud	2008	13052713		Coal (short tons)
MT	Bighorn	2009	17608969		Coal (short tons)
MT	Musselshell	2009	775532		Coal (short tons)
MT	Richland	2009	342586		Coal (short tons)
MT	Rosebud	2009	10331684		Coal (short tons)
MT	Bighorn	2010	19325848		Coal (short tons)
MT	Musselshell	2010	4388852		Coal (short tons)
MT	Richland	2010	351502		Coal (short tons)
MT	Rosebud	2010	12231389		Coal (short tons)
MT	Bighorn	2011	19080552		Coal (short tons)
MT	Musselshell	2011	5135570		Coal (short tons)
MT	Richland	2011	354669		Coal (short tons)
MT	Rosebud	2011	8784828		Coal (short tons)
MT	Bighorn	2012	17199485		Coal (short tons)
MT	Musselshell	2012	5707633		Coal (short tons)
MT	Richland	2012	296454		Coal (short tons)
MT	Rosebud	2012	8018098		Coal (short tons)
MT	Big Horn	2013	17669717		Coal (short tons)
MT	Musselshell	2013	8682884		Coal (short tons)
MT	Richland	2013	354184		Coal (short tons)
MT	Rosebud	2013	8234130		Coal (short tons)
NM	Mckinley	2004	5775777		Coal (short tons)
NM	San Juan	2004	7685041		Coal (short tons)
NM	Mckinley	2005	5314923		Coal (short tons)
NM	San Juan	2005	7905477		Coal (short tons)
NM	Mckinley	2006	5502565		Coal (short tons)
NM	San Juan	2006	6993143		Coal (short tons)
NM	Mckinley	2007	5358749		Coal (short tons)
NM	San Juan	2007	6898040		Coal (short tons)
NM	Mckinley	2008	3284084		Coal (short tons)
NM	San Juan	2008	7046199		Coal (short tons)
NM	Mckinley	2009	5445200		Coal (short tons)
NM	San Juan	2009	6499195		Coal (short tons)
NM	Mckinley	2010	6639386		Coal (short tons)
NM	San Juan	2010	4931891		Coal (short tons)
NM	San Juan	2011	3983025		Coal (short tons)
NM	Mckinley	2012	8566613		Coal (short tons)
NM	San Juan	2012	4960375		Coal (short tons)
NM	Mckinley	2013	8676276		Coal (short tons)
NM	San Juan	2013	5989380		Coal (short tons)
ND	Mclean	2004	7578153		Coal (short tons)
ND	Mercer	2004	15208281		Coal (short tons)
ND	Oliver	2004	4103859		Coal (short tons)
ND	Mclean	2005	7743341		Coal (short tons)
ND	Mercer	2005	15007352		Coal (short tons)
ND	Oliver	2005	4367952		Coal (short tons)
ND	Mclean	2006	8155004		Coal (short tons)
ND	Mercer	2006	15243391		Coal (short tons)
ND	Mclean	2007	7788852		Coal (short tons)
ND	Mercer	2007	14955989		Coal (short tons)
ND	Mclean	2008	7532993		Coal (short tons)
ND	Mercer	2008	14565631		Coal (short tons)
ND	Oliver	2008	4505263		Coal (short tons)
ND	Mclean	2009	8071246		Coal (short tons)
ND	Mercer	2009	15046737		Coal (short tons)
ND	Mclean	2010	7570950		Coal (short tons)
ND	Mercer	2010	14594871		Coal (short tons)
ND	Mclean	2011	7477211		Coal (short tons)
ND	Mercer	2011	13639122		Coal (short tons)
ND	Mclean	2012	7914827		Coal (short tons)
ND	Mercer	2012	12974746		Coal (short tons)
ND	Oliver	2012	4324815		Coal (short tons)
ND	Mclean	2013	7650076		Coal (short tons)
ND	Mercer	2013	13782716		Coal (short tons)
OH	Athans	2004	1215027		Coal (short tons)
OH	Belmont	2004	117310		Coal (short tons)
OH	Carroll	2004	3892		Coal (short tons)
OH	Columbiana	2004	44108		Coal (short tons)
OH	Coshocton	2004	441848		Coal (short tons)
OH	Guernsey	2004	2799		Coal (short tons)
OH	Jackson	2004	17813		Coal (short tons)
OH	Jefferson	2004	6359		Coal (short tons)
OH	Lawrence	2004	6421		Coal (short tons)
OH	Mahoning	2004	16616		Coal (short tons)
OH	Monroe	2004	5820654		Coal (short tons)
OH	Muskingum	2004	91145		Coal (short tons)
OH	Noble	2004	489629		Coal (short tons)
OH	Perry	2004	710866		Coal (short tons)
OH	Stark	2004	198829		Coal (short tons)
OH	Tuscarawas	2004	106195		Coal (short tons)
OH	Vinton	2004	307633		Coal (short tons)
OH	Athans	2005	1148579		Coal (short tons)
OH	Belmont	2005	124741		Coal (short tons)
OH	Carroll	2005	25940		Coal (short tons)
OH	Columbiana	2005	81544		Coal (short tons)
OH	Coshocton	2005	418641		Coal (short tons)
OH	Harrison	2005	7918		Coal (short tons)
OH	Jackson	2005	17588		Coal (short tons)
OH	Jefferson	2005	66130		Coal (short tons)
OH	Lawrence	2005	624		Coal (short tons)
OH	Mahoning	2005	10914		Coal (short tons)
OH	Monroe	2005	6630590		Coal (short tons)
OH	Muskingum	2005	31433		Coal (short tons)
OH	Noble	2005	500902		Coal (short tons)
OH	Perry	2005	2676		Coal (short tons)
OH	Stark	2005	141708		Coal (short tons)
OH	Tuscarawas	2005	306370		Coal (short tons)
OH	Vinton	2005	218411		Coal (short tons)
OH	Athans	2006	799686		Coal (short tons)
OH	Belmont	2006	176118		Coal (short tons)
OH	Carroll	2006	19068		Coal (short tons)
OH	Columbiana	2006	153859		Coal (short tons)
OH	Coshocton	2006	82736		Coal (short tons)
OH	Harrison	2006	25782		Coal (short tons)
OH	Jackson	2006	443729		Coal (short tons)
OH	Jefferson	2006	164293		Coal (short tons)
OH	Mahoning	2006	8131		Coal (short tons)
OH	Monroe	2006	6450932		Coal (short tons)
OH	Muskingum	2006	169042		Coal (short tons)
OH	Noble	2006	149742		Coal (short tons)
OH	Perry	2006	5954		Coal (short tons)
OH	Stark	2006	33803		Coal (short tons)
OH	Tuscarawas	2006	447977		Coal (short tons)
OH	Vinton	2006	532705		Coal (short tons)
OH	Athans	2007	287558		Coal (short tons)
OH	Belmont	2007	215936		Coal (short tons)
OH	Carroll	2007	246054		Coal (short tons)
OH	Columbiana	2007	38120		Coal (short tons)
OH	Coshocton	2007	171425		Coal (short tons)
OH	Guernsey	2007	3664		Coal (short tons)
OH	Harrison	2007	190145		Coal (short tons)
OH	Jackson	2007	348956		Coal (short tons)
OH	Jefferson	2007	26827		Coal (short tons)
OH	Mahoning	2007	11386		Coal (short tons)
OH	Monroe	2007	7141934		Coal (short tons)
OH	Muskingum	2007	168898		Coal (short tons)
OH	Noble	2007	158560		Coal (short tons)
OH	Perry	2007	366668		Coal (short tons)
OH	Stark	2007	34861		Coal (short tons)
OH	Tuscarawas	2007	485409		Coal (short tons)
OH	Vinton	2007	515827		Coal (short tons)
OH	Belmont	2008	41181		Coal (short tons)
OH	Carroll	2008	15786		Coal (short tons)
OH	Columbiana	2008	104915		Coal (short tons)
OH	Coshocton	2008	247119		Coal (short tons)
OH	Harrison	2008	254738		Coal (short tons)
OH	Jackson	2008	373692		Coal (short tons)
OH	Jefferson	2008	5497		Coal (short tons)
OH	Lawrence	2008	2812		Coal (short tons)
OH	Mahoning	2008	8263		Coal (short tons)
OH	Monroe	2008	6843898		Coal (short tons)
OH	Muskingum	2008	165315		Coal (short tons)
OH	Noble	2008	227046		Coal (short tons)
OH	Perry	2008	1013917		Coal (short tons)
OH	Stark	2008	62929		Coal (short tons)
OH	Vinton	2008	677051		Coal (short tons)
OH	Belmont	2009	68690		Coal (short tons)
OH	Carroll	2009	5739		Coal (short tons)
OH	Columbiana	2009	47685		Coal (short tons)
OH	Coshocton	2009	401191		Coal (short tons)
OH	Guernsey	2009	21111		Coal (short tons)
OH	Harrison	2009	728429		Coal (short tons)
OH	Jackson	2009	375085		Coal (short tons)
OH	Jefferson	2009	178241		Coal (short tons)
OH	Lawrence	2009	13378		Coal (short tons)
OH	Mahoning	2009	7241		Coal (short tons)
OH	Monroe	2009	6033455		Coal (short tons)
OH	Muskingum	2009	146112		Coal (short tons)
OH	Noble	2009	241308		Coal (short tons)
OH	Perry	2009	946146		Coal (short tons)
OH	Stark	2009	122011		Coal (short tons)
OH	Tuscarawas	2009	9660		Coal (short tons)
OH	Vinton	2009	17179		Coal (short tons)
OH	Belmont	2010	46681		Coal (short tons)
OH	Carroll	2010	90792		Coal (short tons)
OH	Columbiana	2010	29103		Coal (short tons)
OH	Coshocton	2010	294832		Coal (short tons)
OH	Guernsey	2010	236939		Coal (short tons)
OH	Harrison	2010	983030		Coal (short tons)
OH	Jackson	2010	370004		Coal (short tons)
OH	Jefferson	2010	239111		Coal (short tons)
OH	Mahoning	2010	3252		Coal (short tons)
OH	Monroe	2010	6214246		Coal (short tons)
OH	Muskingum	2010	6651		Coal (short tons)
OH	Noble	2010	232700		Coal (short tons)
OH	Perry	2010	1013749		Coal (short tons)
OH	Stark	2010	1247		Coal (short tons)
OH	Tuscarawas	2010	58278		Coal (short tons)
OH	Vinton	2010	34311		Coal (short tons)
OH	Belmont	2011	49968		Coal (short tons)
OH	Carroll	2011	189336		Coal (short tons)
OH	Coshocton	2011	164672		Coal (short tons)
OH	Guernsey	2011	213347		Coal (short tons)
OH	Harrison	2011	71876		Coal (short tons)
OH	Jackson	2011	390697		Coal (short tons)
OH	Jefferson	2011	15098		Coal (short tons)
OH	Mahoning	2011	4548		Coal (short tons)
OH	Monroe	2011	7080629		Coal (short tons)
OH	Muskingum	2011	36300		Coal (short tons)
OH	Noble	2011	235450		Coal (short tons)
OH	Perry	2011	1809121		Coal (short tons)
OH	Stark	2011	53259		Coal (short tons)
OH	Tuscarawas	2011	3998		Coal (short tons)
OH	Vinton	2011	30162		Coal (short tons)
OH	Carroll	2012	147355		Coal (short tons)
OH	Harrison	2012	7390		Coal (short tons)
OH	Jackson	2012	129820		Coal (short tons)
OH	Jefferson	2012	11315		Coal (short tons)
OH	Mahoning	2012	3977		Coal (short tons)
OH	Monroe	2012	8446709		Coal (short tons)
OH	Muskingum	2012	374189		Coal (short tons)
OH	Noble	2012	228243		Coal (short tons)
OH	Perry	2012	1023940		Coal (short tons)
OH	Stark	2012	350550		Coal (short tons)
OH	Tuscarawas	2012	4825		Coal (short tons)
OH	Vinton	2012	206690		Coal (short tons)
OH	Carroll	2013	238241		Coal (short tons)
OH	Guernsey	2013	165080		Coal (short tons)
OH	Harrison	2013	205923		Coal (short tons)
OH	Jackson	2013	96165		Coal (short tons)
OH	Jefferson	2013	206488		Coal (short tons)
OH	Mahoning	2013	3616		Coal (short tons)
OH	Monroe	2013	8039546		Coal (short tons)
OH	Noble	2013	25821		Coal (short tons)
OH	Perry	2013	953947		Coal (short tons)
OH	Stark	2013	419217		Coal (short tons)
OH	Vinton	2013	283430		Coal (short tons)
OK	Craig	2004	288382		Coal (short tons)
OK	Haskell	2004	436605		Coal (short tons)
OK	Le Flore	2004	76774		Coal (short tons)
OK	Okmulgee	2004	4960		Coal (short tons)
OK	Rogers	2004	156848		Coal (short tons)
OK	Craig	2005	302499		Coal (short tons)
OK	Haskell	2005	408817		Coal (short tons)
OK	Le Flore	2005	18139		Coal (short tons)
OK	Okmulgee	2005	4875		Coal (short tons)
OK	Rogers	2005	208357		Coal (short tons)
OK	Craig	2006	367804		Coal (short tons)
OK	Haskell	2006	350569		Coal (short tons)
OK	Le Flore	2006	125276		Coal (short tons)
OK	Nowata	2006	216550		Coal (short tons)
OK	Okmulgee	2006	4194		Coal (short tons)
OK	Craig	2007	298221		Coal (short tons)
OK	Haskell	2007	138977		Coal (short tons)
OK	Le Flore	2007	94675		Coal (short tons)
OK	Nowata	2007	226978		Coal (short tons)
OK	Okmulgee	2007	693		Coal (short tons)
OK	Craig	2008	260574		Coal (short tons)
OK	Haskell	2008	169336		Coal (short tons)
OK	Le Flore	2008	440577		Coal (short tons)
OK	Okmulgee	2008	1172		Coal (short tons)
OK	Rogers	2008	168484		Coal (short tons)
OK	Craig	2009	46076		Coal (short tons)
OK	Haskell	2009	123766		Coal (short tons)
OK	Le Flore	2009	52568		Coal (short tons)
OK	Nowata	2009	22814		Coal (short tons)
OK	Okmulgee	2009	644		Coal (short tons)
OK	Rogers	2009	48302		Coal (short tons)
OK	Craig	2010	43696		Coal (short tons)
OK	Haskell	2010	11435		Coal (short tons)
OK	Le Flore	2010	237501		Coal (short tons)
OK	Nowata	2010	212817		Coal (short tons)
OK	Okmulgee	2010	1974		Coal (short tons)
OK	Rogers	2010	7712		Coal (short tons)
OK	Craig	2011	75074		Coal (short tons)
OK	Haskell	2011	203607		Coal (short tons)
OK	Le Flore	2011	408358		Coal (short tons)
OK	Nowata	2011	254087		Coal (short tons)
OK	Okmulgee	2011	2987		Coal (short tons)
OK	Craig	2012	4769		Coal (short tons)
OK	Haskell	2012	219046		Coal (short tons)
OK	Le Flore	2012	349489		Coal (short tons)
OK	Nowata	2012	253630		Coal (short tons)
OK	Okmulgee	2012	3229		Coal (short tons)
OK	Craig	2013	28441		Coal (short tons)
OK	Haskell	2013	19470		Coal (short tons)
OK	Le Flore	2013	1566		Coal (short tons)
OK	Nowata	2013	240140		Coal (short tons)
OK	Okmulgee	2013	2558		Coal (short tons)
PA	Allegheny	2004	30		Coal (short tons)
PA	Armstrong	2004	52857		Coal (short tons)
PA	Beaver	2004	401855		Coal (short tons)
PA	Blair	2004	23152		Coal (short tons)
PA	Butler	2004	13		Coal (short tons)
PA	Centre	2004	29342		Coal (short tons)
PA	Clarion	2004	6757		Coal (short tons)
PA	Clearfield	2004	18550		Coal (short tons)
PA	Columbia	2004	72373		Coal (short tons)
PA	Dauphin	2004	1966		Coal (short tons)
PA	Elk	2004	8850		Coal (short tons)
PA	Fayette	2004	5514		Coal (short tons)
PA	Greene	2004	178086		Coal (short tons)
PA	Monongalia	2004	5718668		Coal (short tons)
PA	Indiana	2004	28679		Coal (short tons)
PA	Jefferson	2004	6475		Coal (short tons)
PA	Lackawanna	2004	28224		Coal (short tons)
PA	Lawrence	2004	18887		Coal (short tons)
PA	Mercer	2004	84415		Coal (short tons)
PA	Northumberland	2004	32549		Coal (short tons)
PA	Schuylkill	2004	1701		Coal (short tons)
PA	Somerset	2004	35875		Coal (short tons)
PA	Washington	2004	73488		Coal (short tons)
PA	Westmoreland	2004	803		Coal (short tons)
PA	Allegheny	2005	42218		Coal (short tons)
PA	Armstrong	2005	11419		Coal (short tons)
PA	Beaver	2005	382401		Coal (short tons)
PA	Bedford	2005	200		Coal (short tons)
PA	Butler	2005	14378		Coal (short tons)
PA	Cameron	2005	40433		Coal (short tons)
PA	Centre	2005	27077		Coal (short tons)
PA	Clarion	2005	12232		Coal (short tons)
PA	Clearfield	2005	938		Coal (short tons)
PA	Columbia	2005	93813		Coal (short tons)
PA	Elk	2005	18179		Coal (short tons)
PA	Fayette	2005	14978		Coal (short tons)
PA	Greene	2005	8530		Coal (short tons)
PA	Monongalia	2005	5259338		Coal (short tons)
PA	Indiana	2005	109730		Coal (short tons)
PA	Jefferson	2005	4106		Coal (short tons)
PA	Lackawanna	2005	5691		Coal (short tons)
PA	Lawrence	2005	16817		Coal (short tons)
PA	Lycoming	2005	213511		Coal (short tons)
PA	Mercer	2005	111934		Coal (short tons)
PA	Northumberland	2005	9510		Coal (short tons)
PA	Schuylkill	2005	721		Coal (short tons)
PA	Somerset	2005	192931		Coal (short tons)
PA	Washington	2005	60551		Coal (short tons)
PA	Westmoreland	2005	32647		Coal (short tons)
PA	Allegheny	2006	17413		Coal (short tons)
PA	Beaver	2006	295828		Coal (short tons)
PA	Bedford	2006	12358		Coal (short tons)
PA	Butler	2006	20298		Coal (short tons)
PA	Cambria	2006	8263		Coal (short tons)
PA	Cameron	2006	24704		Coal (short tons)
PA	Centre	2006	21411		Coal (short tons)
PA	Clarion	2006	39160		Coal (short tons)
PA	Clearfield	2006	196504		Coal (short tons)
PA	Columbia	2006	92116		Coal (short tons)
PA	Dauphin	2006	394		Coal (short tons)
PA	Elk	2006	2429		Coal (short tons)
PA	Fayette	2006	24035		Coal (short tons)
PA	Greene	2006	268880		Coal (short tons)
PA	Monongalia	2006	5039423		Coal (short tons)
PA	Indiana	2006	5077		Coal (short tons)
PA	Jefferson	2006	2535		Coal (short tons)
PA	Lackawanna	2006	7136		Coal (short tons)
PA	Lawrence	2006	5812		Coal (short tons)
PA	Luzerne	2006	150		Coal (short tons)
PA	Lycoming	2006	223512		Coal (short tons)
PA	Mercer	2006	96277		Coal (short tons)
PA	Northumberland	2006	221		Coal (short tons)
PA	Schuylkill	2006	3403		Coal (short tons)
PA	Somerset	2006	23966		Coal (short tons)
PA	Venango	2006	2055		Coal (short tons)
PA	Washington	2006	39322		Coal (short tons)
PA	Westmoreland	2006	19792		Coal (short tons)
PA	Allegheny	2007	14909		Coal (short tons)
PA	Beaver	2007	321758		Coal (short tons)
PA	Bedford	2007	8331		Coal (short tons)
PA	Butler	2007	2769		Coal (short tons)
PA	Cambria	2007	21069		Coal (short tons)
PA	Cameron	2007	28475		Coal (short tons)
PA	Centre	2007	18108		Coal (short tons)
PA	Clarion	2007	11876		Coal (short tons)
PA	Clearfield	2007	8616		Coal (short tons)
PA	Columbia	2007	73972		Coal (short tons)
PA	Dauphin	2007	3085		Coal (short tons)
PA	Elk	2007	4646		Coal (short tons)
PA	Fayette	2007	27796		Coal (short tons)
PA	Greene	2007	634453		Coal (short tons)
PA	Monongalia	2007	5150114		Coal (short tons)
PA	Indiana	2007	6181		Coal (short tons)
PA	Jefferson	2007	2000		Coal (short tons)
PA	Lackawanna	2007	10798		Coal (short tons)
PA	Lawrence	2007	4676		Coal (short tons)
PA	Luzerne	2007	10074		Coal (short tons)
PA	Lycoming	2007	247787		Coal (short tons)
PA	Mercer	2007	78635		Coal (short tons)
PA	Northumberland	2007	12376		Coal (short tons)
PA	Schuylkill	2007	419		Coal (short tons)
PA	Tioga	2007	7737		Coal (short tons)
PA	Venango	2007	35452		Coal (short tons)
PA	Washington	2007	75368		Coal (short tons)
PA	Westmoreland	2007	9781		Coal (short tons)
PA	Allegheny	2008	3050		Coal (short tons)
PA	Armstrong	2008	54866		Coal (short tons)
PA	Beaver	2008	380425		Coal (short tons)
PA	Bedford	2008	2844		Coal (short tons)
PA	Butler	2008	13238		Coal (short tons)
PA	Cambria	2008	2749		Coal (short tons)
PA	Cameron	2008	31392		Coal (short tons)
PA	Centre	2008	11722		Coal (short tons)
PA	Clarion	2008	49629		Coal (short tons)
PA	Clearfield	2008	3974		Coal (short tons)
PA	Columbia	2008	5420		Coal (short tons)
PA	Dauphin	2008	29002		Coal (short tons)
PA	Elk	2008	1094		Coal (short tons)
PA	Fayette	2008	10334		Coal (short tons)
PA	Greene	2008	895034		Coal (short tons)
PA	Monongalia	2008	5584153		Coal (short tons)
PA	Huntingdon	2008	6172		Coal (short tons)
PA	Indiana	2008	110165		Coal (short tons)
PA	Jefferson	2008	2609		Coal (short tons)
PA	Lackawanna	2008	6426		Coal (short tons)
PA	Luzerne	2008	7201		Coal (short tons)
PA	Lycoming	2008	256810		Coal (short tons)
PA	Northumberland	2008	67343		Coal (short tons)
PA	Schuylkill	2008	3325		Coal (short tons)
PA	Somerset	2008	14320		Coal (short tons)
PA	Tioga	2008	1839		Coal (short tons)
PA	Venango	2008	12694		Coal (short tons)
PA	Washington	2008	67937		Coal (short tons)
PA	Westmoreland	2008	9084		Coal (short tons)
PA	Allegheny	2009	2362		Coal (short tons)
PA	Armstrong	2009	14037		Coal (short tons)
PA	Beaver	2009	25797		Coal (short tons)
PA	Bedford	2009	26132		Coal (short tons)
PA	Butler	2009	11610		Coal (short tons)
PA	Cambria	2009	5208		Coal (short tons)
PA	Cameron	2009	13415		Coal (short tons)
PA	Centre	2009	3445		Coal (short tons)
PA	Clarion	2009	42605		Coal (short tons)
PA	Clearfield	2009	3409		Coal (short tons)
PA	Columbia	2009	10509		Coal (short tons)
PA	Dauphin	2009	3526		Coal (short tons)
PA	Elk	2009	14786		Coal (short tons)
PA	Fayette	2009	13573		Coal (short tons)
PA	Greene	2009	764214		Coal (short tons)
PA	Monongalia	2009	3768844		Coal (short tons)
PA	Jefferson	2009	34881		Coal (short tons)
PA	Lackawanna	2009	7189		Coal (short tons)
PA	Luzerne	2009	225		Coal (short tons)
PA	Lycoming	2009	244535		Coal (short tons)
PA	Northumberland	2009	125		Coal (short tons)
PA	Schuylkill	2009	1979		Coal (short tons)
PA	Somerset	2009	4216		Coal (short tons)
PA	Tioga	2009	1481		Coal (short tons)
PA	Washington	2009	159891		Coal (short tons)
PA	Westmoreland	2009	2858		Coal (short tons)
PA	Allegheny	2010	8386		Coal (short tons)
PA	Armstrong	2010	8260		Coal (short tons)
PA	Beaver	2010	179386		Coal (short tons)
PA	Bedford	2010	37939		Coal (short tons)
PA	Butler	2010	12010		Coal (short tons)
PA	Cambria	2010	5217		Coal (short tons)
PA	Cameron	2010	39412		Coal (short tons)
PA	Centre	2010	98436		Coal (short tons)
PA	Clarion	2010	52113		Coal (short tons)
PA	Clearfield	2010	18019		Coal (short tons)
PA	Columbia	2010	11218		Coal (short tons)
PA	Dauphin	2010	2129		Coal (short tons)
PA	Elk	2010	43476		Coal (short tons)
PA	Fayette	2010	13773		Coal (short tons)
PA	Greene	2010	972838		Coal (short tons)
PA	Monongalia	2010	4507606		Coal (short tons)
PA	Jefferson	2010	241861		Coal (short tons)
PA	Lackawanna	2010	14609		Coal (short tons)
PA	Lycoming	2010	251818		Coal (short tons)
PA	Mercer	2010	89532		Coal (short tons)
PA	Northumberland	2010	56338		Coal (short tons)
PA	Schuylkill	2010	24728		Coal (short tons)
PA	Somerset	2010	18185		Coal (short tons)
PA	Venango	2010	5417		Coal (short tons)
PA	Washington	2010	272729		Coal (short tons)
PA	Westmoreland	2010	8556		Coal (short tons)
PA	Allegheny	2011	12186		Coal (short tons)
PA	Armstrong	2011	11706		Coal (short tons)
PA	Beaver	2011	188609		Coal (short tons)
PA	Bedford	2011	30539		Coal (short tons)
PA	Blair	2011	29577		Coal (short tons)
PA	Butler	2011	24761		Coal (short tons)
PA	Cambria	2011	10834		Coal (short tons)
PA	Cameron	2011	43261		Coal (short tons)
PA	Centre	2011	101300		Coal (short tons)
PA	Clarion	2011	19191		Coal (short tons)
PA	Clearfield	2011	2832		Coal (short tons)
PA	Columbia	2011	11822		Coal (short tons)
PA	Dauphin	2011	4009		Coal (short tons)
PA	Elk	2011	47811		Coal (short tons)
PA	Fayette	2011	22553		Coal (short tons)
PA	Monongalia	2011	4341984		Coal (short tons)
PA	Indiana	2011	7387		Coal (short tons)
PA	Jefferson	2011	346639		Coal (short tons)
PA	Lackawanna	2011	14522		Coal (short tons)
PA	Luzerne	2011	868		Coal (short tons)
PA	Lycoming	2011	222923		Coal (short tons)
PA	Mercer	2011	55272		Coal (short tons)
PA	Schuylkill	2011	1410		Coal (short tons)
PA	Somerset	2011	2078		Coal (short tons)
PA	Venango	2011	19594		Coal (short tons)
PA	Washington	2011	141155		Coal (short tons)
PA	Westmoreland	2011	5517		Coal (short tons)
PA	Allegheny	2012	12267		Coal (short tons)
PA	Armstrong	2012	12162		Coal (short tons)
PA	Beaver	2012	231756		Coal (short tons)
PA	Bedford	2012	97982		Coal (short tons)
PA	Blair	2012	31137		Coal (short tons)
PA	Butler	2012	33321		Coal (short tons)
PA	Cambria	2012	18294		Coal (short tons)
PA	Cameron	2012	13770		Coal (short tons)
PA	Centre	2012	148371		Coal (short tons)
PA	Clarion	2012	15134		Coal (short tons)
PA	Clearfield	2012	3229		Coal (short tons)
PA	Columbia	2012	8526		Coal (short tons)
PA	Dauphin	2012	5603		Coal (short tons)
PA	Elk	2012	19436		Coal (short tons)
PA	Fayette	2012	10050		Coal (short tons)
PA	Greene	2012	3231148		Coal (short tons)
PA	Indiana	2012	11843		Coal (short tons)
PA	Jefferson	2012	273253		Coal (short tons)
PA	Lackawanna	2012	13677		Coal (short tons)
PA	Luzerne	2012	315		Coal (short tons)
PA	Lycoming	2012	216357		Coal (short tons)
PA	Mercer	2012	9298		Coal (short tons)
PA	Northumberland	2012	87		Coal (short tons)
PA	Schuylkill	2012	10408		Coal (short tons)
PA	Somerset	2012	2523		Coal (short tons)
PA	Venango	2012	57526		Coal (short tons)
PA	Washington	2012	120082		Coal (short tons)
PA	Westmoreland	2012	24069		Coal (short tons)
PA	Allegheny	2013	21665		Coal (short tons)
PA	Armstrong	2013	5239		Coal (short tons)
PA	Beaver	2013	206524		Coal (short tons)
PA	Bedford	2013	129795		Coal (short tons)
PA	Blair	2013	31677		Coal (short tons)
PA	Butler	2013	30679		Coal (short tons)
PA	Cambria	2013	98355		Coal (short tons)
PA	Carbon	2013	22040		Coal (short tons)
PA	Centre	2013	152907		Coal (short tons)
PA	Clarion	2013	18755		Coal (short tons)
PA	Columbia	2013	32940		Coal (short tons)
PA	Dauphin	2013	5122		Coal (short tons)
PA	Elk	2013	35759		Coal (short tons)
PA	Fayette	2013	5129		Coal (short tons)
PA	Greene	2013	157289		Coal (short tons)
PA	Huntingdon	2013	2918		Coal (short tons)
PA	Indiana	2013	24554		Coal (short tons)
PA	Jefferson	2013	479918		Coal (short tons)
PA	Lackawanna	2013	6044		Coal (short tons)
PA	Luzerne	2013	25473		Coal (short tons)
PA	Lycoming	2013	228232		Coal (short tons)
PA	Mercer	2013	38544		Coal (short tons)
PA	Northumberland	2013	7512		Coal (short tons)
PA	Schuylkill	2013	19185		Coal (short tons)
PA	Somerset	2013	2780		Coal (short tons)
PA	Venango	2013	28307		Coal (short tons)
PA	Washington	2013	98968		Coal (short tons)
PA	Westmoreland	2013	15344		Coal (short tons)
TN	Campbell	2004	10455		Coal (short tons)
TN	Claiborne	2004	12890		Coal (short tons)
TN	Cumberland	2004	90281		Coal (short tons)
TN	Fentress	2004	111314		Coal (short tons)
TN	Scott	2004	172515		Coal (short tons)
TN	Anderson	2005	19335		Coal (short tons)
TN	Campbell	2005	332		Coal (short tons)
TN	Claiborne	2005	31252		Coal (short tons)
TN	Cumberland	2005	9588		Coal (short tons)
TN	Fentress	2005	33413		Coal (short tons)
TN	Grundy	2005	7870		Coal (short tons)
TN	Scott	2005	35871		Coal (short tons)
TN	Anderson	2006	26662		Coal (short tons)
TN	Campbell	2006	370597		Coal (short tons)
TN	Claiborne	2006	27936		Coal (short tons)
TN	Cumberland	2006	12986		Coal (short tons)
TN	Morgan	2006	500		Coal (short tons)
TN	Anderson	2007	81047		Coal (short tons)
TN	Campbell	2007	357753		Coal (short tons)
TN	Claiborne	2007	31967		Coal (short tons)
TN	Fentress	2007	3274		Coal (short tons)
TN	Anderson	2008	37292		Coal (short tons)
TN	Campbell	2008	62849		Coal (short tons)
TN	Claiborne	2008	54665		Coal (short tons)
TN	Fentress	2008	21703		Coal (short tons)
TN	Anderson	2009	113341		Coal (short tons)
TN	Campbell	2009	65950		Coal (short tons)
TN	Claiborne	2009	21028		Coal (short tons)
TN	Fentress	2009	21356		Coal (short tons)
TN	Anderson	2010	34518		Coal (short tons)
TN	Campbell	2010	29803		Coal (short tons)
TN	Claiborne	2010	196663		Coal (short tons)
TN	Fentress	2010	16789		Coal (short tons)
TN	Anderson	2011	12663		Coal (short tons)
TN	Campbell	2011	63006		Coal (short tons)
TN	Claiborne	2011	138985		Coal (short tons)
TN	Fentress	2011	203		Coal (short tons)
TN	Anderson	2012	5369		Coal (short tons)
TN	Campbell	2012	71352		Coal (short tons)
TN	Claiborne	2012	34375		Coal (short tons)
TN	Anderson	2013	18250		Coal (short tons)
TN	Campbell	2013	51020		Coal (short tons)
TN	Claiborne	2013	173221		Coal (short tons)
TX	Atascosa	2004	3089624		Coal (short tons)
TX	Freestone	2004	4339582		Coal (short tons)
TX	Harrison	2004	4275227		Coal (short tons)
TX	Hopkins	2004	2580770		Coal (short tons)
TX	Leon	2004	6456625		Coal (short tons)
TX	Milam	2004	6105182		Coal (short tons)
TX	Panola	2004	1470683		Coal (short tons)
TX	Robertson	2004	1944757		Coal (short tons)
TX	Rusk	2004	5975453		Coal (short tons)
TX	Titus	2004	2778878		Coal (short tons)
TX	Webb	2004	39818		Coal (short tons)
TX	Atascosa	2005	3328840		Coal (short tons)
TX	Bastrop	2005	2551615		Coal (short tons)
TX	Freestone	2005	4438449		Coal (short tons)
TX	Harrison	2005	4602752		Coal (short tons)
TX	Hopkins	2005	2508860		Coal (short tons)
TX	Leon	2005	6916386		Coal (short tons)
TX	Milam	2005	3202356		Coal (short tons)
TX	Panola	2005	1502979		Coal (short tons)
TX	Robertson	2005	2178792		Coal (short tons)
TX	Rusk	2005	5983205		Coal (short tons)
TX	Titus	2005	2607152		Coal (short tons)
TX	Atascosa	2006	3637167		Coal (short tons)
TX	Bastrop	2006	6724731		Coal (short tons)
TX	Freestone	2006	4462066		Coal (short tons)
TX	Harrison	2006	3972626		Coal (short tons)
TX	Hopkins	2006	2534549		Coal (short tons)
TX	Leon	2006	6781523		Coal (short tons)
TX	Panola	2006	1090377		Coal (short tons)
TX	Robertson	2006	1788496		Coal (short tons)
TX	Rusk	2006	4843839		Coal (short tons)
TX	Titus	2006	2860434		Coal (short tons)
TX	Atascosa	2007	3121114		Coal (short tons)
TX	Bastrop	2007	4120619		Coal (short tons)
TX	Freestone	2007	3873359		Coal (short tons)
TX	Harrison	2007	4153485		Coal (short tons)
TX	Hopkins	2007	2134207		Coal (short tons)
TX	Leon	2007	6779166		Coal (short tons)
TX	Panola	2007	2157359		Coal (short tons)
TX	Robertson	2007	1902877		Coal (short tons)
TX	Rusk	2007	4108562		Coal (short tons)
TX	Titus	2007	3425360		Coal (short tons)
TX	Atascosa	2008	3078762		Coal (short tons)
TX	Freestone	2008	3338979		Coal (short tons)
TX	Harrison	2008	4054916		Coal (short tons)
TX	Hopkins	2008	1943419		Coal (short tons)
TX	Lee	2008	3754012		Coal (short tons)
TX	Leon	2008	6453799		Coal (short tons)
TX	Panola	2008	1792031		Coal (short tons)
TX	Robertson	2008	2121961		Coal (short tons)
TX	Rusk	2008	4655079		Coal (short tons)
TX	Titus	2008	2730260		Coal (short tons)
TX	Atascosa	2009	3158885		Coal (short tons)
TX	Freestone	2009	3253584		Coal (short tons)
TX	Harrison	2009	3845279		Coal (short tons)
TX	Hopkins	2009	1967617		Coal (short tons)
TX	Lee	2009	4887765		Coal (short tons)
TX	Leon	2009	5092532		Coal (short tons)
TX	Limestone	2009	875433		Coal (short tons)
TX	Panola	2009	904837		Coal (short tons)
TX	Robertson	2009	1724612		Coal (short tons)
TX	Rusk	2009	4225852		Coal (short tons)
TX	Titus	2009	641252		Coal (short tons)
TX	Atascosa	2010	3294198		Coal (short tons)
TX	Freestone	2010	2619451		Coal (short tons)
TX	Harrison	2010	4568991		Coal (short tons)
TX	Hopkins	2010	1858244		Coal (short tons)
TX	Lee	2010	5364236		Coal (short tons)
TX	Leon	2010	4170923		Coal (short tons)
TX	Limestone	2010	6303847		Coal (short tons)
TX	Panola	2010	3082752		Coal (short tons)
TX	Robertson	2010	1869981		Coal (short tons)
TX	Rusk	2010	2977556		Coal (short tons)
TX	Titus	2010	748921		Coal (short tons)
TX	Atascosa	2011	3204153		Coal (short tons)
TX	Freestone	2011	1815582		Coal (short tons)
TX	Harrison	2011	4041305		Coal (short tons)
TX	Hopkins	2011	1267357		Coal (short tons)
TX	Lee	2011	7192404		Coal (short tons)
TX	Leon	2011	4221546		Coal (short tons)
TX	Limestone	2011	8630793		Coal (short tons)
TX	Panola	2011	2537285		Coal (short tons)
TX	Robertson	2011	1826445		Coal (short tons)
TX	Rusk	2011	3227650		Coal (short tons)
TX	Titus	2011	1584019		Coal (short tons)
TX	Atascosa	2012	3308314		Coal (short tons)
TX	Freestone	2012	3005616		Coal (short tons)
TX	Harrison	2012	4252226		Coal (short tons)
TX	Hopkins	2012	863143		Coal (short tons)
TX	Lee	2012	7760301		Coal (short tons)
TX	Leon	2012	4227779		Coal (short tons)
TX	Limestone	2012	8236336		Coal (short tons)
TX	Panola	2012	2385146		Coal (short tons)
TX	Robertson	2012	1357420		Coal (short tons)
TX	Rusk	2012	3061443		Coal (short tons)
TX	Titus	2012	1413200		Coal (short tons)
TX	Atascosa	2013	3172282		Coal (short tons)
TX	Freestone	2013	3232521		Coal (short tons)
TX	Harrison	2013	3913377		Coal (short tons)
TX	Lee	2013	7189178		Coal (short tons)
TX	Leon	2013	4978299		Coal (short tons)
TX	Limestone	2013	8769129		Coal (short tons)
TX	Panola	2013	2218998		Coal (short tons)
TX	Robertson	2013	1712679		Coal (short tons)
TX	Rusk	2013	3431486		Coal (short tons)
TX	Titus	2013	1027817		Coal (short tons)
UT	Emery	2004	103355		Coal (short tons)
UT	Sevier	2004	7568276		Coal (short tons)
UT	Sevier	2005	7568934		Coal (short tons)
UT	Sevier	2006	7907935		Coal (short tons)
UT	Sevier	2007	6711925		Coal (short tons)
UT	Sevier	2008	6946075		Coal (short tons)
UT	Sevier	2009	6748311		Coal (short tons)
UT	Sevier	2010	6398350		Coal (short tons)
UT	Sevier	2011	6498011		Coal (short tons)
UT	Kane	2012	570138		Coal (short tons)
UT	Sevier	2012	5650446		Coal (short tons)
UT	Kane	2013	741178		Coal (short tons)
UT	Sevier	2013	5960266		Coal (short tons)
VA	Buchanan	2004	11041		Coal (short tons)
VA	Dickenson	2004	624		Coal (short tons)
VA	Lee	2004	293374		Coal (short tons)
VA	Russell	2004	18953		Coal (short tons)
VA	Tazewell	2004	182100		Coal (short tons)
VA	Buchanan	2005	9777		Coal (short tons)
VA	Dickenson	2005	98228		Coal (short tons)
VA	Lee	2005	2283		Coal (short tons)
VA	Russell	2005	26624		Coal (short tons)
VA	Tazewell	2005	92814		Coal (short tons)
VA	Wise	2005	713		Coal (short tons)
VA	Buchanan	2006	618		Coal (short tons)
VA	Dickenson	2006	11574		Coal (short tons)
VA	Lee	2006	6600		Coal (short tons)
VA	Russell	2006	918		Coal (short tons)
VA	Tazewell	2006	7243		Coal (short tons)
VA	Wise	2006	41405		Coal (short tons)
VA	Buchanan	2007	1598		Coal (short tons)
VA	Dickenson	2007	160859		Coal (short tons)
VA	Lee	2007	832		Coal (short tons)
VA	Russell	2007	26353		Coal (short tons)
VA	Tazewell	2007	25579		Coal (short tons)
VA	Wise	2007	297477		Coal (short tons)
VA	Buchanan	2008	16946		Coal (short tons)
VA	Dickenson	2008	5193		Coal (short tons)
VA	Lee	2008	8466		Coal (short tons)
VA	Russell	2008	43096		Coal (short tons)
VA	Tazewell	2008	95255		Coal (short tons)
VA	Wise	2008	2237		Coal (short tons)
VA	Buchanan	2009	234474		Coal (short tons)
VA	Dickenson	2009	54160		Coal (short tons)
VA	Lee	2009	519		Coal (short tons)
VA	Russell	2009	191612		Coal (short tons)
VA	Tazewell	2009	488891		Coal (short tons)
VA	Wise	2009	368236		Coal (short tons)
VA	Buchanan	2010	2849		Coal (short tons)
VA	Dickenson	2010	128209		Coal (short tons)
VA	Giles	2010	141110		Coal (short tons)
VA	Lee	2010	10603		Coal (short tons)
VA	Russell	2010	8264		Coal (short tons)
VA	Tazewell	2010	575177		Coal (short tons)
VA	Wise	2010	741434		Coal (short tons)
VA	Buchanan	2011	7844		Coal (short tons)
VA	Dickenson	2011	6287		Coal (short tons)
VA	Giles	2011	151260		Coal (short tons)
VA	Lee	2011	185288		Coal (short tons)
VA	Russell	2011	120582		Coal (short tons)
VA	Tazewell	2011	52274		Coal (short tons)
VA	Wise	2011	54280		Coal (short tons)
VA	Buchanan	2012	115761		Coal (short tons)
VA	Dickenson	2012	59671		Coal (short tons)
VA	Giles	2012	174807		Coal (short tons)
VA	Lee	2012	58820		Coal (short tons)
VA	Russell	2012	73542		Coal (short tons)
VA	Tazewell	2012	228312		Coal (short tons)
VA	Wise	2012	110999		Coal (short tons)
VA	Buchanan	2013	13314		Coal (short tons)
VA	Dickenson	2013	211604		Coal (short tons)
VA	Lee	2013	10056		Coal (short tons)
VA	Russell	2013	89623		Coal (short tons)
VA	Tazewell	2013	355917		Coal (short tons)
WA	Lewis	2004	5653221		Coal (short tons)
WA	Lewis	2005	5265672		Coal (short tons)
WA	Lewis	2006	2579549		Coal (short tons)
WV	Barbour	2004	143776		Coal (short tons)
WV	Boone	2004	646		Coal (short tons)
WV	Clay	2004	24952		Coal (short tons)
WV	Fayette	2004	8956		Coal (short tons)
WV	Grant	2004	200266		Coal (short tons)
WV	Greenbrier	2004	176067		Coal (short tons)
WV	Harrison	2004	517582		Coal (short tons)
WV	Kanawha	2004	53767		Coal (short tons)
WV	Lincoln	2004	10594		Coal (short tons)
WV	Logan	2004	481635		Coal (short tons)
WV	Mcdowell	2004	1009		Coal (short tons)
WV	Marion	2004	98441		Coal (short tons)
WV	Marshall	2004	8357061		Coal (short tons)
WV	Mingo	2004	5156		Coal (short tons)
WV	Monongalia	2004	23346		Coal (short tons)
WV	Nicholas	2004	18691		Coal (short tons)
WV	Preston	2004	17556		Coal (short tons)
WV	Raleigh	2004	60814		Coal (short tons)
WV	Randolph	2004	608		Coal (short tons)
WV	Upshur	2004	3166		Coal (short tons)
WV	Webster	2004	4687		Coal (short tons)
WV	Wyoming	2004	26447		Coal (short tons)
WV	Barbour	2005	12942		Coal (short tons)
WV	Boone	2005	22739		Coal (short tons)
WV	Brooke	2005	220639		Coal (short tons)
WV	Clay	2005	154619		Coal (short tons)
WV	Fayette	2005	1494		Coal (short tons)
WV	Grant	2005	33407		Coal (short tons)
WV	Greenbrier	2005	40279		Coal (short tons)
WV	Harrison	2005	20781		Coal (short tons)
WV	Kanawha	2005	48048		Coal (short tons)
WV	Lincoln	2005	288786		Coal (short tons)
WV	Logan	2005	326482		Coal (short tons)
WV	Mcdowell	2005	2238		Coal (short tons)
WV	Marion	2005	57003		Coal (short tons)
WV	Marshall	2005	10419128		Coal (short tons)
WV	Mercer	2005	8068		Coal (short tons)
WV	Mingo	2005	4631		Coal (short tons)
WV	Monongalia	2005	32929		Coal (short tons)
WV	Nicholas	2005	15625		Coal (short tons)
WV	Raleigh	2005	537010		Coal (short tons)
WV	Randolph	2005	202716		Coal (short tons)
WV	Tucker	2005	114586		Coal (short tons)
WV	Upshur	2005	57351		Coal (short tons)
WV	Webster	2005	583271		Coal (short tons)
WV	Wyoming	2005	6026		Coal (short tons)
WV	Barbour	2006	234597		Coal (short tons)
WV	Boone	2006	2295		Coal (short tons)
WV	Brooke	2006	417816		Coal (short tons)
WV	Clay	2006	141971		Coal (short tons)
WV	Fayette	2006	3017		Coal (short tons)
WV	Grant	2006	62808		Coal (short tons)
WV	Greenbrier	2006	52860		Coal (short tons)
WV	Harrison	2006	6441		Coal (short tons)
WV	Kanawha	2006	129637		Coal (short tons)
WV	Lincoln	2006	411131		Coal (short tons)
WV	Logan	2006	1810640		Coal (short tons)
WV	Mcdowell	2006	1218		Coal (short tons)
WV	Marion	2006	47932		Coal (short tons)
WV	Marshall	2006	10477398		Coal (short tons)
WV	Mason	2006	15483		Coal (short tons)
WV	Mercer	2006	12649		Coal (short tons)
WV	Mineral	2006	48303		Coal (short tons)
WV	Mingo	2006	61708		Coal (short tons)
WV	Monongalia	2006	41500		Coal (short tons)
WV	Nicholas	2006	69296		Coal (short tons)
WV	Raleigh	2006	245231		Coal (short tons)
WV	Randolph	2006	923111		Coal (short tons)
WV	Tucker	2006	560919		Coal (short tons)
WV	Upshur	2006	48499		Coal (short tons)
WV	Webster	2006	1265074		Coal (short tons)
WV	Barbour	2007	374286		Coal (short tons)
WV	Boone	2007	540795		Coal (short tons)
WV	Brooke	2007	78297		Coal (short tons)
WV	Clay	2007	143259		Coal (short tons)
WV	Fayette	2007	13054		Coal (short tons)
WV	Grant	2007	124757		Coal (short tons)
WV	Greenbrier	2007	40368		Coal (short tons)
WV	Harrison	2007	2305		Coal (short tons)
WV	Kanawha	2007	99		Coal (short tons)
WV	Lincoln	2007	35727		Coal (short tons)
WV	Logan	2007	3337		Coal (short tons)
WV	Mcdowell	2007	113823		Coal (short tons)
WV	Marion	2007	50148		Coal (short tons)
WV	Marshall	2007	9667258		Coal (short tons)
WV	Mason	2007	600724		Coal (short tons)
WV	Mineral	2007	21180		Coal (short tons)
WV	Mingo	2007	6379		Coal (short tons)
WV	Monongalia	2007	13310		Coal (short tons)
WV	Nicholas	2007	299221		Coal (short tons)
WV	Raleigh	2007	94763		Coal (short tons)
WV	Randolph	2007	2454		Coal (short tons)
WV	Tucker	2007	2785794		Coal (short tons)
WV	Webster	2007	1187472		Coal (short tons)
WV	Wyoming	2007	55230		Coal (short tons)
WV	Barbour	2008	7739		Coal (short tons)
WV	Boone	2008	280120		Coal (short tons)
WV	Brooke	2008	116290		Coal (short tons)
WV	Clay	2008	290582		Coal (short tons)
WV	Fayette	2008	171561		Coal (short tons)
WV	Greenbrier	2008	43466		Coal (short tons)
WV	Harrison	2008	5932		Coal (short tons)
WV	Kanawha	2008	7238		Coal (short tons)
WV	Lincoln	2008	308805		Coal (short tons)
WV	Logan	2008	4573		Coal (short tons)
WV	Mcdowell	2008	8846		Coal (short tons)
WV	Marion	2008	25570		Coal (short tons)
WV	Marshall	2008	9636827		Coal (short tons)
WV	Mineral	2008	61581		Coal (short tons)
WV	Mingo	2008	2000		Coal (short tons)
WV	Monongalia	2008	20015		Coal (short tons)
WV	Nicholas	2008	67221		Coal (short tons)
WV	Preston	2008	171048		Coal (short tons)
WV	Raleigh	2008	320648		Coal (short tons)
WV	Randolph	2008	4329		Coal (short tons)
WV	Tucker	2008	2560616		Coal (short tons)
WV	Webster	2008	2138		Coal (short tons)
WV	Wyoming	2008	114576		Coal (short tons)
WV	Boone	2009	87880		Coal (short tons)
WV	Brooke	2009	32002		Coal (short tons)
WV	Clay	2009	517844		Coal (short tons)
WV	Fayette	2009	126639		Coal (short tons)
WV	Greenbrier	2009	199855		Coal (short tons)
WV	Harrison	2009	47065		Coal (short tons)
WV	Kanawha	2009	2224		Coal (short tons)
WV	Lincoln	2009	636302		Coal (short tons)
WV	Logan	2009	166036		Coal (short tons)
WV	Mcdowell	2009	38824		Coal (short tons)
WV	Marion	2009	7172		Coal (short tons)
WV	Marshall	2009	9863588		Coal (short tons)
WV	Mercer	2009	45000		Coal (short tons)
WV	Mineral	2009	46215		Coal (short tons)
WV	Mingo	2009	264327		Coal (short tons)
WV	Monongalia	2009	1228		Coal (short tons)
WV	Nicholas	2009	144875		Coal (short tons)
WV	Preston	2009	92551		Coal (short tons)
WV	Raleigh	2009	15320		Coal (short tons)
WV	Randolph	2009	910		Coal (short tons)
WV	Tucker	2009	2215064		Coal (short tons)
WV	Webster	2009	214585		Coal (short tons)
WV	Wyoming	2009	131372		Coal (short tons)
WV	Barbour	2010	166248		Coal (short tons)
WV	Boone	2010	251290		Coal (short tons)
WV	Clay	2010	522875		Coal (short tons)
WV	Fayette	2010	6231		Coal (short tons)
WV	Grant	2010	5017		Coal (short tons)
WV	Greenbrier	2010	165912		Coal (short tons)
WV	Harrison	2010	30167		Coal (short tons)
WV	Kanawha	2010	18198		Coal (short tons)
WV	Lincoln	2010	665070		Coal (short tons)
WV	Marion	2010	5869034		Coal (short tons)
WV	Marshall	2010	10094681		Coal (short tons)
WV	Mercer	2010	68836		Coal (short tons)
WV	Mineral	2010	57729		Coal (short tons)
WV	Mingo	2010	511944		Coal (short tons)
WV	Monongalia	2010	2923		Coal (short tons)
WV	Nicholas	2010	224651		Coal (short tons)
WV	Ohio	2010	162328		Coal (short tons)
WV	Preston	2010	88443		Coal (short tons)
WV	Raleigh	2010	20969		Coal (short tons)
WV	Randolph	2010	491336		Coal (short tons)
WV	Tucker	2010	2449174		Coal (short tons)
WV	Upshur	2010	542832		Coal (short tons)
WV	Webster	2010	2265		Coal (short tons)
WV	Barbour	2011	29694		Coal (short tons)
WV	Boone	2011	114815		Coal (short tons)
WV	Brooke	2011	124389		Coal (short tons)
WV	Clay	2011	338787		Coal (short tons)
WV	Fayette	2011	7469		Coal (short tons)
WV	Grant	2011	119574		Coal (short tons)
WV	Greenbrier	2011	88887		Coal (short tons)
WV	Harrison	2011	81054		Coal (short tons)
WV	Kanawha	2011	10035		Coal (short tons)
WV	Lincoln	2011	361930		Coal (short tons)
WV	Logan	2011	16734		Coal (short tons)
WV	Mcdowell	2011	8152		Coal (short tons)
WV	Marion	2011	17457		Coal (short tons)
WV	Marshall	2011	9253481		Coal (short tons)
WV	Mercer	2011	82274		Coal (short tons)
WV	Mineral	2011	64591		Coal (short tons)
WV	Mingo	2011	394727		Coal (short tons)
WV	Monongalia	2011	23620		Coal (short tons)
WV	Nicholas	2011	152563		Coal (short tons)
WV	Ohio	2011	275227		Coal (short tons)
WV	Preston	2011	29585		Coal (short tons)
WV	Raleigh	2011	41158		Coal (short tons)
WV	Randolph	2011	606361		Coal (short tons)
WV	Taylor	2011	3676		Coal (short tons)
WV	Tucker	2011	67378		Coal (short tons)
WV	Upshur	2011	648062		Coal (short tons)
WV	Wayne	2011	76587		Coal (short tons)
WV	Webster	2011	216323		Coal (short tons)
WV	Wyoming	2011	60974		Coal (short tons)
WV	Boone	2012	183043		Coal (short tons)
WV	Brooke	2012	279837		Coal (short tons)
WV	Clay	2012	91545		Coal (short tons)
WV	Fayette	2012	14464		Coal (short tons)
WV	Grant	2012	132974		Coal (short tons)
WV	Greenbrier	2012	103166		Coal (short tons)
WV	Harrison	2012	3880		Coal (short tons)
WV	Kanawha	2012	182640		Coal (short tons)
WV	Lincoln	2012	386349		Coal (short tons)
WV	Logan	2012	221694		Coal (short tons)
WV	Mcdowell	2012	7907		Coal (short tons)
WV	Marion	2012	162127		Coal (short tons)
WV	Marshall	2012	2554		Coal (short tons)
WV	Mercer	2012	147388		Coal (short tons)
WV	Mineral	2012	38885		Coal (short tons)
WV	Mingo	2012	199788		Coal (short tons)
WV	Monongalia	2012	193390		Coal (short tons)
WV	Nicholas	2012	227485		Coal (short tons)
WV	Ohio	2012	2000531		Coal (short tons)
WV	Preston	2012	5072		Coal (short tons)
WV	Raleigh	2012	2112		Coal (short tons)
WV	Randolph	2012	443160		Coal (short tons)
WV	Taylor	2012	14351		Coal (short tons)
WV	Tucker	2012	111991		Coal (short tons)
WV	Upshur	2012	375507		Coal (short tons)
WV	Wayne	2012	127725		Coal (short tons)
WV	Webster	2012	270026		Coal (short tons)
WV	Wyoming	2012	10985		Coal (short tons)
WV	Boone	2013	30829		Coal (short tons)
WV	Clay	2013	2694		Coal (short tons)
WV	Grant	2013	304		Coal (short tons)
WV	Harrison	2013	433570		Coal (short tons)
WV	Kanawha	2013	20268		Coal (short tons)
WV	Lincoln	2013	543882		Coal (short tons)
WV	Logan	2013	9725		Coal (short tons)
WV	Mcdowell	2013	684		Coal (short tons)
WV	Marion	2013	1659		Coal (short tons)
WV	Marshall	2013	9403070		Coal (short tons)
WV	Mercer	2013	251128		Coal (short tons)
WV	Mineral	2013	48130		Coal (short tons)
WV	Mingo	2013	30534		Coal (short tons)
WV	Monongalia	2013	25022		Coal (short tons)
WV	Nicholas	2013	27716		Coal (short tons)
WV	Ohio	2013	3694046		Coal (short tons)
WV	Raleigh	2013	213306		Coal (short tons)
WV	Taylor	2013	494		Coal (short tons)
WV	Tucker	2013	15537		Coal (short tons)
WV	Upshur	2013	53374		Coal (short tons)
WV	Wayne	2013	52860		Coal (short tons)
WV	Webster	2013	247246		Coal (short tons)
WV	Wyoming	2013	124255		Coal (short tons)
WY	Campbell	2004	4533621		Coal (short tons)
WY	Carbon	2004	16692		Coal (short tons)
WY	Converse	2004	29682854		Coal (short tons)
WY	Lincoln	2004	4490573		Coal (short tons)
WY	Sweetwater	2004	43187		Coal (short tons)
WY	Campbell	2005	4093611		Coal (short tons)
WY	Converse	2005	29953375		Coal (short tons)
WY	Hot Springs	2005	6206		Coal (short tons)
WY	Lincoln	2005	4616597		Coal (short tons)
WY	Sweetwater	2005	410065		Coal (short tons)
WY	Campbell	2006	5860998		Coal (short tons)
WY	Carbon	2006	28212		Coal (short tons)
WY	Converse	2006	33879292		Coal (short tons)
WY	Hot Springs	2006	1086		Coal (short tons)
WY	Lincoln	2006	4565158		Coal (short tons)
WY	Sweetwater	2006	519151		Coal (short tons)
WY	Campbell	2007	5303516		Coal (short tons)
WY	Carbon	2007	120055		Coal (short tons)
WY	Converse	2007	34474682		Coal (short tons)
WY	Hot Springs	2007	443		Coal (short tons)
WY	Lincoln	2007	5190147		Coal (short tons)
WY	Sweetwater	2007	2821835		Coal (short tons)
WY	Campbell	2008	5261242		Coal (short tons)
WY	Carbon	2008	261198		Coal (short tons)
WY	Converse	2008	35777489		Coal (short tons)
WY	Hot Springs	2008	168		Coal (short tons)
WY	Lincoln	2008	4988841		Coal (short tons)
WY	Sweetwater	2008	3501147		Coal (short tons)
WY	Campbell	2009	5233980		Coal (short tons)
WY	Carbon	2009	7289		Coal (short tons)
WY	Converse	2009	33975524		Coal (short tons)
WY	Hot Springs	2009	12711		Coal (short tons)
WY	Lincoln	2009	4460896		Coal (short tons)
WY	Sweetwater	2009	3471844		Coal (short tons)
WY	Campbell	2010	5448073		Coal (short tons)
WY	Carbon	2010	672		Coal (short tons)
WY	Converse	2010	35908216		Coal (short tons)
WY	Hot Springs	2010	25913		Coal (short tons)
WY	Lincoln	2010	4760173		Coal (short tons)
WY	Sweetwater	2010	3819144		Coal (short tons)
WY	Campbell	2011	5776092		Coal (short tons)
WY	Converse	2011	37060246		Coal (short tons)
WY	Hot Springs	2011	28738		Coal (short tons)
WY	Lincoln	2011	4567225		Coal (short tons)
WY	Sweetwater	2011	3043110		Coal (short tons)
WY	Campbell	2012	6006787		Coal (short tons)
WY	Carbon	2012	786		Coal (short tons)
WY	Converse	2012	34316314		Coal (short tons)
WY	Hot Springs	2012	24040		Coal (short tons)
WY	Lincoln	2012	4644628		Coal (short tons)
WY	Sweetwater	2012	4636557		Coal (short tons)
WY	Campbell	2013	5433936		Coal (short tons)
WY	Converse	2013	31354248		Coal (short tons)
WY	Hot Springs	2013	26587		Coal (short tons)
WY	Lincoln	2013	4639135		Coal (short tons)
WY	Sweetwater	2013	4442616		Coal (short tons)
