Company Name,Revenue Source,Commodity,Revenue,
UENTX INC,Rents,Oil & Gas,310220,
ILNUX PRODUCTION COMPANY,Other Revenues,n/a,501,
ILNUX PRODUCTION COMPANY,Rents,Oil & Gas,4555,
ILNUX PRODUCTION COMPANY,Royalties,Gas,55521,
ILNUX PRODUCTION COMPANY,Royalties,Oil,884956,
DBGEU PRODUCTION COMPANY,Rents,Oil & Gas,4377,
DBGEU PRODUCTION COMPANY,Bonus,Oil & Gas,14261100,
LLUFQ RESOURCES,Other Revenues,n/a,1734,
LLUFQ RESOURCES,Rents,Oil & Gas,11654,
LLUFQ RESOURCES,Royalties,Gas,44863,
LLUFQ RESOURCES,Royalties,Oil,38858837,
JNQYT RESOURCES,Royalties,Other Commodities,2506216,
XRBXR CORP,Rents,Oil & Gas,156,
XRBXR CORP,Bonus,Oil & Gas,1232000,
BXGNJ INDUSTRIES,Royalties,Gas,968,
BXGNJ INDUSTRIES,Royalties,Oil,5068166,
FIDDL LLC,Rents,Coal,38796,
FIDDL LLC,Royalties,Coal,37430558,
FIDDL LLC,Bonus,Coal,42129612,
KMUNZ PRODUCTS,Rents,Oil & Gas,18058,
KMUNZ PRODUCTS,Royalties,Gas,145320,
KMUNZ PRODUCTS,Royalties,Oil,440220,
NJPIC INC,Rents,Geothermal,7717,
NJPIC INC,Royalties,Geothermal,126978,
NELLQ RESOURCES,Other Revenues,n/a,-2046,
NELLQ RESOURCES,Rents,Gilsonite,280,
NELLQ RESOURCES,Royalties,Other Commodities,2833235,
XBVEE HOLDINGS,Royalties,Gas,18419,
XBVEE HOLDINGS,Royalties,Oil,397640,
SENID RESOURCES,Other Revenues,n/a,474,
SENID RESOURCES,Royalties,Gas,17220,
SENID RESOURCES,Royalties,Oil,160207,
FQVVV PRODUCTS,Other Revenues,n/a,2504216,
FQVVV PRODUCTS,Rents,Oil & Gas,21106245,
FQVVV PRODUCTS,Bonus,Oil & Gas,60558644,
FQVVV PRODUCTS,Royalties,Gas,166371829,
FQVVV PRODUCTS,Royalties,Oil,216348983,
HGKKC PRODUCTS,Rents,Oil & Gas,102625,
LLQYS MANAGEMENT CORP,Bonus,Oil & Gas,36260,
LLQYS MANAGEMENT CORP,Rents,Oil & Gas,129734,
ANKXK EXPLORATION,Bonus,Oil & Gas,126350,
ANKXK EXPLORATION,Other Revenues,n/a,148126,
ANKXK EXPLORATION,Rents,Oil & Gas,211020,
ANKXK EXPLORATION,Royalties,Gas,6058566,
ANKXK EXPLORATION,Royalties,Oil,52591151,
DJRQS PARTNERS,Other Revenues,n/a,1920,
DJRQS PARTNERS,Rents,Oil & Gas,20174,
DJRQS PARTNERS,Royalties,Oil,37002,
DJRQS PARTNERS,Royalties,Gas,199798,
OZHXG PRODUCTION COMPANY,Other Revenues,n/a,-63000,
OZHXG PRODUCTION COMPANY,Rents,Oil & Gas,26002,
OZHXG PRODUCTION COMPANY,Royalties,Oil,140576,
OZHXG PRODUCTION COMPANY,Royalties,Gas,340672,
EUXAI INC,Rents,Oil & Gas,35694,
EUXAI INC,Royalties,Oil,81514,
EUXAI INC,Royalties,Gas,1729604,
EUXAI INC,Bonus,Oil & Gas,4223040,
JZXST INC,Rents,Oil & Gas,37206,
JZXST INC,Rents,Coal,195764,
JZXST INC,Other Revenues,n/a,3583453,
JZXST INC,Bonus,Coal,60436982,
JZXST INC,Royalties,Coal,176116018,
FVLBA MANAGEMENT CORP,Rents,Oil & Gas,249452,
CRCTH ENERGY COMPANY,Other Revenues,n/a,70561,
CRCTH ENERGY COMPANY,Rents,Oil & Gas,1690761,
CRCTH ENERGY COMPANY,Bonus,Oil & Gas,9345000,
CRCTH ENERGY COMPANY,Royalties,Gas,12294210,
CRCTH ENERGY COMPANY,Royalties,Oil,71491282,
HUKRG ENERGY COMPANY,Rents,Oil & Gas,8293,
HUKRG ENERGY COMPANY,Royalties,Oil,229213,
GPOHS INC,Royalties,Oil,254616,
ZNKTH INC,Rents,Oil & Gas,669,
ZNKTH INC,Other Revenues,n/a,2000,
ZNKTH INC,Royalties,Gas,230660,
IIQMJ CORP,Royalties,Gas,860588,
JCKYP ENERGY COMPANY,Royalties,Gas,920,
JCKYP ENERGY COMPANY,Royalties,Oil,160146,
OVGNM ENERGY COMPANY,Rents,Oil & Gas,14,
OVGNM ENERGY COMPANY,Royalties,Gas,13100,
OVGNM ENERGY COMPANY,Royalties,Oil,103959,
QFCKA EXPLORATION,Other Revenues,n/a,4800,
QFCKA EXPLORATION,Royalties,Oil,67209,
QFCKA EXPLORATION,Royalties,Gas,105196,
HBSTL ENERGY COMPANY,Other Revenues,n/a,325648,
HBSTL ENERGY COMPANY,Rents,Oil & Gas,638615,
HBSTL ENERGY COMPANY,Royalties,Gas,944065,
HBSTL ENERGY COMPANY,Royalties,Oil,30453636,
IFLJX INC,Royalties,Oil,3995,
IFLJX INC,Other Revenues,n/a,9190,
IFLJX INC,Rents,Oil & Gas,19335,
IFLJX INC,Royalties,Gas,459951,
OFIVO INC,Rents,Oil & Gas,3339,
OFIVO INC,Bonus,Oil & Gas,794960,
YWPBT INDUSTRIES,Rents,Oil & Gas,22710,
YWPBT INDUSTRIES,Royalties,Gas,119828,
YWPBT INDUSTRIES,Other Revenues,n/a,168000,
YWPBT INDUSTRIES,Royalties,Oil,400638,
LUYIU INDUSTRIES,Rents,Oil & Gas,24695,
LUYIU INDUSTRIES,Bonus,Oil & Gas,145536,
WNBHV PARTNERS,Rents,Oil & Gas,2400,
WNBHV PARTNERS,Royalties,Gas,51655,
WNBHV PARTNERS,Royalties,Oil,150235,
RDNHG INDUSTRIES,Other Revenues,n/a,-300,
RDNHG INDUSTRIES,Royalties,Gas,13612,
RDNHG INDUSTRIES,Royalties,Oil,373644,
ZWQTO ENERGY COMPANY,Rents,Oil & Gas,5588,
ZWQTO ENERGY COMPANY,Bonus,Oil & Gas,275520,
FYVVQ INC,Other Revenues,n/a,3364,
FYVVQ INC,Bonus,Oil & Gas,9568,
FYVVQ INC,Rents,Oil & Gas,20737,
FYVVQ INC,Royalties,Gas,54301,
FYVVQ INC,Royalties,Oil,4546857,
AREHF MANAGEMENT CORP,Rents,Oil & Gas,51210,
AREHF MANAGEMENT CORP,Bonus,Oil & Gas,487145,
XJGFV CORP,Rents,Geothermal,6300,
XJGFV CORP,Bonus,Oil & Gas,17050,
XJGFV CORP,Rents,Oil & Gas,154171,
DWZNA EXPLORATION,Rents,Oil & Gas,907,
DWZNA EXPLORATION,Other Revenues,n/a,2732,
DWZNA EXPLORATION,Royalties,Oil,216333,
LGYRU PRODUCTION COMPANY,Royalties,Gas,294237,
WPSDW LLC,Other Revenues,n/a,2486,
WPSDW LLC,Rents,Oil & Gas,13389,
WPSDW LLC,Royalties,Oil,33026,
WPSDW LLC,Royalties,Gas,218303,
EQRMU LLC,Rents,Phosphate,-7372,
EQRMU LLC,Rents,Copper,-2611,
EQRMU LLC,Rents,Gilsonite,213,
EQRMU LLC,Rents,Clay,314,
EQRMU LLC,Rents,Oil Shale,640,
EQRMU LLC,Royalties,Coal,1061,
EQRMU LLC,Rents,Sodium,3083,
EQRMU LLC,Bonus,Geothermal,19170,
EQRMU LLC,Rents,Coal,20436,
EQRMU LLC,Rents,Hardrock,28140,
EQRMU LLC,Rents,Potassium,75918,
EQRMU LLC,Rents,Wind,122438,
EQRMU LLC,Royalties,Other Commodities,170214,
EQRMU LLC,Royalties,Geothermal,219134,
EQRMU LLC,Other Revenues,n/a,400442,
EQRMU LLC,Rents,Geothermal,629710,
EQRMU LLC,Bonus,Oil & Gas,1574924,
EQRMU LLC,Royalties,Gas,6349620,
EQRMU LLC,Royalties,Oil,6635547,
EQRMU LLC,Rents,Oil & Gas,7391616,
HUQVP CORP,Rents,Oil & Gas,4808,
HUQVP CORP,Royalties,Oil,1070443,
HUQVP CORP,Royalties,Gas,1144751,
OZWLM HOLDINGS,Royalties,Geothermal,114329,
OVAZE LLC,Rents,Oil & Gas,1120,
OVAZE LLC,Royalties,Oil,81467,
OVAZE LLC,Royalties,Gas,232114,
DVYSH LLC,Royalties,Oil,34896960,
CYWQQ PRODUCTS,Royalties,Other Commodities,-1,
CYWQQ PRODUCTS,Other Revenues,n/a,51894,
CYWQQ PRODUCTS,Rents,Coal,52716,
CYWQQ PRODUCTS,Royalties,Gas,5700705,
CYWQQ PRODUCTS,Rents,Oil & Gas,11553311,
CYWQQ PRODUCTS,Royalties,Coal,16002955,
CYWQQ PRODUCTS,Bonus,Oil & Gas,135179476,
CYWQQ PRODUCTS,Royalties,Oil,228695320,
WHXDE CORP,Other Revenues,n/a,-1682708,
WHXDE CORP,Bonus,Oil & Gas,54730,
WHXDE CORP,Rents,Oil & Gas,408698,
WHXDE CORP,Royalties,Oil,9219077,
WHXDE CORP,Royalties,Gas,22377632,
IGCCZ ENERGY COMPANY,Other Revenues,n/a,-89000,
IGCCZ ENERGY COMPANY,Royalties,Oil,88546,
IGCCZ ENERGY COMPANY,Royalties,Gas,243135,
TWNRN PRODUCTS,Rents,Oil & Gas,273089,
QOSRS MANAGEMENT CORP,Rents,Oil & Gas,1582,
QOSRS MANAGEMENT CORP,Royalties,Gas,63118,
QOSRS MANAGEMENT CORP,Royalties,Oil,1114805,
RNMPM PRODUCTS,Royalties,Oil,69059,
RNMPM PRODUCTS,Rents,Oil & Gas,139283,
RNMPM PRODUCTS,Royalties,Gas,321835,
XTCMC INDUSTRIES,Other Revenues,n/a,-207017,
XTCMC INDUSTRIES,Rents,Oil & Gas,11880,
XTCMC INDUSTRIES,Royalties,Gas,11471335,
XTCMC INDUSTRIES,Royalties,Oil,35148892,
PFCLX MANAGEMENT CORP,Other Revenues,n/a,3800,
PFCLX MANAGEMENT CORP,Rents,Coal,10014,
PFCLX MANAGEMENT CORP,Rents,Oil & Gas,35326,
PFCLX MANAGEMENT CORP,Royalties,Gas,1316489,
PFCLX MANAGEMENT CORP,Royalties,Oil,1775416,
PFCLX MANAGEMENT CORP,Royalties,Coal,7262867,
IGPGV INC,Rents,Oil & Gas,5705,
IGPGV INC,Bonus,Oil & Gas,125692,
VQQMW PARTNERS,Rents,Coal,9465,
VQQMW PARTNERS,Bonus,Coal,1278000,
VQQMW PARTNERS,Royalties,Coal,1427152,
HMDWE CORP,Bonus,Oil & Gas,16000,
HMDWE CORP,Rents,Oil & Gas,16062,
HMDWE CORP,Other Revenues,n/a,25362,
HMDWE CORP,Royalties,Gas,88608,
QGBBK MANAGEMENT CORP,Bonus,Wind,24108,
QGBBK MANAGEMENT CORP,Rents,Wind,289290,
RHCVK INC,Royalties,Oil,222165,
QXUXI CORP,Rents,Coal,5163,
QXUXI CORP,Royalties,Coal,398872,
PTZGD EXPLORATION,Rents,Oil & Gas,245000,
PTZGD EXPLORATION,Bonus,Oil & Gas,351000,
YCJMR HOLDINGS,Rents,Oil & Gas,3533,
YCJMR HOLDINGS,Bonus,Oil & Gas,1037577,
BPQHG CORP,Other Revenues,n/a,16571,
BPQHG CORP,Rents,Oil & Gas,42149,
BPQHG CORP,Royalties,Other Commodities,46393,
BPQHG CORP,Royalties,Gas,70985,
BPQHG CORP,Royalties,Oil,528266,
LWRMN PRODUCTION COMPANY,Other Revenues,n/a,18660,
LWRMN PRODUCTION COMPANY,Rents,Oil & Gas,52756,
LWRMN PRODUCTION COMPANY,Royalties,Gas,11066368,
LWRMN PRODUCTION COMPANY,Royalties,Oil,58346474,
ACXII INC,Rents,Oil & Gas,21822,
ACXII INC,Bonus,Oil & Gas,101737,
VNNHK EXPLORATION,Rents,Coal,-55066,
VNNHK EXPLORATION,Bonus,Coal,368881,
VNNHK EXPLORATION,Royalties,Coal,29406321,
JFUAB CORP,Other Revenues,n/a,-5182332,
JFUAB CORP,Rents,Oil & Gas,28380600,
JFUAB CORP,Bonus,Oil & Gas,77149984,
JFUAB CORP,Royalties,Gas,95260090,
JFUAB CORP,Royalties,Oil,778280161,
WQVGM MANAGEMENT CORP,Royalties,Oil,145535,
WQVGM MANAGEMENT CORP,Royalties,Gas,151031,
RPADZ INDUSTRIES,Royalties,Oil,78197,
RPADZ INDUSTRIES,Royalties,Gas,101918,
QTLOX LLC,Other Revenues,n/a,5834,
QTLOX LLC,Rents,Oil & Gas,15435,
QTLOX LLC,Royalties,Gas,4468722,
QTLOX LLC,Royalties,Oil,8220017,
TQLPY PARTNERS,Royalties,Oil,199826,
QWSFI HOLDINGS,Royalties,Gas,223062,
KTEZF LLC,Other Revenues,n/a,2326,
KTEZF LLC,Rents,Oil & Gas,14902,
KTEZF LLC,Royalties,Gas,202777,
KTEZF LLC,Royalties,Oil,697854,
EUCOM PARTNERS,Rents,Oil & Gas,107449,
EUCOM PARTNERS,Bonus,Oil & Gas,399245,
ZVXKM INDUSTRIES,Royalties,Gas,37154,
ZVXKM INDUSTRIES,Royalties,Oil,140175,
EXIHH PRODUCTION COMPANY,Rents,Oil & Gas,24966,
EXIHH PRODUCTION COMPANY,Royalties,Gas,3129677,
VFKCD HOLDINGS,Royalties,Oil,42563,
VFKCD HOLDINGS,Royalties,Gas,77726,
YBXKJ INC,Rents,Oil & Gas,756098,
YBXKJ INC,Bonus,Oil & Gas,946560,
YOMYT EXPLORATION,Royalties,Other Commodities,1,
YOMYT EXPLORATION,Rents,Oil & Gas,6395,
YOMYT EXPLORATION,Other Revenues,n/a,7726,
YOMYT EXPLORATION,Royalties,Oil,56383,
YOMYT EXPLORATION,Royalties,Gas,643790,
DKBHV PRODUCTION COMPANY,Rents,Oil & Gas,227471,
DKBHV PRODUCTION COMPANY,Royalties,Oil,547953,
DKBHV PRODUCTION COMPANY,Royalties,Gas,1025498,
YFMUG INDUSTRIES,Rents,Geothermal,106980,
YFMUG INDUSTRIES,Royalties,Geothermal,6292815,
TMGXF PRODUCTION COMPANY,Other Revenues,n/a,-109000,
TMGXF PRODUCTION COMPANY,Rents,Oil & Gas,39737,
TMGXF PRODUCTION COMPANY,Royalties,Gas,43429,
TMGXF PRODUCTION COMPANY,Bonus,Oil & Gas,197890,
TMGXF PRODUCTION COMPANY,Royalties,Oil,1892903,
EHFTV PRODUCTION COMPANY,Rents,Oil & Gas,7635,
EHFTV PRODUCTION COMPANY,Bonus,Oil & Gas,213980,
ABJNF PRODUCTS,Royalties,Gas,15816,
ABJNF PRODUCTS,Royalties,Oil,345305,
DIPAI INDUSTRIES,Rents,Oil & Gas,783,
DIPAI INDUSTRIES,Royalties,Oil,108504,
WUKMD INDUSTRIES,Other Revenues,n/a,-143000,
WUKMD INDUSTRIES,Rents,Oil & Gas,1090550,
WUKMD INDUSTRIES,Bonus,Oil & Gas,6630600,
WUKMD INDUSTRIES,Royalties,Gas,6963721,
WUKMD INDUSTRIES,Royalties,Oil,16321410,
PLQOM PRODUCTS,Other Revenues,n/a,6143,
PLQOM PRODUCTS,Rents,Oil & Gas,55156,
PLQOM PRODUCTS,Royalties,Oil,453074,
PLQOM PRODUCTS,Royalties,Gas,1326701,
PACSP PRODUCTION COMPANY,Royalties,Gas,237603,
GRQJB PRODUCTS,Rents,Oil & Gas,126710,
GRQJB PRODUCTS,Royalties,Gas,745151,
GRQJB PRODUCTS,Royalties,Oil,4150163,
FBQAH RESOURCES,Other Revenues,n/a,-85,
FBQAH RESOURCES,Rents,Oil & Gas,1280,
FBQAH RESOURCES,Royalties,Gas,129714,
FBQAH RESOURCES,Royalties,Oil,262006,
HBPGP PARTNERS,Rents,Oil & Gas,1588,
HBPGP PARTNERS,Other Revenues,n/a,1629,
HBPGP PARTNERS,Royalties,Gas,185601,
HBPGP PARTNERS,Royalties,Oil,301974,
GAGHX RESOURCES,Rents,Oil & Gas,658,
GAGHX RESOURCES,Other Revenues,n/a,37833,
GAGHX RESOURCES,Royalties,Gas,80162,
GAGHX RESOURCES,Royalties,Oil,204747,
QKUNR EXPLORATION,Royalties,Gas,50629,
QKUNR EXPLORATION,Royalties,Oil,429755,
VLMDD PARTNERS,Other Revenues,n/a,714034,
VLMDD PARTNERS,Bonus,Oil & Gas,1055310,
VLMDD PARTNERS,Rents,Oil & Gas,1279174,
VLMDD PARTNERS,Royalties,Gas,8745009,
VLMDD PARTNERS,Royalties,Oil,12848634,
RWBDH PRODUCTION COMPANY,Rents,Oil Shale,304,
RWBDH PRODUCTION COMPANY,Rents,Coal,23598,
RWBDH PRODUCTION COMPANY,Royalties,Other Commodities,606701,
RWBDH PRODUCTION COMPANY,Other Revenues,n/a,1744329,
RWBDH PRODUCTION COMPANY,Royalties,Coal,2195640,
RWBDH PRODUCTION COMPANY,Rents,Oil & Gas,19220299,
RWBDH PRODUCTION COMPANY,Royalties,Gas,108441129,
RWBDH PRODUCTION COMPANY,Bonus,Oil & Gas,261326247,
RWBDH PRODUCTION COMPANY,Royalties,Oil,662775063,
XUGTA MANAGEMENT CORP,Other Revenues,n/a,6192,
XUGTA MANAGEMENT CORP,Rents,Oil & Gas,13136,
XUGTA MANAGEMENT CORP,Royalties,Gas,52225,
XUGTA MANAGEMENT CORP,Royalties,Oil,81662,
REPGZ RESOURCES,Rents,Oil & Gas,258,
REPGZ RESOURCES,Royalties,Oil,102277,
WPMZU EXPLORATION,Rents,Oil & Gas,43508,
WPMZU EXPLORATION,Other Revenues,n/a,2571402,
WPMZU EXPLORATION,Royalties,Gas,11548405,
WPMZU EXPLORATION,Royalties,Oil,47653011,
EBOOS INC,Rents,Oil & Gas,-1280,
EBOOS INC,Royalties,Oil,115768,
QKAGR ENERGY COMPANY,Other Revenues,n/a,10000,
QKAGR ENERGY COMPANY,Royalties,Gas,155078,
QNOEN PRODUCTS,Bonus,Oil & Gas,39912,
QNOEN PRODUCTS,Rents,Oil & Gas,183973,
HWXGV HOLDINGS,Other Revenues,n/a,20849,
HWXGV HOLDINGS,Rents,Oil & Gas,25844,
HWXGV HOLDINGS,Royalties,Gas,696735,
HWXGV HOLDINGS,Royalties,Oil,12801441,
ZLJNP INC,Rents,Oil & Gas,9815,
ZLJNP INC,Royalties,Gas,181830,
ZLJNP INC,Royalties,Oil,676501,
POYSJ PRODUCTION COMPANY,Rents,Coal,100997,
POYSJ PRODUCTION COMPANY,Bonus,Coal,79026630,
POYSJ PRODUCTION COMPANY,Royalties,Coal,123557058,
YZGNK HOLDINGS,Other Revenues,n/a,103,
YZGNK HOLDINGS,Royalties,Gas,37664,
YZGNK HOLDINGS,Royalties,Oil,82616,
LITPS ENERGY COMPANY,Royalties,Oil,3161,
LITPS ENERGY COMPANY,Rents,Oil & Gas,48063,
LITPS ENERGY COMPANY,Royalties,Gas,54815,
BVGXG ENERGY COMPANY,Rents,Oil & Gas,10678115,
BVGXG ENERGY COMPANY,Bonus,Oil & Gas,82853672,
JDERH HOLDINGS,Rents,Oil & Gas,3482,
JDERH HOLDINGS,Bonus,Oil & Gas,99803,
WLZXD CORP,Other Revenues,n/a,-19928,
WLZXD CORP,Rents,Oil & Gas,29981,
WLZXD CORP,Royalties,Oil,83059,
WLZXD CORP,Royalties,Gas,712568,
WLZXD CORP,Bonus,Oil & Gas,3326969,
KLCDW PRODUCTS,Rents,Oil & Gas,715,
KLCDW PRODUCTS,Other Revenues,n/a,301177,
TKKOH PARTNERS,Other Revenues,n/a,-312878,
TKKOH PARTNERS,Rents,Sodium,-1760,
TKKOH PARTNERS,Rents,Oil & Gas,98478,
TKKOH PARTNERS,Royalties,Gas,20242432,
TKKOH PARTNERS,Royalties,Oil,59181721,
DVMJR HOLDINGS,Other Revenues,n/a,-953215,
DVMJR HOLDINGS,Royalties,Other Commodities,41118,
DVMJR HOLDINGS,Rents,Oil & Gas,23093504,
DVMJR HOLDINGS,Royalties,Oil,95383339,
DVMJR HOLDINGS,Bonus,Oil & Gas,108197012,
DVMJR HOLDINGS,Royalties,Gas,160893373,
HTKQU PRODUCTS,Rents,Coal,3000,
HTKQU PRODUCTS,Bonus,Coal,40320,
HTKQU PRODUCTS,Royalties,Coal,130476,
KCFRI PRODUCTS,Rents,Oil & Gas,354289,
KCFRI PRODUCTS,Other Revenues,n/a,489242,
KCFRI PRODUCTS,Royalties,Oil,6844131,
KCFRI PRODUCTS,Bonus,Oil & Gas,6957331,
KCFRI PRODUCTS,Royalties,Gas,15699888,
NGCHC EXPLORATION,Rents,Oil & Gas,110248,
NGCHC EXPLORATION,Bonus,Oil & Gas,204704,
NZUWL ENERGY COMPANY,Rents,Oil & Gas,76577,
NZUWL ENERGY COMPANY,Royalties,Gas,722690,
NZUWL ENERGY COMPANY,Royalties,Oil,20473178,
NZUWL ENERGY COMPANY,Bonus,Oil & Gas,26000510,
YKSBE RESOURCES,Rents,Oil & Gas,360,
YKSBE RESOURCES,Bonus,Oil & Gas,480,
YKSBE RESOURCES,Royalties,Gas,39464,
YKSBE RESOURCES,Royalties,Oil,91452,
MDZOT EXPLORATION,Other Revenues,n/a,6197,
MDZOT EXPLORATION,Royalties,Oil,353371,
YUIDJ ENERGY COMPANY,Rents,Oil & Gas,1920,
YUIDJ ENERGY COMPANY,Other Revenues,n/a,2970,
YUIDJ ENERGY COMPANY,Royalties,Gas,51189,
YUIDJ ENERGY COMPANY,Royalties,Oil,61906,
APTGD MANAGEMENT CORP,Royalties,Gas,26333,
APTGD MANAGEMENT CORP,Rents,Oil & Gas,30516,
APTGD MANAGEMENT CORP,Royalties,Oil,2486954,
CFPNT PRODUCTS,Rents,Oil & Gas,80,
CFPNT PRODUCTS,Royalties,Oil,623616,
YSTTT RESOURCES,Other Revenues,n/a,97,
YSTTT RESOURCES,Rents,Oil & Gas,35953,
YSTTT RESOURCES,Royalties,Oil,111276,
YSTTT RESOURCES,Royalties,Gas,1411826,
QSUDA INC,Rents,Oil & Gas,13856,
QSUDA INC,Bonus,Oil & Gas,328000,
NDPBM INC,Other Revenues,n/a,-62681,
NDPBM INC,Rents,Oil & Gas,26073,
NDPBM INC,Royalties,Oil,48862,
NDPBM INC,Royalties,Gas,713848,
WBNBV PRODUCTS,Rents,Geothermal,102069,
QTWVC MANAGEMENT CORP,Royalties,Gas,150319,
QTWVC MANAGEMENT CORP,Rents,Oil & Gas,239522,
QTWVC MANAGEMENT CORP,Royalties,Oil,2814142,
UIQXF INDUSTRIES,Rents,Oil & Gas,855,
UIQXF INDUSTRIES,Royalties,Gas,485039,
UIQXF INDUSTRIES,Royalties,Oil,23204523,
YJQEE PRODUCTION COMPANY,Royalties,Gas,13094,
YJQEE PRODUCTION COMPANY,Other Revenues,n/a,26673,
YJQEE PRODUCTION COMPANY,Rents,Oil & Gas,87160,
UHSPK LLC,Other Revenues,n/a,150000,
UHSPK LLC,Rents,Oil & Gas,208230,
UHSPK LLC,Royalties,Gas,569494,
UHSPK LLC,Royalties,Oil,14864704,
JGGUV PRODUCTION COMPANY,Royalties,Gas,18971,
JGGUV PRODUCTION COMPANY,Rents,Oil & Gas,34458,
JGGUV PRODUCTION COMPANY,Other Revenues,n/a,51519,
SUMEK RESOURCES,Other Revenues,n/a,62485,
SUMEK RESOURCES,Rents,Oil & Gas,75906,
SUMEK RESOURCES,Bonus,Oil & Gas,178500,
SUMEK RESOURCES,Royalties,Gas,1335070,
SUMEK RESOURCES,Royalties,Oil,29171111,
CNFUN PRODUCTION COMPANY,Bonus,Oil & Gas,90225,
CNFUN PRODUCTION COMPANY,Rents,Oil & Gas,398641,
CNFUN PRODUCTION COMPANY,Other Revenues,n/a,2380474,
CNFUN PRODUCTION COMPANY,Royalties,Gas,58347286,
CNFUN PRODUCTION COMPANY,Royalties,Oil,67574830,
OXMKO CORP,Royalties,Oil,109355,
WUHOT INC,Rents,Oil & Gas,80,
WUHOT INC,Other Revenues,n/a,1446,
WUHOT INC,Royalties,Gas,12671,
WUHOT INC,Royalties,Oil,245454,
DNGXO LLC,Royalties,Coal,0,
DNGXO LLC,Rents,Hardrock,700,
DNGXO LLC,Other Revenues,n/a,16197,
DNGXO LLC,Royalties,Other Commodities,9357933,
XPXVA LLC,Royalties,Gas,546070,
QBIGP EXPLORATION,Royalties,Oil,120246,
BWTYV EXPLORATION,Rents,Oil & Gas,110966,
BWTYV EXPLORATION,Bonus,Oil & Gas,151314,
FALSZ CORP,Royalties,Oil,1285,
FALSZ CORP,Rents,Oil & Gas,62969,
FALSZ CORP,Royalties,Gas,4098216,
DGKIU EXPLORATION,Rents,Oil & Gas,91877,
DGKIU EXPLORATION,Bonus,Oil & Gas,5701384,
YILKO PARTNERS,Rents,Coal,4830,
YILKO PARTNERS,Royalties,Coal,790059,
ARICM PARTNERS,Rents,Oil & Gas,10898,
ARICM PARTNERS,Other Revenues,n/a,25835,
ARICM PARTNERS,Royalties,Oil,615478,
ARICM PARTNERS,Royalties,Gas,1865462,
NEHQU INDUSTRIES,Rents,Oil & Gas,2874,
NEHQU INDUSTRIES,Other Revenues,n/a,10094,
NEHQU INDUSTRIES,Royalties,Gas,223667,
NEHQU INDUSTRIES,Royalties,Oil,2485130,
EGUFI LLC,Rents,Oil & Gas,11645,
EGUFI LLC,Bonus,Oil & Gas,111386,
OWOIT ENERGY COMPANY,Other Revenues,n/a,2078,
OWOIT ENERGY COMPANY,Royalties,Oil,101495,
OWOIT ENERGY COMPANY,Royalties,Gas,391089,
VUOWF PARTNERS,Other Revenues,n/a,1992,
VUOWF PARTNERS,Rents,Oil & Gas,13716,
VUOWF PARTNERS,Royalties,Gas,15989,
VUOWF PARTNERS,Royalties,Oil,89195,
TCLAB PRODUCTS,Royalties,Gas,128301,
TCLAB PRODUCTS,Rents,Oil & Gas,1774080,
TCLAB PRODUCTS,Bonus,Oil & Gas,2998702,
TCLAB PRODUCTS,Royalties,Oil,3049995,
FAOWA INDUSTRIES,Rents,Oil & Gas,150,
FAOWA INDUSTRIES,Royalties,Oil,11901,
FAOWA INDUSTRIES,Royalties,Gas,131678,
QMBFR PRODUCTION COMPANY,Rents,Oil & Gas,60,
QMBFR PRODUCTION COMPANY,Bonus,Oil & Gas,500000,
WTUJR PRODUCTS,Rents,Oil & Gas,7425,
WTUJR PRODUCTS,Royalties,Gas,66550,
WTUJR PRODUCTS,Royalties,Oil,667415,
UOZGD CORP,Rents,Oil & Gas,230,
UOZGD CORP,Royalties,Oil,20992,
UOZGD CORP,Other Revenues,n/a,35600,
UOZGD CORP,Royalties,Gas,708306,
MEKZY MANAGEMENT CORP,Rents,Oil & Gas,14708,
MEKZY MANAGEMENT CORP,Other Revenues,n/a,18021,
MEKZY MANAGEMENT CORP,Royalties,Gas,682199,
MEKZY MANAGEMENT CORP,Royalties,Oil,1049981,
UOJRN HOLDINGS,Rents,Oil & Gas,902160,
UOJRN HOLDINGS,Other Revenues,n/a,2334343,
UOJRN HOLDINGS,Royalties,Oil,30188202,
UOJRN HOLDINGS,Royalties,Gas,122493018,
FRKPS RESOURCES,Rents,Oil & Gas,19304,
FRKPS RESOURCES,Royalties,Gas,73116,
FRKPS RESOURCES,Royalties,Oil,1004251,
BNWOU PARTNERS,Rents,Oil & Gas,964,
BNWOU PARTNERS,Royalties,Gas,236742,
BNWOU PARTNERS,Royalties,Oil,464276,
PRPHX ENERGY COMPANY,Other Revenues,n/a,7830,
PRPHX ENERGY COMPANY,Rents,Oil & Gas,18973,
PRPHX ENERGY COMPANY,Royalties,Oil,64703,
PRPHX ENERGY COMPANY,Royalties,Gas,99471,
HUPVJ MANAGEMENT CORP,Other Revenues,n/a,6622,
HUPVJ MANAGEMENT CORP,Rents,Oil & Gas,12309,
HUPVJ MANAGEMENT CORP,Royalties,Gas,53191,
HUPVJ MANAGEMENT CORP,Royalties,Oil,2733252,
GBQVI PRODUCTS,Rents,Geothermal,71194,
GBQVI PRODUCTS,Royalties,Geothermal,167452,
LLWFQ PRODUCTION COMPANY,Other Revenues,n/a,1105,
LLWFQ PRODUCTION COMPANY,Rents,Oil & Gas,12569,
LLWFQ PRODUCTION COMPANY,Royalties,Oil,527940,
LLWFQ PRODUCTION COMPANY,Bonus,Oil & Gas,5324968,
LLWFQ PRODUCTION COMPANY,Royalties,Gas,16556042,
XEHDX ENERGY COMPANY,Other Revenues,n/a,1551416,
XEHDX ENERGY COMPANY,Rents,Oil & Gas,1660518,
XEHDX ENERGY COMPANY,Royalties,Gas,4351818,
XEHDX ENERGY COMPANY,Royalties,Oil,55483597,
FDMRK CORP,Royalties,Gas,1974,
FDMRK CORP,Rents,Oil & Gas,9705,
FDMRK CORP,Royalties,Oil,5131067,
ODCHE HOLDINGS,Rents,Oil & Gas,119712,
DEJIO EXPLORATION,Rents,Oil & Gas,182959,
DEJIO EXPLORATION,Bonus,Oil & Gas,302242,
DEJIO EXPLORATION,Other Revenues,n/a,1983818,
DEJIO EXPLORATION,Royalties,Gas,18048921,
DEJIO EXPLORATION,Royalties,Oil,189896658,
LEOCU RESOURCES,Rents,Oil & Gas,11983,
LEOCU RESOURCES,Royalties,Gas,27795,
LEOCU RESOURCES,Royalties,Oil,200762,
AGDVA CORP,Royalties,Gas,41042,
AGDVA CORP,Royalties,Oil,68141,
CSISA LLC,Other Revenues,n/a,558,
CSISA LLC,Rents,Oil & Gas,15345,
CSISA LLC,Royalties,Oil,706208,
CSISA LLC,Royalties,Gas,2302205,
DCMAR ENERGY COMPANY,Other Revenues,n/a,565621,
DCMAR ENERGY COMPANY,Bonus,Oil & Gas,4023000,
DCMAR ENERGY COMPANY,Rents,Oil & Gas,6999173,
DCMAR ENERGY COMPANY,Royalties,Gas,28588354,
DCMAR ENERGY COMPANY,Royalties,Oil,66361052,
HCAFP EXPLORATION,Royalties,Gas,7120,
HCAFP EXPLORATION,Royalties,Oil,107112,
LTHHU INDUSTRIES,Royalties,Gas,5183,
LTHHU INDUSTRIES,Royalties,Oil,6186,
LTHHU INDUSTRIES,Other Revenues,n/a,11899,
LTHHU INDUSTRIES,Rents,Oil & Gas,223894,
LTHHU INDUSTRIES,Bonus,Oil & Gas,300662,
ETXKD PRODUCTION COMPANY,Rents,Oil & Gas,36120,
ETXKD PRODUCTION COMPANY,Royalties,Gas,222813,
ETXKD PRODUCTION COMPANY,Royalties,Oil,15938553,
NBEDF ENERGY COMPANY,Royalties,Other Commodities,116296,
NBEDF ENERGY COMPANY,Other Revenues,n/a,234433,
NBEDF ENERGY COMPANY,Rents,Oil & Gas,532975,
NBEDF ENERGY COMPANY,Royalties,Gas,31364995,
NBEDF ENERGY COMPANY,Royalties,Oil,66075288,
SGJQB EXPLORATION,Rents,Oil & Gas,447774,
SGJQB EXPLORATION,Other Revenues,n/a,7909291,
SGJQB EXPLORATION,Royalties,Gas,8280208,
SGJQB EXPLORATION,Bonus,Oil & Gas,8423300,
SGJQB EXPLORATION,Royalties,Oil,85166689,
KGQSB CORP,Other Revenues,n/a,52898,
KGQSB CORP,Royalties,Gas,54923,
TPAPG ENERGY COMPANY,Rents,Oil & Gas,160549,
MUZFG PRODUCTS,Other Revenues,n/a,13702840,
MUZFG PRODUCTS,Rents,Oil & Gas,17378349,
MUZFG PRODUCTS,Royalties,Other Commodities,20024500,
MUZFG PRODUCTS,Royalties,Gas,96921695,
MUZFG PRODUCTS,Bonus,Oil & Gas,290985645,
MUZFG PRODUCTS,Royalties,Oil,365643597,
OCIEC ENERGY COMPANY,Rents,Oil & Gas,320,
OCIEC ENERGY COMPANY,Royalties,Gas,91522,
OCIEC ENERGY COMPANY,Royalties,Oil,415811,
IJBAV MANAGEMENT CORP,Other Revenues,n/a,-38665,
IJBAV MANAGEMENT CORP,Rents,Oil & Gas,60,
IJBAV MANAGEMENT CORP,Royalties,Gas,86997,
IJBAV MANAGEMENT CORP,Royalties,Oil,1184732,
JKDKK PRODUCTS,Bonus,Oil & Gas,539,
JKDKK PRODUCTS,Rents,Oil & Gas,100634,
ZFABN ENERGY COMPANY,Rents,Coal,16926,
ZFABN ENERGY COMPANY,Royalties,Coal,689123,
MOUZD PRODUCTS,Other Revenues,n/a,4200,
MOUZD PRODUCTS,Rents,Oil & Gas,350300,
MOUZD PRODUCTS,Royalties,Gas,566767,
MOUZD PRODUCTS,Royalties,Oil,611947,
WKHKH PRODUCTS,Rents,Oil & Gas,102687,
RCQBF HOLDINGS,Other Revenues,n/a,2052588,
RCQBF HOLDINGS,Rents,Oil & Gas,9425166,
RCQBF HOLDINGS,Royalties,Gas,82730018,
RCQBF HOLDINGS,Bonus,Oil & Gas,111313779,
RCQBF HOLDINGS,Royalties,Oil,426582170,
IJKNX INDUSTRIES,Other Revenues,n/a,7620,
IJKNX INDUSTRIES,Rents,Oil & Gas,52352,
IJKNX INDUSTRIES,Royalties,Gas,505654,
IJKNX INDUSTRIES,Royalties,Oil,1089250,
YTOOA INDUSTRIES,Rents,Oil & Gas,240,
YTOOA INDUSTRIES,Bonus,Oil & Gas,288000,
OJHBM CORP,Rents,Oil & Gas,10716,
OJHBM CORP,Bonus,Oil & Gas,231720,
HXCWB HOLDINGS,Rents,Phosphate,-120,
HXCWB HOLDINGS,Rents,Sodium,18737,
HXCWB HOLDINGS,Other Revenues,n/a,75771,
HXCWB HOLDINGS,Royalties,Other Commodities,13377269,
JCYSC CORP,Rents,Oil & Gas,195840,
VZEWK PRODUCTION COMPANY,Royalties,Oil,1360104,
CKTEX RESOURCES,Bonus,Oil & Gas,6468,
CKTEX RESOURCES,Other Revenues,n/a,7998,
CKTEX RESOURCES,Rents,Oil & Gas,59791,
CKTEX RESOURCES,Royalties,Oil,97166,
CKTEX RESOURCES,Royalties,Gas,1226298,
CMNUG PRODUCTS,Rents,Oil & Gas,3490,
CMNUG PRODUCTS,Royalties,Gas,20243,
CMNUG PRODUCTS,Bonus,Oil & Gas,10802900,
GJSYF MANAGEMENT CORP,Rents,Oil & Gas,960,
GJSYF MANAGEMENT CORP,Bonus,Oil & Gas,240000,
UWTIT EXPLORATION,Rents,Oil & Gas,59657,
UWTIT EXPLORATION,Bonus,Oil & Gas,146690,
UWTIT EXPLORATION,Royalties,Oil,294505,
XDOMC PRODUCTS,Other Revenues,n/a,44732,
XDOMC PRODUCTS,Rents,Oil & Gas,86331,
XDOMC PRODUCTS,Royalties,Oil,223542,
XDOMC PRODUCTS,Royalties,Gas,815879,
CJDHH MANAGEMENT CORP,Royalties,Gas,1004840,
NCAHO INDUSTRIES,Royalties,Other Commodities,2863,
NCAHO INDUSTRIES,Other Revenues,n/a,561305,
NCAHO INDUSTRIES,Rents,Oil & Gas,3984187,
NCAHO INDUSTRIES,Royalties,Gas,20613767,
NCAHO INDUSTRIES,Bonus,Oil & Gas,84764750,
NCAHO INDUSTRIES,Royalties,Oil,234631760,
YJOXI PARTNERS,Royalties,Gas,3801966,
BONNF LLC,Rents,Oil & Gas,58506,
BONNF LLC,Bonus,Oil & Gas,67580,
FUISY ENERGY COMPANY,Rents,Oil & Gas,146749,
HFHZM CORP,Other Revenues,n/a,0,
HFHZM CORP,Rents,Oil & Gas,5702,
HFHZM CORP,Royalties,Oil,209152,
XTKTG EXPLORATION,Other Revenues,n/a,869,
XTKTG EXPLORATION,Rents,Oil & Gas,22864,
XTKTG EXPLORATION,Royalties,Oil,482619,
XTKTG EXPLORATION,Royalties,Gas,1925255,
GKOMX HOLDINGS,Rents,Coal,4035,
GKOMX HOLDINGS,Royalties,Coal,2610198,
SYFKU MANAGEMENT CORP,Royalties,Oil,459280,
MOZYA INC,Other Revenues,n/a,-3166,
MOZYA INC,Royalties,Oil,34886,
MOZYA INC,Royalties,Gas,36071,
MOZYA INC,Rents,Oil & Gas,92403,
LJPAD PARTNERS,Rents,Coal,10800,
LJPAD PARTNERS,Royalties,Coal,238608,
CVZCK INDUSTRIES,Rents,Oil & Gas,2082,
CVZCK INDUSTRIES,Bonus,Oil & Gas,242900,
RHWBY HOLDINGS,Royalties,Oil,2746,
RHWBY HOLDINGS,Rents,Oil & Gas,62875,
RHWBY HOLDINGS,Royalties,Gas,96273,
RHWBY HOLDINGS,Bonus,Oil & Gas,256000,
DTWLV INC,Rents,Oil & Gas,8902,
DTWLV INC,Royalties,Gas,13606,
DTWLV INC,Royalties,Oil,229397,
IOQIW HOLDINGS,Rents,Oil & Gas,42,
IOQIW HOLDINGS,Royalties,Gas,86055,
IOQIW HOLDINGS,Royalties,Oil,2182357,
SWRYF ENERGY COMPANY,Rents,Oil & Gas,67502,
SWRYF ENERGY COMPANY,Bonus,Oil & Gas,15113700,
JPRPR PARTNERS,Royalties,Oil,4552,
JPRPR PARTNERS,Rents,Oil & Gas,13845,
JPRPR PARTNERS,Bonus,Oil & Gas,130975,
MWUMQ PRODUCTION COMPANY,Rents,Oil & Gas,220,
MWUMQ PRODUCTION COMPANY,Other Revenues,n/a,2909,
MWUMQ PRODUCTION COMPANY,Royalties,Oil,144399,
MWUMQ PRODUCTION COMPANY,Royalties,Gas,225051,
YJQSM HOLDINGS,Rents,Oil & Gas,12246,
YJQSM HOLDINGS,Bonus,Oil & Gas,671683,
KXZOS CORP,Royalties,Gas,171,
KXZOS CORP,Royalties,Oil,211789,
QXNAU CORP,Other Revenues,n/a,382,
QXNAU CORP,Royalties,Gas,85448,
QXNAU CORP,Royalties,Oil,92831,
BVCEP PRODUCTION COMPANY,Royalties,Oil,237112,
VPECJ EXPLORATION,Other Revenues,n/a,66862,
VPECJ EXPLORATION,Royalties,Gas,114359,
VPECJ EXPLORATION,Royalties,Oil,707560,
MRWEK INC,Royalties,Gas,333984,
IFEWW CORP,Royalties,Gas,387,
IFEWW CORP,Rents,Oil & Gas,14198,
IFEWW CORP,Royalties,Oil,371277,
VPKFK PRODUCTS,Rents,Oil & Gas,800,
VPKFK PRODUCTS,Royalties,Oil,3907,
VPKFK PRODUCTS,Royalties,Gas,265461,
WIZQY ENERGY COMPANY,Other Revenues,n/a,-81,
WIZQY ENERGY COMPANY,Rents,Oil & Gas,110995,
WIZQY ENERGY COMPANY,Bonus,Oil & Gas,225000,
WIZQY ENERGY COMPANY,Royalties,Oil,4603410,
WIZQY ENERGY COMPANY,Royalties,Gas,7733850,
YFDWB PRODUCTS,Rents,Oil & Gas,5708,
YFDWB PRODUCTS,Bonus,Oil & Gas,883340,
PUVRF MANAGEMENT CORP,Royalties,Gas,85984,
PUVRF MANAGEMENT CORP,Royalties,Oil,437397,
WIZSJ EXPLORATION,Royalties,Gas,4,
WIZSJ EXPLORATION,Royalties,Oil,410205,
SAYFK MANAGEMENT CORP,Rents,Oil & Gas,5827,
SAYFK MANAGEMENT CORP,Other Revenues,n/a,16767,
SAYFK MANAGEMENT CORP,Royalties,Gas,605171,
BDMGM PRODUCTION COMPANY,Rents,Oil & Gas,263692,
BDMGM PRODUCTION COMPANY,Bonus,Oil & Gas,1458314,
EIYLY PARTNERS,Rents,Oil & Gas,120,
EIYLY PARTNERS,Royalties,Oil,168506,
QDMGH PRODUCTION COMPANY,Royalties,Gas,133593,
QDMGH PRODUCTION COMPANY,Royalties,Oil,2264116,
KMLFK INC,Rents,Oil & Gas,26,
KMLFK INC,Other Revenues,n/a,733,
KMLFK INC,Royalties,Gas,57308,
KMLFK INC,Royalties,Oil,865039,
FVBUP ENERGY COMPANY,Other Revenues,n/a,-300000,
FVBUP ENERGY COMPANY,Rents,Oil & Gas,83907,
FVBUP ENERGY COMPANY,Royalties,Gas,6505837,
FVBUP ENERGY COMPANY,Royalties,Oil,9852538,
ZZLDW HOLDINGS,Rents,Oil & Gas,488,
ZZLDW HOLDINGS,Royalties,Oil,23254,
ZZLDW HOLDINGS,Royalties,Gas,144859,
ZKAJG RESOURCES,Other Revenues,n/a,87905,
ZKAJG RESOURCES,Royalties,Other Commodities,1090174,
ZKAJG RESOURCES,Bonus,Oil & Gas,2924833,
ZKAJG RESOURCES,Rents,Oil & Gas,8224446,
ZKAJG RESOURCES,Royalties,Gas,21207128,
ZKAJG RESOURCES,Royalties,Oil,161398703,
IRISF LLC,Rents,Oil & Gas,1137,
IRISF LLC,Bonus,Oil & Gas,397200,
TLQNW PRODUCTS,Rents,Oil & Gas,46734,
TLQNW PRODUCTS,Other Revenues,n/a,292291,
TLQNW PRODUCTS,Royalties,Gas,6196319,
TLQNW PRODUCTS,Royalties,Oil,13396907,
KIBXN PARTNERS,Rents,Oil & Gas,35000,
KIBXN PARTNERS,Bonus,Oil & Gas,125000,
XZQJP LLC,Other Revenues,n/a,0,
XZQJP LLC,Rents,Oil & Gas,60,
XZQJP LLC,Bonus,Oil & Gas,25000,
XZQJP LLC,Royalties,Gas,169507,
IVMOF HOLDINGS,Royalties,Oil,44853052,
NKSAD ENERGY COMPANY,Rents,Oil & Gas,1540,
NKSAD ENERGY COMPANY,Royalties,Gas,42596,
NKSAD ENERGY COMPANY,Royalties,Oil,3175113,
XPHJM CORP,Rents,Oil & Gas,10099,
XPHJM CORP,Bonus,Oil & Gas,1289061,
BLZYQ EXPLORATION,Royalties,Oil,13783946,
GJCIY RESOURCES,Rents,Oil & Gas,365080,
GJCIY RESOURCES,Bonus,Oil & Gas,15861564,
OWYKC MANAGEMENT CORP,Royalties,Gas,6328,
OWYKC MANAGEMENT CORP,Royalties,Oil,244532,
QTWRS RESOURCES,Royalties,Gas,18798,
QTWRS RESOURCES,Royalties,Oil,557675,
YWBFG INDUSTRIES,Rents,Oil & Gas,300,
YWBFG INDUSTRIES,Other Revenues,n/a,7231,
YWBFG INDUSTRIES,Royalties,Oil,14005,
YWBFG INDUSTRIES,Royalties,Gas,204092,
ADLOZ EXPLORATION,Royalties,Gas,38463,
ADLOZ EXPLORATION,Bonus,Oil & Gas,214470,
ADLOZ EXPLORATION,Rents,Oil & Gas,588465,
ADLOZ EXPLORATION,Royalties,Oil,770664,
GPRSC PARTNERS,Rents,Oil & Gas,16768,
GPRSC PARTNERS,Royalties,Oil,739439,
GPRSC PARTNERS,Royalties,Gas,1831352,
BYJYV EXPLORATION,Other Revenues,n/a,760,
BYJYV EXPLORATION,Rents,Oil & Gas,1380,
BYJYV EXPLORATION,Royalties,Gas,36090,
BYJYV EXPLORATION,Royalties,Oil,782680,
QLJQL LLC,Rents,Oil & Gas,480,
QLJQL LLC,Royalties,Gas,4630,
QLJQL LLC,Bonus,Oil & Gas,102400,
HNJTB PRODUCTION COMPANY,Rents,Potassium,29382,
HNJTB PRODUCTION COMPANY,Other Revenues,n/a,168257,
HNJTB PRODUCTION COMPANY,Bonus,Potassium,1860008,
HNJTB PRODUCTION COMPANY,Royalties,Other Commodities,9829974,
LIQBL INDUSTRIES,Rents,Oil & Gas,1970,
LIQBL INDUSTRIES,Bonus,Oil & Gas,173300,
KDTKP RESOURCES,Other Revenues,n/a,859641,
KDTKP RESOURCES,Rents,Oil & Gas,1642058,
KDTKP RESOURCES,Bonus,Oil & Gas,2683308,
KDTKP RESOURCES,Royalties,Gas,19196001,
KDTKP RESOURCES,Royalties,Oil,35899155,
MXTIC CORP,Rents,Oil & Gas,10520,
MXTIC CORP,Bonus,Oil & Gas,196000,
JKZWR ENERGY COMPANY,Rents,Oil & Gas,-22556,
JKZWR ENERGY COMPANY,Royalties,Gas,208429,
NCHSW ENERGY COMPANY,Royalties,Oil,1834,
NCHSW ENERGY COMPANY,Royalties,Gas,185012,
FDSCX PARTNERS,Rents,Oil & Gas,2679,
FDSCX PARTNERS,Royalties,Oil,554591,
QEJEB LLC,Rents,Phosphate,4858,
QEJEB LLC,Other Revenues,n/a,80659,
QEJEB LLC,Royalties,Other Commodities,4728683,
ZOMEE CORP,Royalties,Gas,6159,
ZOMEE CORP,Royalties,Oil,143644,
RNTKK CORP,Rents,Coal,9081,
RNTKK CORP,Royalties,Coal,1780536,
PLCWS LLC,Rents,Oil & Gas,3150,
PLCWS LLC,Bonus,Oil & Gas,131200,
OWYWY ENERGY COMPANY,Rents,Coal,8664,
OWYWY ENERGY COMPANY,Royalties,Coal,3221767,
SDFJT ENERGY COMPANY,Royalties,Oil,70497,
SDFJT ENERGY COMPANY,Royalties,Gas,557391,
CXNTK LLC,Other Revenues,n/a,-334402,
CXNTK LLC,Rents,Oil & Gas,3400,
CXNTK LLC,Royalties,Oil,59326,
CXNTK LLC,Royalties,Gas,708902,
GFHUE PRODUCTION COMPANY,Rents,Oil & Gas,29542,
GFHUE PRODUCTION COMPANY,Bonus,Oil & Gas,1185890,
XHYVS HOLDINGS,Other Revenues,n/a,495,
XHYVS HOLDINGS,Rents,Oil & Gas,11426,
XHYVS HOLDINGS,Royalties,Gas,21416,
XHYVS HOLDINGS,Bonus,Oil & Gas,266414,
NBZBB PRODUCTION COMPANY,Rents,Oil & Gas,21668,
NBZBB PRODUCTION COMPANY,Royalties,Oil,82104,
MONGA LLC,Rents,Oil & Gas,3437,
MONGA LLC,Bonus,Oil & Gas,310470,
BYRHM PRODUCTION COMPANY,Other Revenues,n/a,-40803,
BYRHM PRODUCTION COMPANY,Rents,Oil & Gas,6825,
BYRHM PRODUCTION COMPANY,Royalties,Oil,520576,
BYRHM PRODUCTION COMPANY,Royalties,Gas,798527,
IITKQ PRODUCTION COMPANY,Other Revenues,n/a,8000,
IITKQ PRODUCTION COMPANY,Royalties,Gas,159730,
ROIIB LLC,Rents,Oil & Gas,14496,
ROIIB LLC,Other Revenues,n/a,18183,
ROIIB LLC,Royalties,Gas,80278,
CBJFP PRODUCTS,Rents,Oil & Gas,5807,
CBJFP PRODUCTS,Bonus,Oil & Gas,996075,
PKHAH CORP,Other Revenues,n/a,280,
PKHAH CORP,Bonus,Oil & Gas,22330,
PKHAH CORP,Rents,Oil & Gas,253114,
RHSCY RESOURCES,Rents,Coal,115092,
RHSCY RESOURCES,Royalties,Coal,28233092,
VUMZZ EXPLORATION,Royalties,Oil,8918,
VUMZZ EXPLORATION,Royalties,Gas,171557,
YIOKL HOLDINGS,Royalties,Oil,30265,
YIOKL HOLDINGS,Rents,Oil & Gas,151039,
YIOKL HOLDINGS,Other Revenues,n/a,345534,
YIOKL HOLDINGS,Royalties,Other Commodities,36898659,
QQYEL INC,Other Revenues,n/a,12573,
QQYEL INC,Royalties,Gas,593909,
QQYEL INC,Rents,Oil & Gas,881723,
QQYEL INC,Bonus,Oil & Gas,913271,
QQYEL INC,Royalties,Oil,1335661,
KOAXE PRODUCTS,Rents,Oil & Gas,952,
KOAXE PRODUCTS,Royalties,Gas,5009,
KOAXE PRODUCTS,Royalties,Oil,155791,
BJCTB RESOURCES,Royalties,Oil,473511,
BJCTB RESOURCES,Royalties,Gas,637343,
YUSOA INC,Other Revenues,n/a,20938,
YUSOA INC,Rents,Oil & Gas,635726,
YUSOA INC,Royalties,Gas,2918429,
YUSOA INC,Royalties,Oil,5891455,
AIKHS ENERGY COMPANY,Other Revenues,n/a,36,
AIKHS ENERGY COMPANY,Rents,Oil & Gas,28281,
AIKHS ENERGY COMPANY,Royalties,Gas,214389,
AIKHS ENERGY COMPANY,Bonus,Oil & Gas,1368900,
AIKHS ENERGY COMPANY,Royalties,Oil,2407978,
ZNEVM RESOURCES,Rents,Oil & Gas,24104,
ZNEVM RESOURCES,Bonus,Oil & Gas,239602,
RRYKI EXPLORATION,Rents,Oil & Gas,10863,
RRYKI EXPLORATION,Bonus,Oil & Gas,1653375,
DSDGL INDUSTRIES,Rents,Oil & Gas,6518,
DSDGL INDUSTRIES,Bonus,Oil & Gas,312515,
ELRSL INC,Other Revenues,n/a,2000,
ELRSL INC,Rents,Oil & Gas,3942,
ELRSL INC,Royalties,Oil,94127,
ELRSL INC,Royalties,Gas,439419,
YIDRP CORP,Royalties,Gas,54428,
YIDRP CORP,Royalties,Oil,65175,
RWHAQ INC,Other Revenues,n/a,-130380,
RWHAQ INC,Rents,Oil & Gas,19671,
RWHAQ INC,Royalties,Gas,1610421,
RWHAQ INC,Royalties,Oil,9637901,
MKWSW MANAGEMENT CORP,Bonus,Oil & Gas,174437,
MKWSW MANAGEMENT CORP,Rents,Oil & Gas,349802,
LQAIO PARTNERS,Other Revenues,n/a,-125419,
LQAIO PARTNERS,Rents,Oil & Gas,120,
LQAIO PARTNERS,Royalties,Gas,1238636,
LQAIO PARTNERS,Royalties,Oil,3854294,
DXKDF MANAGEMENT CORP,Royalties,Gas,2922,
DXKDF MANAGEMENT CORP,Royalties,Other Commodities,1317325,
FQLTT PARTNERS,Royalties,Gas,23751,
FQLTT PARTNERS,Rents,Oil & Gas,70060,
FQLTT PARTNERS,Bonus,Oil & Gas,175000,
FQLTT PARTNERS,Royalties,Oil,522889,
EGMJI MANAGEMENT CORP,Rents,Oil & Gas,9109,
EGMJI MANAGEMENT CORP,Other Revenues,n/a,2384155,
EGMJI MANAGEMENT CORP,Royalties,Gas,22489305,
EGMJI MANAGEMENT CORP,Royalties,Oil,47852961,
KZWCY INC,Royalties,Oil,6001,
KZWCY INC,Royalties,Gas,109541,
VFGQM LLC,Other Revenues,n/a,-116925,
VFGQM LLC,Rents,Oil & Gas,3591149,
VFGQM LLC,Royalties,Gas,10978592,
VFGQM LLC,Royalties,Oil,145097052,
VFGQM LLC,Bonus,Oil & Gas,168398131,
JVMCK HOLDINGS,Rents,Oil & Gas,4806,
JVMCK HOLDINGS,Royalties,Oil,23422,
JVMCK HOLDINGS,Royalties,Gas,316572,
KDLOD INDUSTRIES,Other Revenues,n/a,451,
KDLOD INDUSTRIES,Royalties,Oil,43044,
KDLOD INDUSTRIES,Royalties,Gas,602975,
KRQWJ PRODUCTION COMPANY,Rents,Oil & Gas,17286,
KRQWJ PRODUCTION COMPANY,Bonus,Oil & Gas,309138,
QVHOV INDUSTRIES,Rents,Oil & Gas,78901,
QVHOV INDUSTRIES,Bonus,Oil & Gas,771391,
ULAKD HOLDINGS,Royalties,Oil,3101749,
UZZOQ INC,Rents,Oil & Gas,678,
UZZOQ INC,Other Revenues,n/a,82160,
UZZOQ INC,Royalties,Oil,280638,
UZZOQ INC,Royalties,Gas,285926,
FXAXV LLC,Royalties,Gas,759,
FXAXV LLC,Royalties,Oil,133009,
YZOOC PRODUCTION COMPANY,Other Revenues,n/a,-4545,
YZOOC PRODUCTION COMPANY,Rents,Oil & Gas,30214,
YZOOC PRODUCTION COMPANY,Royalties,Gas,146480,
TXIMJ INC,Royalties,Oil,230879,
TFMTG EXPLORATION,Royalties,Oil,1719,
TFMTG EXPLORATION,Royalties,Gas,639374,
WJTLK INC,Rents,Oil & Gas,1230,
WJTLK INC,Other Revenues,n/a,960269,
WJTLK INC,Royalties,Gas,8061160,
WJTLK INC,Royalties,Oil,9145635,
BOZBH LLC,Other Revenues,n/a,3960,
BOZBH LLC,Rents,Oil & Gas,89816,
BOZBH LLC,Bonus,Oil & Gas,522800,
BOZBH LLC,Royalties,Gas,1141054,
BOZBH LLC,Royalties,Oil,5329625,
XVYAO INC,Rents,Oil & Gas,1829,
XVYAO INC,Royalties,Oil,13371703,
AIHZS CORP,Rents,Oil & Gas,6073920,
AIHZS CORP,Bonus,Oil & Gas,24344024,
FHFKV MANAGEMENT CORP,Royalties,Geothermal,2054,
FHFKV MANAGEMENT CORP,Other Revenues,n/a,3254,
FHFKV MANAGEMENT CORP,Rents,Geothermal,154491,
HIJAQ PARTNERS,Other Revenues,n/a,2262,
HIJAQ PARTNERS,Rents,Oil & Gas,31785,
HIJAQ PARTNERS,Royalties,Oil,1439490,
XAKRX ENERGY COMPANY,Rents,Geothermal,600,
XAKRX ENERGY COMPANY,Royalties,Geothermal,239932,
UQUWH PARTNERS,Royalties,Oil,22749,
UQUWH PARTNERS,Rents,Oil & Gas,23870,
UQUWH PARTNERS,Other Revenues,n/a,60730,
UQUWH PARTNERS,Royalties,Gas,294402,
TZVJC EXPLORATION,Other Revenues,n/a,-46466,
TZVJC EXPLORATION,Royalties,Other Commodities,10268,
TZVJC EXPLORATION,Rents,Oil & Gas,3108497,
TZVJC EXPLORATION,Royalties,Gas,9827397,
TZVJC EXPLORATION,Bonus,Oil & Gas,37194666,
TZVJC EXPLORATION,Royalties,Oil,117252834,
DDXBB MANAGEMENT CORP,Rents,Oil & Gas,9155,
DDXBB MANAGEMENT CORP,Other Revenues,n/a,26162,
DDXBB MANAGEMENT CORP,Royalties,Gas,189412,
DDXBB MANAGEMENT CORP,Royalties,Oil,202561,
VVYYQ PRODUCTS,Other Revenues,n/a,-180000,
VVYYQ PRODUCTS,Royalties,Gas,80024,
VVYYQ PRODUCTS,Rents,Oil & Gas,105944,
VVYYQ PRODUCTS,Bonus,Oil & Gas,251355,
VVYYQ PRODUCTS,Royalties,Oil,941723,
WFUAB INC,Other Revenues,n/a,160,
WFUAB INC,Rents,Oil & Gas,44724,
WFUAB INC,Royalties,Gas,141791,
WFUAB INC,Bonus,Oil & Gas,2372000,
NLHUK INC,Rents,Oil & Gas,41549,
NLHUK INC,Bonus,Oil & Gas,893918,
JSYKV HOLDINGS,Rents,Oil & Gas,63242,
JSYKV HOLDINGS,Bonus,Oil & Gas,1369229,
XYJXT PRODUCTS,Other Revenues,n/a,-90000,
XYJXT PRODUCTS,Royalties,Oil,52973,
XYJXT PRODUCTS,Rents,Oil & Gas,53532,
XYJXT PRODUCTS,Royalties,Gas,460737,
XYJXT PRODUCTS,Bonus,Oil & Gas,2267550,
NNSQD ENERGY COMPANY,Royalties,Oil,199,
NNSQD ENERGY COMPANY,Royalties,Gas,142032,
QLUPR EXPLORATION,Rents,Oil & Gas,560,
QLUPR EXPLORATION,Royalties,Gas,34951,
QLUPR EXPLORATION,Royalties,Oil,168883,
CWMNH PRODUCTION COMPANY,Bonus,Oil & Gas,235013,
CWMNH PRODUCTION COMPANY,Rents,Oil & Gas,355157,
JQKTG MANAGEMENT CORP,Royalties,Gas,177826,
JQKTG MANAGEMENT CORP,Rents,Oil & Gas,820800,
JQKTG MANAGEMENT CORP,Royalties,Oil,6837370,
KTTQZ EXPLORATION,Other Revenues,n/a,-181529,
KTTQZ EXPLORATION,Rents,Oil & Gas,27555,
KTTQZ EXPLORATION,Royalties,Gas,144972,
KTTQZ EXPLORATION,Royalties,Oil,6486344,
YKYME INC,Rents,Oil & Gas,11463,
YKYME INC,Bonus,Oil & Gas,90274,
IVHWK PRODUCTS,Rents,Oil & Gas,880,
IVHWK PRODUCTS,Other Revenues,n/a,1576,
IVHWK PRODUCTS,Royalties,Gas,12421,
IVHWK PRODUCTS,Royalties,Oil,94371,
BOHVG INC,Royalties,Gas,158668,
BOHVG INC,Royalties,Oil,4067757,
QRRFT EXPLORATION,Rents,Oil & Gas,420,
QRRFT EXPLORATION,Royalties,Gas,250821,
QRRFT EXPLORATION,Royalties,Oil,4787211,
DSFYN MANAGEMENT CORP,Royalties,Gas,484876,
KJSHE INDUSTRIES,Royalties,Oil,3484834,
CJZUW PRODUCTION COMPANY,Other Revenues,n/a,9670,
CJZUW PRODUCTION COMPANY,Royalties,Other Commodities,11900,
CJZUW PRODUCTION COMPANY,Rents,Oil & Gas,70106,
CJZUW PRODUCTION COMPANY,Royalties,Gas,6210654,
CJZUW PRODUCTION COMPANY,Royalties,Oil,30685527,
RVRXR HOLDINGS,Other Revenues,n/a,-34599,
RVRXR HOLDINGS,Rents,Oil & Gas,9560,
RVRXR HOLDINGS,Royalties,Oil,307664,
RVRXR HOLDINGS,Royalties,Gas,600120,
IMBSB PRODUCTION COMPANY,Rents,Oil & Gas,32154,
IMBSB PRODUCTION COMPANY,Royalties,Oil,121153,
IMBSB PRODUCTION COMPANY,Royalties,Gas,608878,
ZRXEP PARTNERS,Other Revenues,n/a,1600,
ZRXEP PARTNERS,Rents,Oil & Gas,3877,
ZRXEP PARTNERS,Royalties,Gas,4905249,
ZRXEP PARTNERS,Royalties,Oil,23130961,
MRVAI INDUSTRIES,Rents,Oil & Gas,270,
MRVAI INDUSTRIES,Rents,Coal,93974,
MRVAI INDUSTRIES,Other Revenues,n/a,131031,
MRVAI INDUSTRIES,Bonus,Coal,230000,
MRVAI INDUSTRIES,Royalties,Geothermal,301661,
MRVAI INDUSTRIES,Royalties,Coal,17462648,
IUAFN ENERGY COMPANY,Rents,Oil & Gas,1440,
IUAFN ENERGY COMPANY,Bonus,Oil & Gas,1728000,
RDPRL LLC,Rents,Oil & Gas,2782,
RDPRL LLC,Bonus,Oil & Gas,12848500,
IYFGK PRODUCTS,Royalties,Oil,74644,
IYFGK PRODUCTS,Royalties,Gas,125535,
UUZXZ LLC,Other Revenues,n/a,354,
UUZXZ LLC,Royalties,Oil,11846,
UUZXZ LLC,Bonus,Oil & Gas,86535,
UUZXZ LLC,Rents,Oil & Gas,180177,
UUZXZ LLC,Royalties,Gas,518049,
UCIMY ENERGY COMPANY,Other Revenues,n/a,-11900,
UCIMY ENERGY COMPANY,Royalties,Oil,9,
UCIMY ENERGY COMPANY,Rents,Oil & Gas,240,
UCIMY ENERGY COMPANY,Royalties,Gas,213056,
XBZHV INC,Rents,Potassium,-59685,
XBZHV INC,Other Revenues,n/a,79343,
XBZHV INC,Bonus,Potassium,936944,
XBZHV INC,Royalties,Other Commodities,12962367,
OOZUG RESOURCES,Royalties,Gas,1680468,
UUPPR INDUSTRIES,Rents,Oil & Gas,1578,
UUPPR INDUSTRIES,Other Revenues,n/a,2348,
UUPPR INDUSTRIES,Royalties,Gas,761037,
UUPPR INDUSTRIES,Royalties,Oil,1178668,
DYCGV ENERGY COMPANY,Rents,Oil & Gas,1229,
DYCGV ENERGY COMPANY,Royalties,Gas,3240,
DYCGV ENERGY COMPANY,Royalties,Oil,147560,
RYACS HOLDINGS,Other Revenues,n/a,802098,
RYACS HOLDINGS,Royalties,Gas,4531356,
RYACS HOLDINGS,Rents,Oil & Gas,4832069,
RYACS HOLDINGS,Royalties,Oil,8813738,
RYACS HOLDINGS,Bonus,Oil & Gas,24609317,
FASAS MANAGEMENT CORP,Other Revenues,n/a,2496,
FASAS MANAGEMENT CORP,Rents,Coal,60873,
FASAS MANAGEMENT CORP,Royalties,Coal,5248719,
FEEED RESOURCES,Other Revenues,n/a,44,
FEEED RESOURCES,Rents,Oil & Gas,2926,
FEEED RESOURCES,Royalties,Gas,53152,
FEEED RESOURCES,Royalties,Oil,55780,
ZPEUJ ENERGY COMPANY,Other Revenues,n/a,1627,
ZPEUJ ENERGY COMPANY,Rents,Oil & Gas,21295,
ZPEUJ ENERGY COMPANY,Royalties,Oil,35184,
ZPEUJ ENERGY COMPANY,Royalties,Gas,362118,
MXUOW LLC,Rents,Oil & Gas,480,
MXUOW LLC,Bonus,Oil & Gas,216000,
CNUBM LLC,Royalties,Oil,562106,
LPWUJ LLC,Rents,Oil & Gas,1558,
LPWUJ LLC,Other Revenues,n/a,2478,
LPWUJ LLC,Royalties,Oil,3573,
LPWUJ LLC,Royalties,Gas,583073,
GNPJW RESOURCES,Royalties,Gas,6669,
GNPJW RESOURCES,Royalties,Oil,120151,
INPBQ HOLDINGS,Rents,Sodium,-5280,
INPBQ HOLDINGS,Other Revenues,n/a,7920,
INPBQ HOLDINGS,Royalties,Other Commodities,918671,
ZYVMA PRODUCTS,Rents,Oil & Gas,19246,
ZYVMA PRODUCTS,Other Revenues,n/a,136024,
ZYVMA PRODUCTS,Royalties,Gas,593198,
ZYVMA PRODUCTS,Royalties,Oil,1246560,
XQSGL MANAGEMENT CORP,Rents,Oil & Gas,316491,
XQSGL MANAGEMENT CORP,Bonus,Oil & Gas,321735,
EOVJI MANAGEMENT CORP,Rents,Oil & Gas,5075,
EOVJI MANAGEMENT CORP,Bonus,Oil & Gas,1151150,
BBWIW EXPLORATION,Royalties,Other Commodities,182271,
HXTDV PRODUCTION COMPANY,Bonus,Oil & Gas,4180,
HXTDV PRODUCTION COMPANY,Other Revenues,n/a,97852,
HXTDV PRODUCTION COMPANY,Rents,Oil & Gas,1861698,
HXTDV PRODUCTION COMPANY,Royalties,Gas,2802278,
HXTDV PRODUCTION COMPANY,Royalties,Oil,57074885,
XZGWX ENERGY COMPANY,Other Revenues,n/a,36022,
XZGWX ENERGY COMPANY,Bonus,Oil & Gas,1125627,
XZGWX ENERGY COMPANY,Rents,Oil & Gas,3863115,
XZGWX ENERGY COMPANY,Royalties,Gas,8388062,
XZGWX ENERGY COMPANY,Royalties,Oil,23229928,
PAKJU LLC,Other Revenues,n/a,-25236,
PAKJU LLC,Rents,Oil & Gas,538528,
PAKJU LLC,Royalties,Gas,816909,
PAKJU LLC,Royalties,Oil,3656134,
NASRF HOLDINGS,Royalties,Oil,128784,
GOYAP INC,Other Revenues,n/a,2232482,
GOYAP INC,Rents,Oil & Gas,5042334,
GOYAP INC,Royalties,Gas,7847729,
GOYAP INC,Bonus,Oil & Gas,35677276,
GOYAP INC,Royalties,Oil,94449533,
DNBRX HOLDINGS,Other Revenues,n/a,49671,
DNBRX HOLDINGS,Royalties,Gas,410775,
DNBRX HOLDINGS,Royalties,Oil,8270533,
WPUBE INC,Rents,Oil & Gas,411744,
WPUBE INC,Bonus,Oil & Gas,750700,
EAINH PARTNERS,Rents,Coal,21924,
EAINH PARTNERS,Royalties,Coal,602007,
CQAEL EXPLORATION,Rents,Oil & Gas,12484,
CQAEL EXPLORATION,Royalties,Gas,36694,
CQAEL EXPLORATION,Royalties,Oil,373030,
KDHGX INC,Royalties,Geothermal,1799537,
PUMSO INC,Rents,Oil & Gas,338890,
PUMSO INC,Royalties,Gas,415495,
PUMSO INC,Bonus,Oil & Gas,1622721,
PUMSO INC,Royalties,Oil,1687161,
TDIWE MANAGEMENT CORP,Rents,Oil & Gas,640,
TDIWE MANAGEMENT CORP,Royalties,Oil,14372,
TDIWE MANAGEMENT CORP,Other Revenues,n/a,40952,
TDIWE MANAGEMENT CORP,Royalties,Gas,119803,
ZGRTT CORP,Other Revenues,n/a,2302,
ZGRTT CORP,Royalties,Oil,25396,
ZGRTT CORP,Royalties,Gas,1026392,
UZUJH PARTNERS,Other Revenues,n/a,507379,
UZUJH PARTNERS,Royalties,Gas,4598332,
FSGDY RESOURCES,Other Revenues,n/a,46509,
FSGDY RESOURCES,Royalties,Other Commodities,4359242,
ETURK PARTNERS,Rents,Oil & Gas,42475,
ETURK PARTNERS,Other Revenues,n/a,60305,
ETURK PARTNERS,Royalties,Gas,115765,
ETURK PARTNERS,Bonus,Oil & Gas,2362000,
ETURK PARTNERS,Royalties,Oil,3219873,
OUKNM INC,Rents,Oil & Gas,74457,
OUKNM INC,Bonus,Oil & Gas,118424,
NMNTB CORP,Other Revenues,n/a,-268254,
NMNTB CORP,Rents,Oil & Gas,298668,
NMNTB CORP,Royalties,Other Commodities,1016574,
NMNTB CORP,Bonus,Oil & Gas,1081929,
NMNTB CORP,Royalties,Gas,17253511,
NMNTB CORP,Royalties,Oil,60203884,
EZJBW INDUSTRIES,Rents,Sodium,7295,
EZJBW INDUSTRIES,Other Revenues,n/a,21885,
EZJBW INDUSTRIES,Royalties,Other Commodities,12735482,
FLYRH INC,Rents,Oil & Gas,12896,
FLYRH INC,Royalties,Other Commodities,30065,
FLYRH INC,Royalties,Oil,150909,
FLYRH INC,Royalties,Gas,563740,
YZPBJ ENERGY COMPANY,Royalties,Gas,8149,
YZPBJ ENERGY COMPANY,Royalties,Oil,147683,
RGSCV ENERGY COMPANY,Rents,Oil & Gas,181002,
QODOJ LLC,Bonus,Geothermal,93882,
QODOJ LLC,Rents,Geothermal,267222,
JPXVV RESOURCES,Royalties,Geothermal,384574,
JPXVV RESOURCES,Rents,Geothermal,456565,
LJFJD CORP,Other Revenues,n/a,40,
LJFJD CORP,Rents,Oil & Gas,42944,
LJFJD CORP,Royalties,Gas,61874,
DOKPI EXPLORATION,Other Revenues,n/a,2512,
DOKPI EXPLORATION,Rents,Coal,20223,
DOKPI EXPLORATION,Rents,Oil & Gas,114563,
DOKPI EXPLORATION,Bonus,Oil & Gas,170963,
DOKPI EXPLORATION,Royalties,Gas,319803,
DOKPI EXPLORATION,Royalties,Coal,5564007,
PDTIR PARTNERS,Rents,Phosphate,120,
PDTIR PARTNERS,Other Revenues,n/a,25650,
PDTIR PARTNERS,Royalties,Other Commodities,839365,
LCUAV PRODUCTION COMPANY,Royalties,Gas,283594,
RTTCS PRODUCTION COMPANY,Royalties,Oil,198048,
XUBAN INDUSTRIES,Rents,Oil & Gas,8203,
XUBAN INDUSTRIES,Bonus,Oil & Gas,293765,
LLBAY EXPLORATION,Royalties,Oil,184814,
AKBQG PRODUCTION COMPANY,Royalties,Gas,143617,
AKBQG PRODUCTION COMPANY,Royalties,Oil,4103917,
EHIAB MANAGEMENT CORP,Other Revenues,n/a,-45482,
EHIAB MANAGEMENT CORP,Rents,Oil & Gas,253414,
EHIAB MANAGEMENT CORP,Bonus,Oil & Gas,420000,
EHIAB MANAGEMENT CORP,Royalties,Gas,5528818,
EHIAB MANAGEMENT CORP,Royalties,Oil,17489873,
LRKSM ENERGY COMPANY,Rents,Oil & Gas,720,
LRKSM ENERGY COMPANY,Royalties,Oil,195666,
ZVONU LLC,Rents,Oil & Gas,62,
ZVONU LLC,Royalties,Oil,117306,
ZVONU LLC,Royalties,Gas,151179,
IKSQO PARTNERS,Other Revenues,n/a,-58070,
IKSQO PARTNERS,Royalties,Oil,9214,
IKSQO PARTNERS,Royalties,Gas,59178,
IKSQO PARTNERS,Rents,Oil & Gas,176775,
AFWZX RESOURCES,Other Revenues,n/a,14785,
AFWZX RESOURCES,Rents,Oil & Gas,112296,
AFWZX RESOURCES,Royalties,Oil,382312,
AFWZX RESOURCES,Royalties,Gas,947594,
NLQNT RESOURCES,Rents,Oil & Gas,27587,
NLQNT RESOURCES,Bonus,Oil & Gas,123181,
TJCCA EXPLORATION,Rents,Oil & Gas,164832,
LGDAD INDUSTRIES,Royalties,Gas,2685,
LGDAD INDUSTRIES,Royalties,Oil,40837,
LGDAD INDUSTRIES,Rents,Coal,180478,
LGDAD INDUSTRIES,Other Revenues,n/a,1791492,
LGDAD INDUSTRIES,Royalties,Coal,200724199,
LGDAD INDUSTRIES,Bonus,Coal,276947576,
EZHWV ENERGY COMPANY,Royalties,Gas,496,
EZHWV ENERGY COMPANY,Rents,Oil & Gas,740,
EZHWV ENERGY COMPANY,Royalties,Oil,154152,
EZHWV ENERGY COMPANY,Bonus,Oil & Gas,816225,
WRUDX LLC,Rents,Oil & Gas,32405,
WRUDX LLC,Bonus,Oil & Gas,275287,
TZRSZ RESOURCES,Rents,Oil & Gas,10319,
TZRSZ RESOURCES,Bonus,Oil & Gas,1208550,
UGMYY RESOURCES,Rents,Oil & Gas,35645,
UGMYY RESOURCES,Other Revenues,n/a,135479,
UGMYY RESOURCES,Royalties,Oil,2400422,
UGMYY RESOURCES,Royalties,Gas,4713284,
QGNKS ENERGY COMPANY,Rents,Oil & Gas,16422,
QGNKS ENERGY COMPANY,Royalties,Gas,23629,
QGNKS ENERGY COMPANY,Royalties,Oil,1892578,
OMRPS PRODUCTS,Rents,Oil & Gas,210,
OMRPS PRODUCTS,Other Revenues,n/a,164553,
OMRPS PRODUCTS,Royalties,Gas,512323,
OMRPS PRODUCTS,Royalties,Oil,819643,
JZPLI INDUSTRIES,Royalties,Gas,1092065,
JZPLI INDUSTRIES,Other Revenues,n/a,2362452,
JZPLI INDUSTRIES,Royalties,Oil,6071401,
JZPLI INDUSTRIES,Rents,Oil & Gas,6371115,
CTSNO HOLDINGS,Other Revenues,n/a,18,
CTSNO HOLDINGS,Rents,Oil & Gas,500449,
CTSNO HOLDINGS,Royalties,Gas,936418,
CTSNO HOLDINGS,Bonus,Oil & Gas,2828028,
CTSNO HOLDINGS,Royalties,Oil,11424484,
YRAPR ENERGY COMPANY,Rents,Oil & Gas,320,
YRAPR ENERGY COMPANY,Royalties,Gas,49794,
YRAPR ENERGY COMPANY,Royalties,Oil,107275,
WPYOP LLC,Rents,Oil & Gas,20436,
WPYOP LLC,Other Revenues,n/a,1051707,
WPYOP LLC,Royalties,Gas,1156713,
WPYOP LLC,Royalties,Oil,5817779,
ZMKEM PRODUCTION COMPANY,Other Revenues,n/a,290,
ZMKEM PRODUCTION COMPANY,Royalties,Gas,117691,
ORHRR MANAGEMENT CORP,Other Revenues,n/a,26957,
ORHRR MANAGEMENT CORP,Rents,Oil & Gas,185586,
ORHRR MANAGEMENT CORP,Royalties,Oil,317074,
ORHRR MANAGEMENT CORP,Royalties,Gas,997424,
XTHRG MANAGEMENT CORP,Royalties,Gas,14860,
XTHRG MANAGEMENT CORP,Rents,Oil & Gas,95465,
EANIF RESOURCES,Rents,Oil & Gas,3990,
EANIF RESOURCES,Royalties,Gas,1519692,
EANIF RESOURCES,Royalties,Oil,18659472,
IASSD EXPLORATION,Royalties,Oil,7972,
IASSD EXPLORATION,Royalties,Gas,241224,
NNRQO ENERGY COMPANY,Rents,Oil & Gas,174,
NNRQO ENERGY COMPANY,Royalties,Oil,158689,
NNRQO ENERGY COMPANY,Other Revenues,n/a,166850,
NNRQO ENERGY COMPANY,Royalties,Gas,1481949,
JWWTO ENERGY COMPANY,Royalties,Gas,20777,
JWWTO ENERGY COMPANY,Royalties,Oil,219578,
AGHJS INC,Royalties,Gas,8768,
AGHJS INC,Rents,Oil & Gas,35643,
AGHJS INC,Royalties,Oil,47729,
AGHJS INC,Bonus,Oil & Gas,92610,
EJWWE EXPLORATION,Bonus,Oil & Gas,35915,
EJWWE EXPLORATION,Other Revenues,n/a,54600,
EJWWE EXPLORATION,Rents,Oil & Gas,115132,
EJWWE EXPLORATION,Royalties,Gas,1040435,
RSRXQ ENERGY COMPANY,Royalties,Oil,1807,
RSRXQ ENERGY COMPANY,Royalties,Gas,10691,
RSRXQ ENERGY COMPANY,Rents,Oil & Gas,29768,
RSRXQ ENERGY COMPANY,Bonus,Oil & Gas,101992,
ZCWPJ HOLDINGS,Rents,Oil & Gas,-240,
ZCWPJ HOLDINGS,Royalties,Gas,66597,
ZCWPJ HOLDINGS,Royalties,Oil,6879209,
BXIZJ INDUSTRIES,Royalties,Gas,12091,
BXIZJ INDUSTRIES,Royalties,Oil,360505,
YSGYT INC,Royalties,Gas,23309,
YSGYT INC,Royalties,Oil,323569,
KBTAX CORP,Royalties,Oil,247796,
KBTAX CORP,Royalties,Gas,1338493,
YPPDN INDUSTRIES,Bonus,Oil & Gas,-27950,
YPPDN INDUSTRIES,Rents,Oil & Gas,4136,
YPPDN INDUSTRIES,Royalties,Gas,61536,
YPPDN INDUSTRIES,Royalties,Oil,227595,
PLTYQ RESOURCES,Other Revenues,n/a,2396,
PLTYQ RESOURCES,Rents,Oil & Gas,10544,
PLTYQ RESOURCES,Royalties,Oil,103359,
PLTYQ RESOURCES,Royalties,Gas,103735,
GRDSL HOLDINGS,Other Revenues,n/a,5224,
GRDSL HOLDINGS,Royalties,Gas,39013,
GRDSL HOLDINGS,Royalties,Oil,62524,
ONCDJ PARTNERS,Rents,Oil & Gas,90,
ONCDJ PARTNERS,Royalties,Oil,80726,
ONCDJ PARTNERS,Other Revenues,n/a,91500,
ONCDJ PARTNERS,Royalties,Gas,2092504,
GPHAK MANAGEMENT CORP,Royalties,Gas,391336,
ANMWS EXPLORATION,Other Revenues,n/a,339320,
ANMWS EXPLORATION,Rents,Oil & Gas,488393,
ANMWS EXPLORATION,Bonus,Oil & Gas,903710,
ANMWS EXPLORATION,Royalties,Oil,30048228,
ANMWS EXPLORATION,Royalties,Gas,61875672,
KORLJ PRODUCTION COMPANY,Rents,Oil & Gas,16241,
KORLJ PRODUCTION COMPANY,Other Revenues,n/a,1584116,
KORLJ PRODUCTION COMPANY,Royalties,Oil,4196011,
KORLJ PRODUCTION COMPANY,Royalties,Gas,24542923,
GQDLX HOLDINGS,Other Revenues,n/a,-17755,
GQDLX HOLDINGS,Royalties,Gas,22911,
GQDLX HOLDINGS,Royalties,Oil,93469,
GQDLX HOLDINGS,Rents,Oil & Gas,175250,
QXNHD ENERGY COMPANY,Rents,Oil & Gas,1357393,
QXNHD ENERGY COMPANY,Bonus,Oil & Gas,1592034,
IDJVN LLC,Rents,Geothermal,432184,
BHSVB ENERGY COMPANY,Rents,Oil & Gas,167737,
PDIDB CORP,Other Revenues,n/a,-123954,
PDIDB CORP,Royalties,Oil,359282,
PDIDB CORP,Royalties,Gas,894303,
VKAAG LLC,Rents,Oil & Gas,3740,
VKAAG LLC,Bonus,Oil & Gas,10080000,
OBEEX EXPLORATION,Other Revenues,n/a,3224,
OBEEX EXPLORATION,Bonus,Oil & Gas,17776,
OBEEX EXPLORATION,Rents,Oil & Gas,18061,
OBEEX EXPLORATION,Royalties,Gas,585411,
OBEEX EXPLORATION,Royalties,Oil,1115705,
QNIKR INC,Rents,Oil & Gas,647,
QNIKR INC,Bonus,Oil & Gas,321014,
KIRBM INC,Other Revenues,n/a,-72875,
KIRBM INC,Royalties,Gas,333006,
JRSZM PRODUCTION COMPANY,Other Revenues,n/a,2556,
JRSZM PRODUCTION COMPANY,Royalties,Gas,15252,
JRSZM PRODUCTION COMPANY,Royalties,Oil,83079,
NXNNJ LLC,Rents,Oil & Gas,7913,
NXNNJ LLC,Bonus,Oil & Gas,11262,
NXNNJ LLC,Royalties,Oil,12946,
NXNNJ LLC,Royalties,Gas,91495,
EQKBU MANAGEMENT CORP,Rents,Oil & Gas,52500,
EQKBU MANAGEMENT CORP,Royalties,Gas,958552,
EQKBU MANAGEMENT CORP,Other Revenues,n/a,1317000,
EQKBU MANAGEMENT CORP,Bonus,Oil & Gas,2244900,
EQKBU MANAGEMENT CORP,Royalties,Oil,10683728,
DVSDF ENERGY COMPANY,Royalties,Gas,522730,
DVSDF ENERGY COMPANY,Bonus,Oil & Gas,4416669,
DVSDF ENERGY COMPANY,Rents,Oil & Gas,5762967,
DVSDF ENERGY COMPANY,Royalties,Oil,25643648,
ITRSW PARTNERS,Royalties,Oil,0,
ITRSW PARTNERS,Other Revenues,n/a,8057,
ITRSW PARTNERS,Bonus,Oil & Gas,313959,
ITRSW PARTNERS,Rents,Oil & Gas,542301,
WZDHR PARTNERS,Rents,Coal,28784,
WZDHR PARTNERS,Royalties,Coal,1783207,
EDDTS INC,Other Revenues,n/a,20114,
EDDTS INC,Rents,Oil & Gas,71074,
EDDTS INC,Royalties,Gas,301598,
EDDTS INC,Royalties,Oil,782174,
CQDYH PRODUCTS,Rents,Oil & Gas,33499,
CQDYH PRODUCTS,Royalties,Gas,290410,
CQDYH PRODUCTS,Bonus,Oil & Gas,290594,
CQDYH PRODUCTS,Royalties,Oil,1015521,
RSDZK INC,Other Revenues,n/a,-206351,
RSDZK INC,Rents,Oil & Gas,253440,
RSDZK INC,Royalties,Gas,1962243,
RSDZK INC,Royalties,Oil,6095233,
RSDZK INC,Bonus,Oil & Gas,34900493,
VLAET MANAGEMENT CORP,Royalties,Gas,9543,
VLAET MANAGEMENT CORP,Royalties,Oil,1354683,
CIHJI MANAGEMENT CORP,Rents,Oil & Gas,126720,
CIHJI MANAGEMENT CORP,Bonus,Oil & Gas,800000,
RTLXR INC,Other Revenues,n/a,-1527748,
RTLXR INC,Royalties,Oil,795728,
RTLXR INC,Rents,Oil & Gas,1116546,
RTLXR INC,Royalties,Gas,1707812,
RTLXR INC,Bonus,Oil & Gas,7942610,
ULTLR PRODUCTS,Other Revenues,n/a,1879004,
ULTLR PRODUCTS,Royalties,Gas,2274891,
ULTLR PRODUCTS,Royalties,Oil,11386770,
VFIPA HOLDINGS,Royalties,Gas,52327,
VFIPA HOLDINGS,Royalties,Oil,552009,
YPHFS PRODUCTS,Bonus,Oil & Gas,35316,
YPHFS PRODUCTS,Other Revenues,n/a,58900,
YPHFS PRODUCTS,Rents,Oil & Gas,94277,
YPHFS PRODUCTS,Royalties,Gas,824078,
YPHFS PRODUCTS,Royalties,Oil,1007063,
PIBCQ LLC,Rents,Oil & Gas,160424,
KRKCQ HOLDINGS,Rents,Oil & Gas,623673,
DRUGR INC,Royalties,Oil,3696,
DRUGR INC,Royalties,Gas,184755,
BRMJA INC,Rents,Oil & Gas,18249,
BRMJA INC,Bonus,Oil & Gas,138162,
EDVHB ENERGY COMPANY,Other Revenues,n/a,-110234,
EDVHB ENERGY COMPANY,Rents,Oil & Gas,127582,
EDVHB ENERGY COMPANY,Bonus,Oil & Gas,728750,
EDVHB ENERGY COMPANY,Royalties,Gas,2515938,
EDVHB ENERGY COMPANY,Royalties,Oil,8301103,
DIHCD MANAGEMENT CORP,Rents,Oil & Gas,4162,
DIHCD MANAGEMENT CORP,Other Revenues,n/a,16431,
DIHCD MANAGEMENT CORP,Royalties,Gas,26445,
DIHCD MANAGEMENT CORP,Royalties,Oil,571183,
WPRQV LLC,Other Revenues,n/a,5248,
WPRQV LLC,Royalties,Oil,10221,
WPRQV LLC,Rents,Oil & Gas,13138,
WPRQV LLC,Royalties,Gas,402097,
NAFEX MANAGEMENT CORP,Other Revenues,n/a,4653,
NAFEX MANAGEMENT CORP,Rents,Oil & Gas,37076,
NAFEX MANAGEMENT CORP,Royalties,Gas,312305,
XZWQP ENERGY COMPANY,Royalties,Oil,828490,
XLROR ENERGY COMPANY,Rents,Oil & Gas,384825,
XLROR ENERGY COMPANY,Bonus,Oil & Gas,1125914,
FVJEZ ENERGY COMPANY,Other Revenues,n/a,-22,
FVJEZ ENERGY COMPANY,Rents,Oil & Gas,90,
FVJEZ ENERGY COMPANY,Royalties,Oil,334289,
FVJEZ ENERGY COMPANY,Royalties,Gas,1133995,
SEYGB INC,Rents,Oil & Gas,2320,
SEYGB INC,Other Revenues,n/a,151652,
IVXYS PRODUCTION COMPANY,Royalties,Gas,2308408,
GJRGB LLC,Other Revenues,n/a,3520,
GJRGB LLC,Rents,Oil & Gas,49290,
GJRGB LLC,Royalties,Gas,536769,
GJRGB LLC,Royalties,Oil,1030129,
JLRSO INC,Other Revenues,n/a,35879,
JLRSO INC,Royalties,Gas,1393056,
JLRSO INC,Royalties,Oil,9912102,
LUSOM INC,Other Revenues,n/a,-2350,
LUSOM INC,Rents,Oil & Gas,2040,
LUSOM INC,Royalties,Oil,34814,
LUSOM INC,Royalties,Gas,41287,
LUSOM INC,Bonus,Oil & Gas,336800,
PGIYQ MANAGEMENT CORP,Other Revenues,n/a,37279,
PGIYQ MANAGEMENT CORP,Rents,Oil & Gas,207457,
PGIYQ MANAGEMENT CORP,Bonus,Oil & Gas,458360,
PGIYQ MANAGEMENT CORP,Royalties,Gas,26385311,
PGIYQ MANAGEMENT CORP,Royalties,Oil,106999036,
CZYMP EXPLORATION,Rents,Oil & Gas,138705,
CZYMP EXPLORATION,Bonus,Oil & Gas,880000,
ULWPE CORP,Royalties,Oil,15425,
ULWPE CORP,Royalties,Gas,271701,
TIBQO RESOURCES,Rents,Oil & Gas,5778,
TIBQO RESOURCES,Bonus,Oil & Gas,170421,
EHIKJ LLC,Rents,Oil & Gas,9373,
EHIKJ LLC,Bonus,Oil & Gas,1076300,
CTWGE PRODUCTS,Other Revenues,n/a,0,
CTWGE PRODUCTS,Rents,Sodium,10497,
CTWGE PRODUCTS,Royalties,Other Commodities,9083416,
KKATC INC,Rents,Oil & Gas,135,
KKATC INC,Royalties,Gas,28664,
KKATC INC,Royalties,Oil,260241,
LCXAL INDUSTRIES,Other Revenues,n/a,-135049,
LCXAL INDUSTRIES,Royalties,Gas,366571,
LCXAL INDUSTRIES,Royalties,Oil,2903793,
YJHYJ PRODUCTION COMPANY,Other Revenues,n/a,-88389,
YJHYJ PRODUCTION COMPANY,Rents,Oil & Gas,1166,
YJHYJ PRODUCTION COMPANY,Royalties,Gas,83070,
YJHYJ PRODUCTION COMPANY,Royalties,Oil,777959,
CDACZ MANAGEMENT CORP,Rents,Oil & Gas,214331,
YLPRM HOLDINGS,Other Revenues,n/a,27584,
YLPRM HOLDINGS,Royalties,Oil,57412,
YLPRM HOLDINGS,Rents,Oil & Gas,122011,
YLPRM HOLDINGS,Bonus,Oil & Gas,160050,
YLPRM HOLDINGS,Royalties,Gas,530941,
ALEBI CORP,Rents,Sodium,-6561,
ALEBI CORP,Rents,Oil Shale,932,
ALEBI CORP,Other Revenues,n/a,621963,
ALEBI CORP,Rents,Oil & Gas,28263802,
ALEBI CORP,Royalties,Gas,92673879,
ALEBI CORP,Bonus,Oil & Gas,500238320,
ALEBI CORP,Royalties,Oil,676006789,
EYEQE INC,Rents,Oil & Gas,1446,
EYEQE INC,Other Revenues,n/a,15075,
EYEQE INC,Royalties,Gas,41304,
EYEQE INC,Royalties,Oil,3487936,
GOSYH PARTNERS,Rents,Oil & Gas,300,
GOSYH PARTNERS,Other Revenues,n/a,2558,
GOSYH PARTNERS,Royalties,Gas,4365,
GOSYH PARTNERS,Royalties,Oil,2523239,
UQJKF RESOURCES,Other Revenues,n/a,80,
UQJKF RESOURCES,Rents,Oil & Gas,18933,
UQJKF RESOURCES,Royalties,Gas,202999,
UQJKF RESOURCES,Royalties,Oil,1186257,
FMFMD PARTNERS,Rents,Oil & Gas,71016,
FMFMD PARTNERS,Royalties,Gas,525965,
FMFMD PARTNERS,Bonus,Oil & Gas,2713800,
FMFMD PARTNERS,Royalties,Oil,15112691,
XPOXB EXPLORATION,Other Revenues,n/a,340817,
XPOXB EXPLORATION,Rents,Oil & Gas,489184,
XPOXB EXPLORATION,Royalties,Gas,2493955,
XPOXB EXPLORATION,Bonus,Oil & Gas,4559710,
XPOXB EXPLORATION,Royalties,Oil,12942935,
NLTWO HOLDINGS,Royalties,Gas,38054,
NLTWO HOLDINGS,Royalties,Oil,80968,
OGXKT CORP,Royalties,Oil,505241,
XJLPH ENERGY COMPANY,Rents,Oil & Gas,60,
XJLPH ENERGY COMPANY,Royalties,Gas,118885,
XJLPH ENERGY COMPANY,Other Revenues,n/a,484560,
XJLPH ENERGY COMPANY,Royalties,Oil,9963923,
UJVWE PARTNERS,Rents,Phosphate,-1633,
UJVWE PARTNERS,Rents,Sodium,18048,
UJVWE PARTNERS,Other Revenues,n/a,56274,
UJVWE PARTNERS,Royalties,Other Commodities,12132892,
BUCRE PARTNERS,Rents,Oil & Gas,117,
BUCRE PARTNERS,Royalties,Gas,18732,
BUCRE PARTNERS,Royalties,Oil,134383,
RYNBM INC,Rents,Oil & Gas,5939,
RYNBM INC,Royalties,Oil,108918,
YNFPB PRODUCTS,Other Revenues,n/a,-100000,
YNFPB PRODUCTS,Royalties,Gas,5509869,
DKNQM CORP,Other Revenues,n/a,8692,
DKNQM CORP,Bonus,Oil & Gas,171600,
DKNQM CORP,Rents,Oil & Gas,525377,
DKNQM CORP,Royalties,Gas,1806613,
TWVGN CORP,Rents,Oil & Gas,852,
TWVGN CORP,Royalties,Oil,117061,
HKPWL RESOURCES,Rents,Geothermal,214944,
RVGSS PRODUCTS,Other Revenues,n/a,43200,
RVGSS PRODUCTS,Royalties,Gas,3552880,
RVGSS PRODUCTS,Rents,Oil & Gas,10035787,
RVGSS PRODUCTS,Royalties,Oil,97840469,
RVGSS PRODUCTS,Bonus,Oil & Gas,417527721,
QZCBD INDUSTRIES,Rents,Oil & Gas,19914,
QZCBD INDUSTRIES,Bonus,Oil & Gas,237086,
IYFNL PRODUCTS,Royalties,Gas,1143,
IYFNL PRODUCTS,Royalties,Oil,545164,
XNDCK HOLDINGS,Other Revenues,n/a,-148247,
XNDCK HOLDINGS,Rents,Oil & Gas,118375,
XNDCK HOLDINGS,Royalties,Gas,491310,
DGQEV INDUSTRIES,Rents,Oil & Gas,2816744,
DGQEV INDUSTRIES,Other Revenues,n/a,3247788,
DGQEV INDUSTRIES,Royalties,Gas,16754647,
DGQEV INDUSTRIES,Bonus,Oil & Gas,58959817,
DGQEV INDUSTRIES,Royalties,Oil,122071711,
CUAXV INDUSTRIES,Other Revenues,n/a,32891,
CUAXV INDUSTRIES,Rents,Oil & Gas,50201,
CUAXV INDUSTRIES,Royalties,Gas,1375433,
RKAOG EXPLORATION,Rents,Oil & Gas,64463,
RKAOG EXPLORATION,Royalties,Oil,139866,
CDADV HOLDINGS,Rents,Oil & Gas,192804,
GEBQN RESOURCES,Royalties,Gas,158990,
WNLAK PARTNERS,Rents,Oil & Gas,400,
WNLAK PARTNERS,Royalties,Oil,193770,
BYCCN INDUSTRIES,Royalties,Gas,57659,
BYCCN INDUSTRIES,Royalties,Oil,112089,
XCWPK PARTNERS,Other Revenues,n/a,3790,
XCWPK PARTNERS,Rents,Oil & Gas,383268,
XCWPK PARTNERS,Royalties,Gas,493062,
NLTDR RESOURCES,Other Revenues,n/a,1424,
NLTDR RESOURCES,Rents,Oil & Gas,8560,
NLTDR RESOURCES,Royalties,Oil,34980,
NLTDR RESOURCES,Royalties,Gas,271022,
TNMWJ CORP,Royalties,Oil,63653,
TNMWJ CORP,Royalties,Gas,157030,
SWBHK RESOURCES,Royalties,Gas,94224,
SWBHK RESOURCES,Royalties,Oil,522771,
MLWMN EXPLORATION,Royalties,Gas,1211,
MLWMN EXPLORATION,Royalties,Oil,1767,
MLWMN EXPLORATION,Rents,Oil & Gas,19362,
MLWMN EXPLORATION,Bonus,Oil & Gas,172870,
OPQGR HOLDINGS,Rents,Oil & Gas,3376,
OPQGR HOLDINGS,Other Revenues,n/a,4553,
OPQGR HOLDINGS,Royalties,Oil,62385,
OPQGR HOLDINGS,Royalties,Gas,91457,
AGPSA LLC,Other Revenues,n/a,5929,
AGPSA LLC,Rents,Oil & Gas,16606,
AGPSA LLC,Royalties,Oil,216795,
AGPSA LLC,Royalties,Gas,1407551,
RGPPI RESOURCES,Other Revenues,n/a,-1730684,
RGPPI RESOURCES,Rents,Oil & Gas,75,
RGPPI RESOURCES,Royalties,Gas,2394979,
RGPPI RESOURCES,Royalties,Oil,3322332,
TVQGE HOLDINGS,Other Revenues,n/a,-19328,
TVQGE HOLDINGS,Rents,Oil & Gas,775420,
TVQGE HOLDINGS,Bonus,Oil & Gas,3709911,
TVQGE HOLDINGS,Royalties,Gas,4091052,
TVQGE HOLDINGS,Royalties,Oil,14538777,
EIUPH INC,Rents,Oil & Gas,440,
EIUPH INC,Royalties,Gas,12319,
EIUPH INC,Royalties,Oil,311669,
RTENL ENERGY COMPANY,Rents,Oil & Gas,290,
RTENL ENERGY COMPANY,Other Revenues,n/a,406,
RTENL ENERGY COMPANY,Royalties,Gas,6514,
RTENL ENERGY COMPANY,Royalties,Oil,789641,
JCRFL INDUSTRIES,Other Revenues,n/a,28800,
JCRFL INDUSTRIES,Rents,Oil & Gas,208770,
JCRFL INDUSTRIES,Bonus,Oil & Gas,744000,
JCRFL INDUSTRIES,Royalties,Gas,744286,
JCRFL INDUSTRIES,Royalties,Oil,5204027,
AXGCY ENERGY COMPANY,Other Revenues,n/a,-93852,
AXGCY ENERGY COMPANY,Royalties,Other Commodities,6592161,
RZXWQ INDUSTRIES,Rents,Oil & Gas,5112,
RZXWQ INDUSTRIES,Bonus,Oil & Gas,4206000,
QIAJP MANAGEMENT CORP,Royalties,Oil,10940,
QIAJP MANAGEMENT CORP,Other Revenues,n/a,12819,
QIAJP MANAGEMENT CORP,Rents,Oil & Gas,35030,
QIAJP MANAGEMENT CORP,Royalties,Gas,64885,
VHGYM RESOURCES,Other Revenues,n/a,-2067,
VHGYM RESOURCES,Rents,Geothermal,162066,
VHGYM RESOURCES,Royalties,Geothermal,2451064,
VCXRT PRODUCTION COMPANY,Rents,Oil & Gas,14825,
VCXRT PRODUCTION COMPANY,Bonus,Oil & Gas,651519,
CFRSQ LLC,Rents,Oil & Gas,25229,
CFRSQ LLC,Bonus,Oil & Gas,2473948,
PMFYY INDUSTRIES,Royalties,Gas,33614,
PMFYY INDUSTRIES,Royalties,Oil,1905445,
OWGGL INC,Rents,Oil & Gas,120,
OWGGL INC,Royalties,Gas,39054,
OWGGL INC,Royalties,Oil,492695,
LRDFP RESOURCES,Other Revenues,n/a,-31000,
LRDFP RESOURCES,Royalties,Oil,0,
LRDFP RESOURCES,Royalties,Gas,332604,
LHCDH CORP,Rents,Oil & Gas,21407,
LHCDH CORP,Bonus,Oil & Gas,1327068,
LYAQX INC,Rents,Oil & Gas,7970,
LYAQX INC,Royalties,Gas,77557,
LYAQX INC,Royalties,Oil,1119168,
QSYOB PARTNERS,Rents,Oil & Gas,33081,
QSYOB PARTNERS,Bonus,Oil & Gas,3044570,
EYPRK PRODUCTS,Royalties,Oil,22754,
EYPRK PRODUCTS,Other Revenues,n/a,27073,
EYPRK PRODUCTS,Royalties,Gas,171246,
JUKTO INDUSTRIES,Rents,Oil & Gas,3200,
JUKTO INDUSTRIES,Royalties,Gas,25867,
JUKTO INDUSTRIES,Royalties,Oil,247009,
XMYWV PARTNERS,Rents,Oil & Gas,200,
XMYWV PARTNERS,Royalties,Gas,29477,
XMYWV PARTNERS,Royalties,Oil,177686,
GBOXR HOLDINGS,Rents,Oil & Gas,6604,
GBOXR HOLDINGS,Royalties,Oil,28444,
GBOXR HOLDINGS,Royalties,Gas,77738,
SEDQG PARTNERS,Rents,Oil & Gas,3719,
SEDQG PARTNERS,Bonus,Oil & Gas,173530,
PMFJU PRODUCTION COMPANY,Other Revenues,n/a,972,
PMFJU PRODUCTION COMPANY,Rents,Oil & Gas,115647,
EPONT INDUSTRIES,Other Revenues,n/a,240,
EPONT INDUSTRIES,Rents,Oil & Gas,14845,
EPONT INDUSTRIES,Royalties,Oil,314535,
LOKRE RESOURCES,Rents,Oil & Gas,640,
LOKRE RESOURCES,Royalties,Gas,1588965,
LOKRE RESOURCES,Royalties,Oil,51290276,
BKLMO MANAGEMENT CORP,Rents,Oil & Gas,5103,
BKLMO MANAGEMENT CORP,Bonus,Oil & Gas,1064000,
WGERB PRODUCTS,Rents,Coal,15873,
WGERB PRODUCTS,Royalties,Coal,5138277,
FSLDK PRODUCTION COMPANY,Rents,Oil & Gas,345578,
RZTBJ INC,Royalties,Oil,3261,
RZTBJ INC,Royalties,Gas,104363,
SZQZF EXPLORATION,Royalties,Gas,184224,
MXFLI ENERGY COMPANY,Other Revenues,n/a,37235,
MXFLI ENERGY COMPANY,Rents,Oil & Gas,82645,
MXFLI ENERGY COMPANY,Royalties,Gas,213428,
MXFLI ENERGY COMPANY,Royalties,Oil,9671798,
KDMUN INDUSTRIES,Rents,Oil & Gas,61103,
KDMUN INDUSTRIES,Bonus,Oil & Gas,1524389,
PZBXU INC,Royalties,Gas,362801,
BYTYZ INDUSTRIES,Rents,Oil & Gas,5985,
BYTYZ INDUSTRIES,Bonus,Oil & Gas,824275,
YEWHD ENERGY COMPANY,Rents,Oil & Gas,8699,
YEWHD ENERGY COMPANY,Royalties,Oil,19310180,
YEWHD ENERGY COMPANY,Royalties,Gas,84248347,
GVSZS HOLDINGS,Other Revenues,n/a,-24765,
GVSZS HOLDINGS,Rents,Oil & Gas,3084,
GVSZS HOLDINGS,Royalties,Gas,386101,
GVSZS HOLDINGS,Royalties,Oil,626239,
EKCSR MANAGEMENT CORP,Royalties,Other Commodities,262562,
ZUDOO RESOURCES,Royalties,Gas,26327,
ZUDOO RESOURCES,Royalties,Oil,131399,
WJWKZ RESOURCES,Other Revenues,n/a,75000,
WJWKZ RESOURCES,Royalties,Oil,123083,
WJWKZ RESOURCES,Royalties,Gas,313251,
LGRZV PRODUCTION COMPANY,Rents,Oil & Gas,405,
LGRZV PRODUCTION COMPANY,Bonus,Oil & Gas,569500,
ROXJC EXPLORATION,Royalties,Other Commodities,11537,
ROXJC EXPLORATION,Rents,Oil & Gas,146719,
ROXJC EXPLORATION,Other Revenues,n/a,610066,
ROXJC EXPLORATION,Royalties,Gas,3610487,
ROXJC EXPLORATION,Royalties,Oil,6833693,
ZWLYP RESOURCES,Royalties,Oil,14813,
ZWLYP RESOURCES,Rents,Oil & Gas,30072,
ZWLYP RESOURCES,Royalties,Gas,260901,
ZWLYP RESOURCES,Bonus,Oil & Gas,614341,
GTWCZ ENERGY COMPANY,Rents,Oil & Gas,42255,
GTWCZ ENERGY COMPANY,Bonus,Oil & Gas,109620,
ARUHF ENERGY COMPANY,Rents,Oil & Gas,633600,
ARUHF ENERGY COMPANY,Bonus,Oil & Gas,67811424,
PBZNA INDUSTRIES,Rents,Oil & Gas,17941,
PBZNA INDUSTRIES,Other Revenues,n/a,26095,
PBZNA INDUSTRIES,Royalties,Gas,326153,
PBZNA INDUSTRIES,Royalties,Oil,23226390,
YIACI INC,Royalties,Oil,196944,
RJDYP PARTNERS,Royalties,Oil,66165,
RJDYP PARTNERS,Royalties,Gas,286763,
OIRYB ENERGY COMPANY,Royalties,Other Commodities,88,
OIRYB ENERGY COMPANY,Other Revenues,n/a,773503,
OIRYB ENERGY COMPANY,Rents,Oil & Gas,1406205,
OIRYB ENERGY COMPANY,Bonus,Oil & Gas,2853245,
OIRYB ENERGY COMPANY,Royalties,Gas,29011280,
OIRYB ENERGY COMPANY,Royalties,Oil,77661148,
SOGZA PRODUCTION COMPANY,Rents,Oil & Gas,180,
SOGZA PRODUCTION COMPANY,Royalties,Gas,31613,
SOGZA PRODUCTION COMPANY,Royalties,Oil,252798,
LBGXL INC,Other Revenues,n/a,-1087591,
LBGXL INC,Rents,Oil & Gas,1108327,
LBGXL INC,Bonus,Oil & Gas,3661250,
LBGXL INC,Royalties,Gas,20518544,
LBGXL INC,Royalties,Oil,71499750,
YBNYZ HOLDINGS,Rents,Oil & Gas,208,
YBNYZ HOLDINGS,Royalties,Gas,62878,
YBNYZ HOLDINGS,Royalties,Oil,130782,
KUNWO PARTNERS,Royalties,Oil,119766,
MGYWK CORP,Other Revenues,n/a,4286,
MGYWK CORP,Rents,Oil & Gas,42579,
MGYWK CORP,Royalties,Gas,970248,
UCBXK PRODUCTS,Bonus,Oil & Gas,5120,
UCBXK PRODUCTS,Rents,Oil & Gas,156732,
UCBXK PRODUCTS,Other Revenues,n/a,168356,
UCBXK PRODUCTS,Royalties,Gas,3176318,
UCBXK PRODUCTS,Royalties,Oil,8773687,
GMNUL ENERGY COMPANY,Royalties,Gas,381,
GMNUL ENERGY COMPANY,Royalties,Oil,421291,
FHTNL PARTNERS,Royalties,Gas,368549,
BJJGP MANAGEMENT CORP,Bonus,Oil & Gas,25760,
BJJGP MANAGEMENT CORP,Royalties,Oil,135632,
BJJGP MANAGEMENT CORP,Rents,Oil & Gas,162871,
HJWUT ENERGY COMPANY,Rents,Coal,60483,
HJWUT ENERGY COMPANY,Other Revenues,n/a,494829,
HJWUT ENERGY COMPANY,Royalties,Coal,5819120,
GFQLX INC,Rents,Oil & Gas,-1728,
GFQLX INC,Bonus,Oil & Gas,254460,
JLLWL CORP,Rents,Coal,76227,
JLLWL CORP,Royalties,Coal,23604474,
CACDE LLC,Other Revenues,n/a,11765,
CACDE LLC,Royalties,Gas,42293,
CACDE LLC,Royalties,Oil,543977,
KWTWA HOLDINGS,Rents,Oil & Gas,21272,
KWTWA HOLDINGS,Bonus,Oil & Gas,126825,
GNUEG ENERGY COMPANY,Other Revenues,n/a,-125169,
GNUEG ENERGY COMPANY,Rents,Oil & Gas,440836,
GNUEG ENERGY COMPANY,Royalties,Gas,3779214,
GNUEG ENERGY COMPANY,Royalties,Oil,27495174,
OYLCE EXPLORATION,Rents,Oil & Gas,1180,
OYLCE EXPLORATION,Royalties,Gas,13437,
OYLCE EXPLORATION,Royalties,Oil,626788,
VOHOK CORP,Royalties,Gas,4363,
VOHOK CORP,Royalties,Oil,208323,
BAAZK HOLDINGS,Royalties,Oil,224316,
BAAZK HOLDINGS,Royalties,Gas,847087,
AUAGJ MANAGEMENT CORP,Rents,Oil & Gas,152586,
QCEVU CORP,Bonus,Oil & Gas,5785,
QCEVU CORP,Other Revenues,n/a,13942,
QCEVU CORP,Rents,Oil & Gas,64485,
QCEVU CORP,Royalties,Oil,230621,
QCEVU CORP,Royalties,Gas,739325,
NTPWW PRODUCTS,Rents,Oil & Gas,186953,
NTPWW PRODUCTS,Royalties,Oil,23486255,
ICZIE LLC,Other Revenues,n/a,4803,
ICZIE LLC,Royalties,Gas,566063,
ICZIE LLC,Rents,Oil & Gas,1549440,
ICZIE LLC,Royalties,Oil,11338877,
LXRGG PARTNERS,Bonus,Oil & Gas,148200,
LXRGG PARTNERS,Rents,Oil & Gas,179796,
PYSHA LLC,Royalties,Other Commodities,5399,
PYSHA LLC,Rents,Oil & Gas,167211,
PYSHA LLC,Other Revenues,n/a,1703778,
PYSHA LLC,Royalties,Oil,7448713,
PYSHA LLC,Royalties,Gas,83256208,
VNCSE RESOURCES,Rents,Oil & Gas,160,
VNCSE RESOURCES,Other Revenues,n/a,2300,
VNCSE RESOURCES,Royalties,Gas,124629,
NJPRP ENERGY COMPANY,Other Revenues,n/a,772096,
NJPRP ENERGY COMPANY,Rents,Oil & Gas,1504462,
NJPRP ENERGY COMPANY,Bonus,Oil & Gas,2560289,
NJPRP ENERGY COMPANY,Royalties,Gas,15330474,
NJPRP ENERGY COMPANY,Royalties,Oil,21001060,
ZRHPV PARTNERS,Other Revenues,n/a,0,
ZRHPV PARTNERS,Rents,Oil & Gas,26,
ZRHPV PARTNERS,Royalties,Gas,24330,
ZRHPV PARTNERS,Royalties,Oil,774442,
EYSVZ INDUSTRIES,Other Revenues,n/a,2866,
EYSVZ INDUSTRIES,Rents,Oil & Gas,10098,
EYSVZ INDUSTRIES,Royalties,Gas,98532,
EYSVZ INDUSTRIES,Royalties,Oil,539473,
JVJSP CORP,Royalties,Oil,29900,
JVJSP CORP,Royalties,Gas,587318,
VQFTJ RESOURCES,Rents,Oil & Gas,107366,