Year	State	County	FIPS	Jobs	Total	Percent
2010	Alabama		01000	7776	1813155	0.4
2010	Alabama	Autauga County	01001	37	10694	0.3
2010	Alabama	Baldwin County	01003	28	58140	0.0
2010	Alabama	Barbour County	01005	111	9382	1.2
2010	Alabama	Blount County	01009	26	8291	0.3
2010	Alabama	Colbert County	01033	107	21417	0.5
2010	Alabama	Covington County	01039	19	12327	0.2
2010	Alabama	Escambia County	01053	187	12268	1.5
2010	Alabama	Etowah County	01055	51	33707	0.2
2010	Alabama	Fayette County	01057	57	3982	1.4
2010	Alabama	Franklin County	01059	66	10125	0.7
2010	Alabama	Jackson County	01071	26	15704	0.2
2010	Alabama	Jefferson County	01073	1425	331416	0.4
2010	Alabama	Lee County	01081	73	47099	0.2
2010	Alabama	Madison County	01089	70	178623	0.0
2010	Alabama	Mobile County	01097	446	165715	0.3
2010	Alabama	Montgomery County	01101	51	129345	0.0
2010	Alabama	Morgan County	01103	54	45136	0.1
2010	Alabama	Russell County	01113	27	12687	0.2
2010	Alabama	Shelby County	01117	400	70429	0.6
2010	Alabama	Tuscaloosa County	01125	2609	82338	3.2
2010	Alabama	Walker County	01127	579	17768	3.3
2010	Alaska		02000	15155	316691	4.8
2010	Alaska	Anchorage Borough	02020	2709	148252	1.8
2010	Alaska	Fairbanks North Star Borough	02090	1118	37132	3.0
2010	Alaska	Kenai Peninsula Borough	02122	1087	18704	5.8
2010	Alaska	Ketchikan Gateway Borough	02130	15	7039	0.2
2010	Alaska	Matanuska-Susitna Borough	02170	71	19551	0.4
2010	Alaska	North Slope Borough	02185	8445	13661	61.8
2010	Alaska	Valdez-Cordova Census Area	02261	20	4608	0.4
2010	Alaska	Yukon-Koyukuk Census Area	02290	43	2181	2.0
2010	Arizona		04000	262	2356789	0.0
2010	Arizona		04000	10288	2356789	0.4
2010	Arizona	Apache County	04001	29	19258	0.2
2010	Arizona	Cochise County	04003	117	37401	0.3
2010	Arizona	Coconino County	04005	47	55937	0.1
2010	Arizona	Gila County	04007	979	13975	7.0
2010	Arizona	Maricopa County	04013	1750	1602744	0.1
2010	Arizona	Mohave County	04015	404	44996	0.9
2010	Arizona	Navajo County	04017	526	25899	2.0
2010	Arizona	Pima County	04019	1815	343093	0.5
2010	Arizona	Pinal County	04021	1257	52171	2.4
2010	Arizona	Yavapai County	04025	1205	53765	2.2
2010	Arizona	Yuma County	04027	16	61096	0.0
2010	Arkansas		05000	8358	1134071	0.7
2010	Arkansas	Carroll County	05015	13	9824	0.1
2010	Arkansas	Cleburne County	05023	250	6878	3.6
2010	Arkansas	Columbia County	05027	399	8633	4.6
2010	Arkansas	Conway County	05029	123	6904	1.8
2010	Arkansas	Crawford County	05033	209	19498	1.1
2010	Arkansas	Faulkner County	05045	825	39442	2.1
2010	Arkansas	Garland County	05051	183	35608	0.5
2010	Arkansas	Greene County	05055	10	14021	0.1
2010	Arkansas	Hot Spring County	05059	66	7807	0.8
2010	Arkansas	Independence County	05063	176	15441	1.1
2010	Arkansas	Johnson County	05071	70	8569	0.8
2010	Arkansas	Lafayette County	05073	68	1356	5.0
2010	Arkansas	Lawrence County	05075	57	4044	1.4
2010	Arkansas	Logan County	05083	143	5570	2.6
2010	Arkansas	Miller County	05091	45	13037	0.3
2010	Arkansas	Ouachita County	05103	100	7813	1.3
2010	Arkansas	Pope County	05115	133	26233	0.5
2010	Arkansas	Pulaski County	05119	637	242543	0.3
2010	Arkansas	Sebastian County	05131	1327	67453	2.0
2010	Arkansas	Union County	05139	372	17190	2.2
2010	Arkansas	Washington County	05143	84	89373	0.1
2010	Arkansas	White County	05145	1537	25279	6.1
2010	California		06000	24445	14414461	0.2
2010	California	Alameda County	06001	126	630343	0.0
2010	California	Amador County	06005	122	11995	1.0
2010	California	Butte County	06007	27	71120	0.0
2010	California	El Dorado County	06017	50	47026	0.1
2010	California	Fresno County	06019	174	329941	0.1
2010	California	Inyo County	06027	45	7538	0.6
2010	California	Kern County	06029	9528	268335	3.6
2010	California	Lake County	06033	40	13987	0.3
2010	California	Los Angeles County	06037	4204	3856789	0.1
2010	California	Mendocino County	06045	27	29514	0.1
2010	California	Monterey County	06053	193	166467	0.1
2010	California	Napa County	06055	58	64073	0.1
2010	California	Nevada County	06057	51	27786	0.2
2010	California	Orange County	06059	475	1356018	0.0
2010	California	Placer County	06061	16	125051	0.0
2010	California	Riverside County	06065	429	552459	0.1
2010	California	Sacramento County	06067	140	581465	0.0
2010	California	San Bernardino County	06071	588	592690	0.1
2010	California	San Diego County	06073	440	1230694	0.0
2010	California	San Francisco County	06075	84	545721	0.0
2010	California	San Joaquin County	06077	100	201835	0.0
2010	California	San Luis Obispo County	06079	286	99925	0.3
2010	California	San Mateo County	06081	33	317576	0.0
2010	California	Santa Barbara County	06083	955	176576	0.5
2010	California	Santa Clara County	06085	166	842581	0.0
2010	California	Solano County	06095	225	122105	0.2
2010	California	Sonoma County	06097	110	175508	0.1
2010	California	Sutter County	06101	174	26572	0.7
2010	California	Tulare County	06107	55	144146	0.0
2010	California	Tuolumne County	06109	83	15961	0.5
2010	California	Ventura County	06111	1182	297190	0.4
2010	California	Yolo County	06113	173	90171	0.2
2010	California	Yuba County	06115	141	15780	0.9
2010	Colorado		08000	24232	2176986	1.1
2010	Colorado	Adams County	08001	272	147987	0.2
2010	Colorado	Arapahoe County	08005	1105	270339	0.4
2010	Colorado	Archuleta County	08007	37	3241	1.1
2010	Colorado	Boulder County	08013	545	152118	0.4
2010	Colorado	Broomfield County	08014	21	29919	0.1
2010	Colorado	Cheyenne County	08017	97	752	12.9
2010	Colorado	Delta County	08029	430	8208	5.2
2010	Colorado	Denver County	08031	6300	420505	1.5
2010	Colorado	Douglas County	08035	270	89826	0.3
2010	Colorado	Eagle County	08037	14	27459	0.1
2010	Colorado	El Paso County	08041	143	232225	0.1
2010	Colorado	Fremont County	08043	64	13051	0.5
2010	Colorado	Garfield County	08045	1896	23095	8.2
2010	Colorado	Grand County	08049	25	6481	0.4
2010	Colorado	Gunnison County	08051	750	7628	9.8
2010	Colorado	Jefferson County	08059	402	202557	0.2
2010	Colorado	La Plata County	08067	631	23519	2.7
2010	Colorado	Larimer County	08069	308	126653	0.2
2010	Colorado	Las Animas County	08071	245	5230	4.7
2010	Colorado	Logan County	08075	170	8033	2.1
2010	Colorado	Mesa County	08077	2762	57329	4.8
2010	Colorado	Moffat County	08081	591	5064	11.7
2010	Colorado	Montezuma County	08083	135	8769	1.5
2010	Colorado	Montrose County	08085	150	13658	1.1
2010	Colorado	Morgan County	08087	302	11342	2.7
2010	Colorado	Pitkin County	08097	11	15003	0.1
2010	Colorado	Pueblo County	08101	53	55701	0.1
2010	Colorado	Rio Blanco County	08103	805	3123	25.8
2010	Colorado	Routt County	08107	519	12829	4.0
2010	Colorado	Washington County	08121	16	1082	1.5
2010	Colorado	Weld County	08123	3133	78658	4.0
2010	Colorado	Yuma County	08125	227	3811	6.0
2010	Connecticut		09000	571	1595713	0.0
2010	Connecticut	Fairfield County	09001	46	397733	0.0
2010	Connecticut	Hartford County	09003	91	481905	0.0
2010	Connecticut	Litchfield County	09005	74	58852	0.1
2010	Connecticut	New London County	09011	63	124000	0.1
2010	Florida		12000	3632	7109630	0.1
2010	Florida	Bay County	12005	15	69201	0.0
2010	Florida	Brevard County	12009	17	188093	0.0
2010	Florida	Broward County	12011	96	677659	0.0
2010	Florida	Citrus County	12017	80	32262	0.2
2010	Florida	Clay County	12019	11	42921	0.0
2010	Florida	Collier County	12021	10	111721	0.0
2010	Florida	Duval County	12031	86	431969	0.0
2010	Florida	Escambia County	12033	87	119369	0.1
2010	Florida	Gadsden County	12039	154	13238	1.2
2010	Florida	Hillsborough County	12057	282	563292	0.1
2010	Florida	Jackson County	12063	52	14414	0.4
2010	Florida	Lake County	12069	87	77879	0.1
2010	Florida	Lee County	12071	101	192515	0.1
2010	Florida	Manatee County	12081	23	101224	0.0
2010	Florida	Marion County	12083	104	89132	0.1
2010	Florida	Martin County	12085	12	55434	0.0
2010	Florida	Miami-Dade County	12086	296	947091	0.0
2010	Florida	Okeechobee County	12093	30	10259	0.3
2010	Florida	Orange County	12095	50	646067	0.0
2010	Florida	Pasco County	12101	64	94976	0.1
2010	Florida	Pinellas County	12103	19	380583	0.0
2010	Florida	Polk County	12105	969	189581	0.5
2010	Florida	St. Lucie County	12111	33	63494	0.1
2010	Florida	Santa Rosa County	12113	64	30744	0.2
2010	Florida	Sarasota County	12115	44	132470	0.0
2010	Florida	Seminole County	12117	26	155399	0.0
2010	Florida	Sumter County	12119	42	19830	0.2
2010	Georgia		13000	4929	3753934	0.1
2010	Georgia	Bartow County	13015	64	30448	0.2
2010	Georgia	Bibb County	13021	163	78924	0.2
2010	Georgia	Cherokee County	13057	30	43563	0.1
2010	Georgia	Cobb County	13067	65	285077	0.0
2010	Georgia	DeKalb County	13089	113	272990	0.0
2010	Georgia	Elbert County	13105	153	5987	2.6
2010	Georgia	Forsyth County	13117	49	52925	0.1
2010	Georgia	Fulton County	13121	105	704342	0.0
2010	Georgia	Hall County	13139	46	68532	0.1
2010	Georgia	Henry County	13151	66	47702	0.1
2010	Georgia	Jefferson County	13163	338	4749	7.1
2010	Georgia	Muscogee County	13215	77	91721	0.1
2010	Georgia	Oglethorpe County	13221	93	1781	5.2
2010	Georgia	Pickens County	13227	177	6884	2.6
2010	Georgia	Washington County	13303	221	6569	3.4
2010	Georgia	Whitfield County	13313	70	52842	0.1
2010	Georgia	Wilkinson County	13319	985	2920	33.7
2010	Hawaii		15000	338	586772	0.1
2010	Hawaii	Honolulu County	15003	266	430314	0.1
2010	Idaho		16000	2290	605571	0.4
2010	Idaho	Ada County	16001	86	192165	0.0
2010	Idaho	Blaine County	16013	21	11698	0.2
2010	Idaho	Bonner County	16017	148	12888	1.1
2010	Idaho	Canyon County	16027	22	51023	0.0
2010	Idaho	Caribou County	16029	333	3031	11.0
2010	Idaho	Cassia County	16031	92	9806	0.9
2010	Idaho	Franklin County	16041	45	3023	1.5
2010	Idaho	Idaho County	16049	74	4250	1.7
2010	Idaho	Kootenai County	16055	92	51513	0.2
2010	Idaho	Nez Perce County	16069	75	20002	0.4
2010	Idaho	Shoshone County	16079	539	4428	12.2
2010	Idaho	Twin Falls County	16083	24	32547	0.1
2010	Idaho	Valley County	16085	18	3614	0.5
2010	Illinois		17000	9065	5502322	0.2
2010	Illinois	Christian County	17021	26	11103	0.2
2010	Illinois	Clark County	17023	59	4220	1.4
2010	Illinois	Clay County	17025	111	4846	2.3
2010	Illinois	Coles County	17029	24	23006	0.1
2010	Illinois	Cook County	17031	552	2345507	0.0
2010	Illinois	Crawford County	17033	145	7148	2.0
2010	Illinois	DeKalb County	17037	27	34973	0.1
2010	Illinois	DuPage County	17043	81	544954	0.0
2010	Illinois	Effingham County	17049	28	19530	0.1
2010	Illinois	Fayette County	17051	188	5947	3.2
2010	Illinois	Franklin County	17055	38	8986	0.4
2010	Illinois	Gallatin County	17059	12	1131	1.1
2010	Illinois	Grundy County	17063	30	15712	0.2
2010	Illinois	Hamilton County	17065	76	1599	4.8
2010	Illinois	Hardin County	17069	94	914	10.3
2010	Illinois	Iroquois County	17075	9	7912	0.1
2010	Illinois	Jackson County	17077	400	25998	1.5
2010	Illinois	Jasper County	17079	24	2196	1.1
2010	Illinois	Kane County	17089	112	190039	0.1
2010	Illinois	Kendall County	17093	19	23613	0.1
2010	Illinois	McHenry County	17111	41	92886	0.0
2010	Illinois	Macon County	17115	12	49904	0.0
2010	Illinois	Madison County	17119	143	93242	0.2
2010	Illinois	Marion County	17121	147	12993	1.1
2010	Illinois	Marshall County	17123	21	3131	0.7
2010	Illinois	Monroe County	17133	35	7940	0.4
2010	Illinois	Montgomery County	17135	416	9308	4.5
2010	Illinois	Ogle County	17141	37	16069	0.2
2010	Illinois	Peoria County	17143	59	99173	0.1
2010	Illinois	Randolph County	17157	27	11779	0.2
2010	Illinois	Richland County	17159	135	6223	2.2
2010	Illinois	Rock Island County	17161	70	74100	0.1
2010	Illinois	St. Clair County	17163	68	93164	0.1
2010	Illinois	Saline County	17165	1332	8857	15.0
2010	Illinois	Tazewell County	17179	12	58058	0.0
2010	Illinois	Wabash County	17185	210	3144	6.7
2010	Illinois	Washington County	17189	94	4984	1.9
2010	Illinois	Wayne County	17191	124	4422	2.8
2010	Illinois	White County	17193	774	4477	17.3
2010	Illinois	Will County	17197	242	193323	0.1
2010	Indiana		18000	6269	2709831	0.2
2010	Indiana	Allen County	18003	119	169587	0.1
2010	Indiana	Bartholomew County	18005	46	40907	0.1
2010	Indiana	Clark County	18019	100	47124	0.2
2010	Indiana	Daviess County	18027	239	10441	2.3
2010	Indiana	Elkhart County	18039	44	100139	0.0
2010	Indiana	Gibson County	18051	848	16585	5.1
2010	Indiana	Grant County	18053	64	26687	0.2
2010	Indiana	Greene County	18055	21	6641	0.3
2010	Indiana	Hamilton County	18057	191	107930	0.2
2010	Indiana	Harrison County	18061	118	10813	1.1
2010	Indiana	Johnson County	18081	19	41051	0.0
2010	Indiana	Knox County	18083	854	16531	5.2
2010	Indiana	Lake County	18089	184	182451	0.1
2010	Indiana	LaPorte County	18091	36	40675	0.1
2010	Indiana	Lawrence County	18093	122	12243	1.0
2010	Indiana	Marion County	18097	177	545203	0.0
2010	Indiana	Miami County	18103	73	8877	0.8
2010	Indiana	Monroe County	18105	195	61263	0.3
2010	Indiana	Morgan County	18109	60	13928	0.4
2010	Indiana	Posey County	18129	18	8413	0.2
2010	Indiana	Putnam County	18133	48	11301	0.4
2010	Indiana	Ripley County	18137	31	12330	0.3
2010	Indiana	St. Joseph County	18141	8	113848	0.0
2010	Indiana	Shelby County	18145	202	15722	1.3
2010	Indiana	Steuben County	18151	10	13409	0.1
2010	Indiana	Vanderburgh County	18163	94	104094	0.1
2010	Indiana	Vigo County	18167	147	49709	0.3
2010	Indiana	Warrick County	18173	208	14458	1.4
2010	Indiana	Wayne County	18177	18	28106	0.1
2010	Iowa		19000	2133	1436340	0.1
2010	Iowa	Black Hawk County	19013	56	71628	0.1
2010	Iowa	Des Moines County	19057	50	20601	0.2
2010	Iowa	Hardin County	19083	147	7222	2.0
2010	Iowa	Lee County	19111	4	15530	0.0
2010	Iowa	Linn County	19113	95	124148	0.1
2010	Iowa	Madison County	19121	47	3669	1.3
2010	Iowa	Muscatine County	19139	53	21275	0.2
2010	Iowa	Scott County	19163	15	85009	0.0
2010	Iowa	Sioux County	19167	40	18685	0.2
2010	Kansas		20000	8352	1297779	0.6
2010	Kansas	Anderson County	20003	35	2184	1.6
2010	Kansas	Atchison County	20005	29	5837	0.5
2010	Kansas	Barber County	20007	160	1776	9.0
2010	Kansas	Barton County	20009	740	12508	5.9
2010	Kansas	Butler County	20015	99	17850	0.6
2010	Kansas	Clark County	20025	6	757	0.8
2010	Kansas	Coffey County	20031	56	4230	1.3
2010	Kansas	Comanche County	20033	14	663	2.1
2010	Kansas	Cowley County	20035	63	13577	0.5
2010	Kansas	Crawford County	20037	33	16500	0.2
2010	Kansas	Dickinson County	20041	5	6730	0.1
2010	Kansas	Douglas County	20045	13	46223	0.0
2010	Kansas	Ellis County	20051	589	15230	3.9
2010	Kansas	Finney County	20055	294	18093	1.6
2010	Kansas	Franklin County	20059	54	8986	0.6
2010	Kansas	Gove County	20063	4	1174	0.3
2010	Kansas	Graham County	20065	107	1014	10.6
2010	Kansas	Grant County	20067	361	3526	10.2
2010	Kansas	Greenwood County	20073	112	1639	6.8
2010	Kansas	Harper County	20077	53	2230	2.4
2010	Kansas	Harvey County	20079	18	13307	0.1
2010	Kansas	Haskell County	20081	64	1715	3.7
2010	Kansas	Johnson County	20091	221	296353	0.1
2010	Kansas	Kingman County	20095	80	2495	3.2
2010	Kansas	Kiowa County	20097	12	1119	1.1
2010	Kansas	Linn County	20107	82	1843	4.4
2010	Kansas	Lyon County	20111	32	15051	0.2
2010	Kansas	Mcpherson County	20113	166	13870	1.2
2010	Kansas	Meade County	20119	9	1641	0.5
2010	Kansas	Miami County	20121	92	7768	1.2
2010	Kansas	Montgomery County	20125	119	16159	0.7
2010	Kansas	Morton County	20129	89	1237	7.2
2010	Kansas	Neosho County	20133	329	7088	4.6
2010	Kansas	Phillips County	20147	34	2414	1.4
2010	Kansas	Pratt County	20151	319	4535	7.0
2010	Kansas	Reno County	20155	81	28067	0.3
2010	Kansas	Rice County	20159	74	3628	2.0
2010	Kansas	Rooks County	20163	121	1857	6.5
2010	Kansas	Russell County	20167	289	2694	10.7
2010	Kansas	Sedgwick County	20173	779	238625	0.3
2010	Kansas	Seward County	20175	509	11530	4.4
2010	Kansas	Shawnee County	20177	37	93691	0.0
2010	Kansas	Stafford County	20185	21	1373	1.5
2010	Kansas	Stevens County	20189	84	1835	4.6
2010	Kansas	Sumner County	20191	36	6275	0.6
2010	Kansas	Wilson County	20205	60	3519	1.7
2010	Kentucky		21000	21835	1712178	1.3
2010	Kentucky	Barren County	21009	29	15826	0.2
2010	Kentucky	Bell County	21013	854	8935	9.6
2010	Kentucky	Breckinridge County	21027	29	3097	0.9
2010	Kentucky	Caldwell County	21033	59	4208	1.4
2010	Kentucky	Carter County	21043	87	6137	1.4
2010	Kentucky	Clark County	21049	31	12584	0.2
2010	Kentucky	Clinton County	21053	25	3869	0.6
2010	Kentucky	Daviess County	21059	136	42647	0.3
2010	Kentucky	Fayette County	21067	96	171536	0.1
2010	Kentucky	Floyd County	21071	940	11537	8.1
2010	Kentucky	Graves County	21083	41	10879	0.4
2010	Kentucky	Hardin County	21093	39	42514	0.1
2010	Kentucky	Harlan County	21095	1978	8486	23.3
2010	Kentucky	Henderson County	21101	294	18534	1.6
2010	Kentucky	Hopkins County	21107	1380	17242	8.0
2010	Kentucky	Jefferson County	21111	142	407128	0.0
2010	Kentucky	Laurel County	21125	292	22338	1.3
2010	Kentucky	Lawrence County	21127	64	3363	1.9
2010	Kentucky	Lee County	21129	94	1839	5.1
2010	Kentucky	Livingston County	21139	332	2600	12.8
2010	Kentucky	Martin County	21159	715	3112	23.0
2010	Kentucky	Muhlenberg County	21177	839	9175	9.1
2010	Kentucky	Perry County	21193	2294	13285	17.3
2010	Kentucky	Pike County	21195	4389	24099	18.2
2010	Kentucky	Union County	21225	1162	6362	18.3
2010	Kentucky	Warren County	21227	163	54951	0.3
2010	Kentucky	Webster County	21233	78	2871	2.7
2010	Kentucky	Whitley County	21235	139	12344	1.1
2010	Louisiana		22000	49217	1832357	2.7
2010	Louisiana	Acadia Parish	22001	429	14993	2.9
2010	Louisiana	Ascension Parish	22005	241	34207	0.7
2010	Louisiana	Assumption Parish	22007	30	4410	0.7
2010	Louisiana	Avoyelles Parish	22009	157	11127	1.4
2010	Louisiana	Beauregard Parish	22011	34	8364	0.4
2010	Louisiana	Bienville Parish	22013	142	4174	3.4
2010	Louisiana	Bossier Parish	22015	2201	43032	5.1
2010	Louisiana	Caddo Parish	22017	2789	120358	2.3
2010	Louisiana	Calcasieu Parish	22019	903	82368	1.1
2010	Louisiana	Cameron Parish	22023	187	2770	6.8
2010	Louisiana	Catahoula Parish	22025	92	2483	3.7
2010	Louisiana	Claiborne Parish	22027	359	3947	9.1
2010	Louisiana	Concordia Parish	22029	227	5693	4.0
2010	Louisiana	De Soto Parish	22031	641	6411	10.0
2010	Louisiana	East Baton Rouge Parish	22033	869	253130	0.3
2010	Louisiana	Evangeline Parish	22039	7	8110	0.1
2010	Louisiana	Grant Parish	22043	6	3359	0.2
2010	Louisiana	Iberia Parish	22045	3420	31324	10.9
2010	Louisiana	Iberville Parish	22047	326	13783	2.4
2010	Louisiana	Jefferson Parish	22051	1956	192851	1.0
2010	Louisiana	Jefferson Davis Parish	22053	273	8502	3.2
2010	Louisiana	Lafayette Parish	22055	14524	130889	11.1
2010	Louisiana	Lafourche Parish	22057	1060	36784	2.9
2010	Louisiana	LaSalle Parish	22059	409	4393	9.3
2010	Louisiana	Lincoln Parish	22061	96	18005	0.5
2010	Louisiana	Livingston Parish	22063	121	22131	0.5
2010	Louisiana	Orleans Parish	22071	3253	170343	1.9
2010	Louisiana	Ouachita Parish	22073	107	68425	0.2
2010	Louisiana	Plaquemines Parish	22075	1144	14437	7.9
2010	Louisiana	Pointe Coupee Parish	22077	144	5504	2.6
2010	Louisiana	Rapides Parish	22079	195	58759	0.3
2010	Louisiana	Sabine Parish	22085	42	5481	0.8
2010	Louisiana	St. James Parish	22093	6	7735	0.1
2010	Louisiana	St. John the Baptist Parish	22095	404	15214	2.7
2010	Louisiana	St. Mary Parish	22101	2408	25890	9.3
2010	Louisiana	St. Tammany Parish	22103	546	74988	0.7
2010	Louisiana	Tangipahoa Parish	22105	120	41296	0.3
2010	Louisiana	Terrebonne Parish	22109	4610	54010	8.5
2010	Louisiana	Vermilion Parish	22113	1022	13427	7.6
2010	Louisiana	Washington Parish	22117	47	10155	0.5
2010	Louisiana	Webster Parish	22119	970	13021	7.4
2010	Louisiana	Winn Parish	22127	86	5121	1.7
2010	Maine		23000	179	577790	0.0
2010	Maine	Hancock County	23009	8	21898	0.0
2010	Maine	Oxford County	23017	15	16368	0.1
2010	Maine	Penobscot County	23019	7	68251	0.0
2010	Maine	York County	23031	38	65673	0.1
2010	Maryland		24000	1477	2453197	0.1
2010	Maryland	Allegany County	24001	98	29514	0.3
2010	Maryland	Anne Arundel County	24003	80	226509	0.0
2010	Maryland	Baltimore County	24005	94	360873	0.0
2010	Maryland	Cecil County	24015	94	27822	0.3
2010	Maryland	Frederick County	24021	46	91669	0.1
2010	Maryland	Garrett County	24023	361	11412	3.2
2010	Maryland	Howard County	24027	61	146125	0.0
2010	Maryland	Montgomery County	24031	365	441887	0.1
2010	Maryland	"Prince George's County"	24033	62	299093	0.0
2010	Maryland	Washington County	24043	60	63537	0.1
2010	Massachusetts		25000	1050	3149169	0.0
2010	Massachusetts	Berkshire County	25003	134	60260	0.2
2010	Massachusetts	Bristol County	25005	17	206798	0.0
2010	Massachusetts	Essex County	25009	46	294298	0.0
2010	Massachusetts	Hampden County	25013	68	193397	0.0
2010	Massachusetts	Hampshire County	25015	26	58872	0.0
2010	Massachusetts	Middlesex County	25017	239	802468	0.0
2010	Massachusetts	Norfolk County	25021	83	313072	0.0
2010	Massachusetts	Plymouth County	25023	109	170409	0.1
2010	Massachusetts	Worcester County	25027	206	309081	0.1
2010	Michigan		26000	5615	3770225	0.1
2010	Michigan	Allegan County	26005	59	31544	0.2
2010	Michigan	Alpena County	26007	56	10896	0.5
2010	Michigan	Arenac County	26011	27	4390	0.6
2010	Michigan	Bay County	26017	20	35053	0.1
2010	Michigan	Berrien County	26021	120	58109	0.2
2010	Michigan	Chippewa County	26033	31	12731	0.2
2010	Michigan	Clinton County	26037	51	14073	0.4
2010	Michigan	Eaton County	26045	34	29806	0.1
2010	Michigan	Genesee County	26049	12	126257	0.0
2010	Michigan	Grand Traverse County	26055	252	43464	0.6
2010	Michigan	Gratiot County	26057	8	12847	0.1
2010	Michigan	Ingham County	26065	195	152319	0.1
2010	Michigan	Isabella County	26073	319	27439	1.2
2010	Michigan	Jackson County	26075	53	51071	0.1
2010	Michigan	Kalamazoo County	26077	31	106983	0.0
2010	Michigan	Kalkaska County	26079	441	3663	12.0
2010	Michigan	Kent County	26081	128	307289	0.0
2010	Michigan	Lapeer County	26087	79	19066	0.4
2010	Michigan	Leelanau County	26089	32	5782	0.6
2010	Michigan	Livingston County	26093	29	42670	0.1
2010	Michigan	Manistee County	26101	29	7062	0.4
2010	Michigan	Marquette County	26103	1474	26840	5.5
2010	Michigan	Missaukee County	26113	13	2640	0.5
2010	Michigan	Montmorency County	26119	24	1926	1.2
2010	Michigan	Oakland County	26125	144	611142	0.0
2010	Michigan	Ogemaw County	26129	31	6077	0.5
2010	Michigan	Otsego County	26137	283	9648	2.9
2010	Michigan	Ottawa County	26139	33	99646	0.0
2010	Michigan	Sanilac County	26151	59	9731	0.6
2010	Michigan	Schoolcraft County	26153	122	2837	4.3
2010	Michigan	Shiawassee County	26155	29	15693	0.2
2010	Michigan	Washtenaw County	26161	10	186349	0.0
2010	Michigan	Wayne County	26163	398	657150	0.1
2010	Michigan	Wexford County	26165	30	12483	0.2
2010	Minnesota		27000	5219	2558310	0.2
2010	Minnesota	Crow Wing County	27035	16	27028	0.1
2010	Minnesota	Dakota County	27037	126	167694	0.1
2010	Minnesota	Freeborn County	27047	3	12036	0.0
2010	Minnesota	Hennepin County	27053	229	802156	0.0
2010	Minnesota	Kanabec County	27065	16	3573	0.4
2010	Minnesota	Meeker County	27093	12	6451	0.2
2010	Minnesota	Morrison County	27097	21	11085	0.2
2010	Minnesota	Murray County	27101	16	2866	0.6
2010	Minnesota	Olmsted County	27109	15	87089	0.0
2010	Minnesota	Otter Tail County	27111	21	21268	0.1
2010	Minnesota	Pipestone County	27117	35	4282	0.8
2010	Minnesota	Polk County	27119	20	12160	0.2
2010	Minnesota	Rice County	27131	33	22298	0.1
2010	Minnesota	St. Louis County	27137	2807	93057	3.0
2010	Minnesota	Scott County	27139	62	40440	0.2
2010	Minnesota	Stearns County	27145	112	77068	0.1
2010	Minnesota	Washington County	27163	35	71052	0.0
2010	Mississippi		28000	5763	1074617	0.5
2010	Mississippi	Adams County	28001	411	11041	3.7
2010	Mississippi	Attala County	28007	4	4612	0.1
2010	Mississippi	Clarke County	28023	148	2917	5.1
2010	Mississippi	Copiah County	28029	78	7107	1.1
2010	Mississippi	Covington County	28031	14	4861	0.3
2010	Mississippi	DeSoto County	28033	24	44427	0.1
2010	Mississippi	Forrest County	28035	76	36085	0.2
2010	Mississippi	Greene County	28041	12	1962	0.6
2010	Mississippi	Hancock County	28045	17	13610	0.1
2010	Mississippi	Hinds County	28049	205	122548	0.2
2010	Mississippi	Jackson County	28059	82	51511	0.2
2010	Mississippi	Jasper County	28061	138	4511	3.1
2010	Mississippi	Jones County	28067	1678	26991	6.2
2010	Mississippi	Lamar County	28073	75	17182	0.4
2010	Mississippi	Lawrence County	28077	3	2664	0.1
2010	Mississippi	Lincoln County	28085	128	10803	1.2
2010	Mississippi	Lowndes County	28087	61	23639	0.3
2010	Mississippi	Madison County	28089	142	42404	0.3
2010	Mississippi	Marion County	28091	282	7428	3.8
2010	Mississippi	Monroe County	28095	86	9505	0.9
2010	Mississippi	Panola County	28107	21	10888	0.2
2010	Mississippi	Pearl River County	28109	16	9674	0.2
2010	Mississippi	Pike County	28113	44	14573	0.3
2010	Mississippi	Rankin County	28121	147	54404	0.3
2010	Mississippi	Simpson County	28127	13	7405	0.2
2010	Mississippi	Walthall County	28147	17	2704	0.6
2010	Mississippi	Warren County	28149	19	21508	0.1
2010	Mississippi	Wayne County	28153	138	5106	2.7
2010	Missouri		29000	4093	2573703	0.2
2010	Missouri	Barry County	29009	26	14266	0.2
2010	Missouri	Boone County	29019	62	81823	0.1
2010	Missouri	Callaway County	29027	53	14260	0.4
2010	Missouri	Cape Girardeau County	29031	72	39538	0.2
2010	Missouri	Cass County	29037	35	22486	0.2
2010	Missouri	Cole County	29051	65	52654	0.1
2010	Missouri	Franklin County	29071	63	34776	0.2
2010	Missouri	Greene County	29077	72	146573	0.0
2010	Missouri	Howell County	29091	32	15111	0.2
2010	Missouri	Jackson County	29095	62	339564	0.0
2010	Missouri	Jasper County	29097	79	55759	0.1
2010	Missouri	Lawrence County	29109	29	8385	0.3
2010	Missouri	Lincoln County	29113	72	10170	0.7
2010	Missouri	Miller County	29131	16	5942	0.3
2010	Missouri	Newton County	29145	22	19473	0.1
2010	Missouri	Pettis County	29159	28	18049	0.2
2010	Missouri	Pike County	29163	37	5884	0.6
2010	Missouri	Polk County	29167	12	7649	0.2
2010	Missouri	St. Charles County	29183	72	120366	0.1
2010	Missouri	Ste. Genevieve County	29186	218	5550	3.9
2010	Missouri	St. Francois County	29187	85	22283	0.4
2010	Missouri	St. Louis County	29189	462	561063	0.1
2010	Missouri	Taney County	29213	50	27753	0.2
2010	Missouri	Vernon County	29217	41	6842	0.6
2010	Missouri	Webster County	29225	16	6087	0.3
2010	Montana		30000	6862	419231	1.6
2010	Montana	Big Horn County	30003	569	4371	13.0
2010	Montana	Carbon County	30009	34	2476	1.4
2010	Montana	Cascade County	30013	8	35336	0.0
2010	Montana	Fallon County	30025	332	1459	22.8
2010	Montana	Flathead County	30029	268	37035	0.7
2010	Montana	Gallatin County	30031	202	42482	0.5
2010	Montana	Glacier County	30035	142	4463	3.2
2010	Montana	Granite County	30039	12	757	1.6
2010	Montana	Hill County	30041	122	6981	1.7
2010	Montana	Lake County	30047	21	8104	0.3
2010	Montana	Lewis and Clark County	30049	219	34433	0.6
2010	Montana	Lincoln County	30053	243	5285	4.6
2010	Montana	Madison County	30057	51	3322	1.5
2010	Montana	Missoula County	30063	44	54105	0.1
2010	Montana	Musselshell County	30065	264	1233	21.4
2010	Montana	Pondera County	30073	22	1694	1.3
2010	Montana	Richland County	30083	575	5291	10.9
2010	Montana	Roosevelt County	30085	21	3579	0.6
2010	Montana	Rosebud County	30087	503	4226	11.9
2010	Montana	Sanders County	30089	65	2747	2.4
2010	Montana	Sheridan County	30091	23	1242	1.9
2010	Montana	Silver Bow County	30093	401	15279	2.6
2010	Montana	Yellowstone County	30111	323	75456	0.4
2010	Nebraska		31000	913	896936	0.1
2010	Nebraska	Buffalo County	31019	47	25010	0.2
2010	Nebraska	Cass County	31025	132	4800	2.8
2010	Nebraska	Cedar County	31027	8	2571	0.3
2010	Nebraska	Cheyenne County	31033	3	5378	0.1
2010	Nebraska	Dodge County	31053	11	15946	0.1
2010	Nebraska	Douglas County	31055	49	310928	0.0
2010	Nebraska	Hall County	31079	20	33326	0.1
2010	Nebraska	Hitchcock County	31087	35	752	4.7
2010	Nebraska	Holt County	31089	16	4356	0.4
2010	Nebraska	Howard County	31093	14	1429	1.0
2010	Nebraska	Jefferson County	31095	10	3110	0.3
2010	Nebraska	Kimball County	31105	45	1409	3.2
2010	Nebraska	Red Willow County	31145	52	5119	1.0
2010	Nebraska	Richardson County	31147	5	2346	0.2
2010	Nebraska	Sarpy County	31153	12	59552	0.0
2010	Nevada		32000	12214	1108238	1.1
2010	Nevada	Clark County	32003	270	797062	0.0
2010	Nevada	Elko County	32007	1950	20908	9.3
2010	Nevada	Eureka County	32011	3841	4294	89.5
2010	Nevada	Humboldt County	32013	1766	7747	22.8
2010	Nevada	Lander County	32015	1631	3029	53.8
2010	Nevada	Lincoln County	32017	12	1177	1.0
2010	Nevada	Lyon County	32019	103	11059	0.9
2010	Nevada	Mineral County	32021	24	1566	1.5
2010	Nevada	Nye County	32023	941	10535	8.9
2010	Nevada	Pershing County	32027	335	1617	20.7
2010	Nevada	Washoe County	32031	248	183892	0.1
2010	New Hampshire		33000	491	600697	0.1
2010	New Hampshire	Grafton County	33009	53	51287	0.1
2010	New Hampshire	Hillsborough County	33011	32	183879	0.0
2010	New Hampshire	Merrimack County	33013	150	72685	0.2
2010	New Hampshire	Rockingham County	33015	104	131904	0.1
2010	New Hampshire	Strafford County	33017	24	44182	0.1
2010	New Jersey		34000	1368	3735703	0.0
2010	New Jersey	Bergen County	34003	39	422456	0.0
2010	New Jersey	Burlington County	34005	19	191136	0.0
2010	New Jersey	Cape May County	34009	21	40267	0.1
2010	New Jersey	Cumberland County	34011	133	58794	0.2
2010	New Jersey	Gloucester County	34015	153	96952	0.2
2010	New Jersey	Mercer County	34021	16	224967	0.0
2010	New Jersey	Middlesex County	34023	51	374054	0.0
2010	New Jersey	Monmouth County	34025	12	242998	0.0
2010	New Jersey	Morris County	34027	67	267553	0.0
2010	New Jersey	Ocean County	34029	100	145901	0.1
2010	New Jersey	Passaic County	34031	97	168445	0.1
2010	New Jersey	Somerset County	34035	311	164535	0.2
2010	New Jersey	Sussex County	34037	36	37942	0.1
2010	New Jersey	Warren County	34041	134	35011	0.4
2010	New Mexico		35000	18423	781694	2.4
2010	New Mexico	Bernalillo County	35001	139	311725	0.0
2010	New Mexico	Catron County	35003	5	614	0.8
2010	New Mexico	Chaves County	35005	411	21348	1.9
2010	New Mexico	Dona Ana County	35013	40	69187	0.1
2010	New Mexico	Eddy County	35015	4025	23547	17.1
2010	New Mexico	Grant County	35017	786	8879	8.9
2010	New Mexico	Lea County	35025	5851	26675	21.9
2010	New Mexico	Lincoln County	35027	18	6711	0.3
2010	New Mexico	Mckinley County	35031	75	21363	0.4
2010	New Mexico	Otero County	35035	6	17073	0.0
2010	New Mexico	Rio Arriba County	35039	76	10547	0.7
2010	New Mexico	Sandoval County	35043	53	29114	0.2
2010	New Mexico	San Juan County	35045	5548	47638	11.6
2010	New Mexico	Santa Fe County	35049	101	60538	0.2
2010	New Mexico	Sierra County	35051	6	3285	0.2
2010	New Mexico	Taos County	35055	337	10449	3.2
2010	New Mexico	Valencia County	35061	28	14571	0.2
2010	New York		36000	4624	8340732	0.1
2010	New York	Albany County	36001	94	217765	0.0
2010	New York	Allegany County	36003	34	13665	0.2
2010	New York	Broome County	36007	33	90919	0.0
2010	New York	Cattaraugus County	36009	122	30445	0.4
2010	New York	Chautauqua County	36013	253	51575	0.5
2010	New York	Chemung County	36015	258	37632	0.7
2010	New York	Clinton County	36019	6	32894	0.0
2010	New York	Cortland County	36023	22	17093	0.1
2010	New York	Delaware County	36025	109	15564	0.7
2010	New York	Dutchess County	36027	189	110219	0.2
2010	New York	Erie County	36029	298	447037	0.1
2010	New York	Essex County	36031	126	14270	0.9
2010	New York	Genesee County	36037	67	23145	0.3
2010	New York	Herkimer County	36043	42	16414	0.3
2010	New York	Jefferson County	36045	62	42215	0.1
2010	New York	Kings County	36047	14	492125	0.0
2010	New York	Monroe County	36055	106	367355	0.0
2010	New York	Montgomery County	36057	55	18404	0.3
2010	New York	Nassau County	36059	6	582448	0.0
2010	New York	New York County	36061	20	2280092	0.0
2010	New York	Oneida County	36065	141	107278	0.1
2010	New York	Onondaga County	36067	180	239623	0.1
2010	New York	Ontario County	36069	58	49144	0.1
2010	New York	Orange County	36071	57	128339	0.0
2010	New York	Orleans County	36073	40	12943	0.3
2010	New York	Otsego County	36077	28	23705	0.1
2010	New York	Rensselaer County	36083	135	51699	0.3
2010	New York	St. Lawrence County	36089	70	34980	0.2
2010	New York	Schenectady County	36093	63	62173	0.1
2010	New York	Steuben County	36101	140	36601	0.4
2010	New York	Suffolk County	36103	168	602796	0.0
2010	New York	Sullivan County	36105	96	25123	0.4
2010	New York	Tioga County	36107	54	13331	0.4
2010	New York	Tompkins County	36109	267	49313	0.5
2010	New York	Ulster County	36111	95	58188	0.2
2010	New York	Washington County	36115	44	15078	0.3
2010	New York	Westchester County	36119	6	398832	0.0
2010	North Carolina		37000	3008	3788581	0.1
2010	North Carolina	Alamance County	37001	41	54857	0.1
2010	North Carolina	Buncombe County	37021	114	110143	0.1
2010	North Carolina	Caldwell County	37027	7	24481	0.0
2010	North Carolina	Cleveland County	37045	70	30715	0.2
2010	North Carolina	Davidson County	37057	56	38782	0.1
2010	North Carolina	Davie County	37059	28	9479	0.3
2010	North Carolina	Forsyth County	37067	29	172627	0.0
2010	North Carolina	Guilford County	37081	123	257086	0.0
2010	North Carolina	Johnston County	37101	59	41242	0.1
2010	North Carolina	Lee County	37105	56	24814	0.2
2010	North Carolina	McDowell County	37111	60	14439	0.4
2010	North Carolina	Mecklenburg County	37119	173	535387	0.0
2010	North Carolina	Orange County	37135	37	60631	0.1
2010	North Carolina	Pender County	37141	38	9808	0.4
2010	North Carolina	Richmond County	37153	126	14081	0.9
2010	North Carolina	Rowan County	37159	215	43763	0.5
2010	North Carolina	Wake County	37183	262	430935	0.1
2010	North Carolina	Watauga County	37189	39	21204	0.2
2010	North Dakota		38000	10660	358635	3.0
2010	North Dakota	Billings County	38007	79	498	15.9
2010	North Dakota	Bottineau County	38009	314	2564	12.2
2010	North Dakota	Bowman County	38011	112	1483	7.6
2010	North Dakota	Burke County	38013	75	691	10.9
2010	North Dakota	Burleigh County	38015	64	50937	0.1
2010	North Dakota	McKenzie County	38053	582	3600	16.2
2010	North Dakota	Renville County	38075	138	892	15.5
2010	North Dakota	Stark County	38089	1229	14108	8.7
2010	North Dakota	Ward County	38101	596	29528	2.0
2010	North Dakota	Williams County	38105	4797	16014	30.0
2010	Ohio		39000	10934	4908571	0.2
2010	Ohio	Ashland County	39005	28	17051	0.2
2010	Ohio	Ashtabula County	39007	70	29416	0.2
2010	Ohio	Belmont County	39013	1460	22506	6.5
2010	Ohio	Butler County	39017	168	137975	0.1
2010	Ohio	Carroll County	39019	62	5486	1.1
2010	Ohio	Clark County	39023	46	47239	0.1
2010	Ohio	Clinton County	39027	10	16234	0.1
2010	Ohio	Columbiana County	39029	189	28980	0.7
2010	Ohio	Coshocton County	39031	149	10790	1.4
2010	Ohio	Cuyahoga County	39035	291	685369	0.0
2010	Ohio	Fairfield County	39045	42	39029	0.1
2010	Ohio	Franklin County	39049	259	647397	0.0
2010	Ohio	Hamilton County	39061	238	483074	0.0
2010	Ohio	Harrison County	39067	328	3275	10.0
2010	Ohio	Highland County	39071	41	10072	0.4
2010	Ohio	Hocking County	39073	137	6649	2.1
2010	Ohio	Holmes County	39075	107	16406	0.7
2010	Ohio	Jackson County	39079	215	10598	2.0
2010	Ohio	Knox County	39083	110	18719	0.6
2010	Ohio	Lake County	39085	254	92553	0.3
2010	Ohio	Licking County	39089	124	50308	0.2
2010	Ohio	Logan County	39091	28	17542	0.2
2010	Ohio	Lorain County	39093	13	91578	0.0
2010	Ohio	Lucas County	39095	112	197922	0.1
2010	Ohio	Medina County	39103	25	56310	0.0
2010	Ohio	Meigs County	39105	200	3502	5.7
2010	Ohio	Miami County	39109	34	37467	0.1
2010	Ohio	Monroe County	39111	52	3522	1.5
2010	Ohio	Morgan County	39115	15	2380	0.6
2010	Ohio	Muskingum County	39119	334	31341	1.1
2010	Ohio	Perry County	39127	195	5840	3.3
2010	Ohio	Portage County	39133	292	49643	0.6
2010	Ohio	Preble County	39135	41	10099	0.4
2010	Ohio	Richland County	39139	20	50650	0.0
2010	Ohio	Ross County	39141	19	25185	0.1
2010	Ohio	Sandusky County	39143	28	25411	0.1
2010	Ohio	Scioto County	39145	4	23233	0.0
2010	Ohio	Seneca County	39147	92	18563	0.5
2010	Ohio	Stark County	39151	211	148817	0.1
2010	Ohio	Summit County	39153	56	252634	0.0
2010	Ohio	Trumbull County	39155	45	69719	0.1
2010	Ohio	Tuscarawas County	39157	532	33387	1.6
2010	Ohio	Warren County	39165	18	73884	0.0
2010	Ohio	Washington County	39167	342	23703	1.4
2010	Ohio	Wayne County	39169	366	41622	0.9
2010	Ohio	Williams County	39171	19	15409	0.1
2010	Ohio	Wyandot County	39175	119	7738	1.5
2010	Oklahoma		40000	43494	1485400	2.9
2010	Oklahoma	Alfalfa County	40003	40	1208	3.3
2010	Oklahoma	Beaver County	40007	232	1511	15.4
2010	Oklahoma	Beckham County	40009	1181	9104	13.0
2010	Oklahoma	Blaine County	40011	87	2919	3.0
2010	Oklahoma	Caddo County	40015	163	7312	2.2
2010	Oklahoma	Canadian County	40017	1403	26036	5.4
2010	Oklahoma	Carter County	40019	1181	21911	5.4
2010	Oklahoma	Cherokee County	40021	40	15882	0.3
2010	Oklahoma	Cleveland County	40027	302	71487	0.4
2010	Oklahoma	Coal County	40029	41	1125	3.6
2010	Oklahoma	Creek County	40037	444	16442	2.7
2010	Oklahoma	Custer County	40039	521	11387	4.6
2010	Oklahoma	Dewey County	40043	107	1381	7.7
2010	Oklahoma	Ellis County	40045	29	1072	2.7
2010	Oklahoma	Garfield County	40047	984	24984	3.9
2010	Oklahoma	Garvin County	40049	833	9097	9.2
2010	Oklahoma	Grady County	40051	493	12066	4.1
2010	Oklahoma	Grant County	40053	46	1171	3.9
2010	Oklahoma	Harper County	40059	82	1222	6.7
2010	Oklahoma	Haskell County	40061	265	3770	7.0
2010	Oklahoma	Hughes County	40063	46	2928	1.6
2010	Oklahoma	Jackson County	40065	3	10012	0.0
2010	Oklahoma	Jefferson County	40067	11	1152	1.0
2010	Oklahoma	Johnston County	40069	208	2658	7.8
2010	Oklahoma	Kay County	40071	341	19132	1.8
2010	Oklahoma	Kingfisher County	40073	702	5258	13.4
2010	Oklahoma	Kiowa County	40075	185	2322	8.0
2010	Oklahoma	Le Flore County	40079	529	12838	4.1
2010	Oklahoma	Logan County	40083	124	6722	1.8
2010	Oklahoma	McClain County	40087	175	7555	2.3
2010	Oklahoma	McCurtain County	40089	38	10533	0.4
2010	Oklahoma	McIntosh County	40091	21	4253	0.5
2010	Oklahoma	Muskogee County	40101	61	29002	0.2
2010	Oklahoma	Noble County	40103	28	4004	0.7
2010	Oklahoma	Nowata County	40105	10	1713	0.6
2010	Oklahoma	Okfuskee County	40107	45	2168	2.1
2010	Oklahoma	Oklahoma County	40109	11806	409747	2.9
2010	Oklahoma	Okmulgee County	40111	122	9850	1.2
2010	Oklahoma	Osage County	40113	664	6070	10.9
2010	Oklahoma	Ottawa County	40115	112	11905	0.9
2010	Oklahoma	Payne County	40119	878	31377	2.8
2010	Oklahoma	Pittsburg County	40121	591	17153	3.4
2010	Oklahoma	Pontotoc County	40123	298	17146	1.7
2010	Oklahoma	Pottawatomie County	40125	280	20970	1.3
2010	Oklahoma	Roger Mills County	40129	50	844	5.9
2010	Oklahoma	Rogers County	40131	278	24030	1.2
2010	Oklahoma	Sequoyah County	40135	31	8735	0.4
2010	Oklahoma	Stephens County	40137	1988	15100	13.2
2010	Oklahoma	Texas County	40139	113	9175	1.2
2010	Oklahoma	Tillman County	40141	12	1963	0.6
2010	Oklahoma	Tulsa County	40143	5175	327799	1.6
2010	Oklahoma	Wagoner County	40145	14	6850	0.2
2010	Oklahoma	Washington County	40147	3865	20300	19.0
2010	Oklahoma	Washita County	40149	156	2223	7.0
2010	Oklahoma	Woods County	40151	98	3061	3.2
2010	Oklahoma	Woodward County	40153	1196	8712	13.7
2010	Oregon		41000	1576	1598173	0.1
2010	Oregon	Benton County	41003	19	34293	0.1
2010	Oregon	Clackamas County	41005	67	136732	0.0
2010	Oregon	Columbia County	41009	55	9637	0.6
2010	Oregon	Coos County	41011	46	21291	0.2
2010	Oregon	Crook County	41013	15	5545	0.3
2010	Oregon	Deschutes County	41017	78	58781	0.1
2010	Oregon	Douglas County	41019	122	34327	0.4
2010	Oregon	Jackson County	41029	78	75396	0.1
2010	Oregon	Klamath County	41035	15	21386	0.1
2010	Oregon	Lane County	41039	186	134545	0.1
2010	Oregon	Marion County	41047	233	132520	0.2
2010	Oregon	Umatilla County	41059	33	28852	0.1
2010	Oregon	Washington County	41067	249	234706	0.1
2010	Oregon	Yamhill County	41071	56	30219	0.2
2010	Pennsylvania		42000	26004	5472171	0.5
2010	Pennsylvania	Adams County	42001	85	32243	0.3
2010	Pennsylvania	Allegheny County	42003	1189	667510	0.2
2010	Pennsylvania	Armstrong County	42005	1477	17705	8.3
2010	Pennsylvania	Beaver County	42007	172	54058	0.3
2010	Pennsylvania	Berks County	42011	215	161100	0.1
2010	Pennsylvania	Bradford County	42015	653	22900	2.9
2010	Pennsylvania	Bucks County	42017	199	248619	0.1
2010	Pennsylvania	Butler County	42019	456	79487	0.6
2010	Pennsylvania	Cambria County	42021	212	56563	0.4
2010	Pennsylvania	Carbon County	42025	31	16696	0.2
2010	Pennsylvania	Centre County	42027	291	65779	0.4
2010	Pennsylvania	Chester County	42029	161	234458	0.1
2010	Pennsylvania	Clarion County	42031	430	13773	3.1
2010	Pennsylvania	Clearfield County	42033	573	30306	1.9
2010	Pennsylvania	Columbia County	42037	48	24379	0.2
2010	Pennsylvania	Crawford County	42039	235	29832	0.8
2010	Pennsylvania	Cumberland County	42041	78	119993	0.1
2010	Pennsylvania	Dauphin County	42043	115	176007	0.1
2010	Pennsylvania	Delaware County	42045	114	204452	0.1
2010	Pennsylvania	Elk County	42047	200	14564	1.4
2010	Pennsylvania	Erie County	42049	143	121646	0.1
2010	Pennsylvania	Fayette County	42051	793	40488	2.0
2010	Pennsylvania	Franklin County	42055	65	54545	0.1
2010	Pennsylvania	Greene County	42059	3089	13602	22.7
2010	Pennsylvania	Indiana County	42063	2343	32721	7.2
2010	Pennsylvania	Jefferson County	42065	722	15214	4.7
2010	Pennsylvania	Lackawanna County	42069	58	97461	0.1
2010	Pennsylvania	Lancaster County	42071	388	217301	0.2
2010	Pennsylvania	Lawrence County	42073	89	29288	0.3
2010	Pennsylvania	Luzerne County	42079	376	136696	0.3
2010	Pennsylvania	Lycoming County	42081	491	50619	1.0
2010	Pennsylvania	Mckean County	42083	956	15718	6.1
2010	Pennsylvania	Mercer County	42085	352	46465	0.8
2010	Pennsylvania	Monroe County	42089	58	56111	0.1
2010	Pennsylvania	Montgomery County	42091	238	459946	0.1
2010	Pennsylvania	Northampton County	42095	37	97784	0.0
2010	Pennsylvania	Northumberland County	42097	190	28490	0.7
2010	Pennsylvania	Potter County	42105	26	5236	0.5
2010	Pennsylvania	Schuylkill County	42107	451	49644	0.9
2010	Pennsylvania	Somerset County	42111	1080	25124	4.3
2010	Pennsylvania	Susquehanna County	42115	565	8740	6.5
2010	Pennsylvania	Tioga County	42117	128	12568	1.0
2010	Pennsylvania	Venango County	42121	77	20221	0.4
2010	Pennsylvania	Warren County	42123	202	15057	1.3
2010	Pennsylvania	Washington County	42125	1512	79495	1.9
2010	Pennsylvania	Wayne County	42127	111	15414	0.7
2010	Pennsylvania	Westmoreland County	42129	517	131008	0.4
2010	Pennsylvania	Wyoming County	42131	161	9693	1.7
2010	Pennsylvania	York County	42133	314	167625	0.2
2010	Rhode Island	Providence County	44007	91	266020	0.0
2010	Rhode Island	Washington County	44009	73	48381	0.2
2010	South Carolina		45000	1245	1758204	0.1
2010	South Carolina	Aiken County	45003	106	57070	0.2
2010	South Carolina	Anderson County	45007	62	55094	0.1
2010	South Carolina	Charleston County	45019	21	204418	0.0
2010	South Carolina	Chesterfield County	45025	112	12979	0.9
2010	South Carolina	Florence County	45041	16	59132	0.0
2010	South Carolina	Georgetown County	45043	47	22530	0.2
2010	South Carolina	Greenville County	45045	64	225168	0.0
2010	South Carolina	Horry County	45051	42	105678	0.0
2010	South Carolina	Kershaw County	45055	78	15556	0.5
2010	South Carolina	Lexington County	45063	108	92978	0.1
2010	South Carolina	Richland County	45079	107	202785	0.1
2010	South Carolina	Spartanburg County	45083	159	109848	0.1
2010	South Carolina	York County	45091	37	73197	0.1
2010	South Dakota		46000	818	389198	0.2
2010	South Dakota	Codington County	46029	13	14916	0.1
2010	South Dakota	Custer County	46033	54	2524	2.1
2010	South Dakota	Fall River County	46047	12	2496	0.5
2010	South Dakota	Grant County	46051	40	3777	1.1
2010	South Dakota	Pennington County	46103	33	51877	0.1
2010	Tennessee		47000	3560	2558438	0.1
2010	Tennessee	Anderson County	47001	224	37359	0.6
2010	Tennessee	Claiborne County	47025	225	8267	2.7
2010	Tennessee	Cumberland County	47035	127	15265	0.8
2010	Tennessee	Davidson County	47037	184	416404	0.0
2010	Tennessee	Franklin County	47051	66	9057	0.7
2010	Tennessee	Knox County	47093	310	215525	0.1
2010	Tennessee	Putnam County	47141	44	30877	0.1
2010	Tennessee	Rhea County	47143	27	9631	0.3
2010	Tennessee	Robertson County	47147	42	16775	0.3
2010	Tennessee	Scott County	47151	48	5152	0.9
2010	Tennessee	Shelby County	47157	29	464982	0.0
2010	Tennessee	Sullivan County	47163	63	65474	0.1
2010	Tennessee	Washington County	47179	25	58104	0.0
2010	Tennessee	Williamson County	47187	26	87130	0.0
2010	Texas		48000	204570	10182150	2.0
2010	Texas	Anderson County	48001	622	17472	3.6
2010	Texas	Andrews County	48003	1311	5348	24.5
2010	Texas	Angelina County	48005	30	35034	0.1
2010	Texas	Archer County	48009	220	1988	11.1
2010	Texas	Atascosa County	48013	610	9346	6.5
2010	Texas	Austin County	48015	63	11841	0.5
2010	Texas	Bastrop County	48021	266	14283	1.9
2010	Texas	Bee County	48025	384	8758	4.4
2010	Texas	Bell County	48027	148	105675	0.1
2010	Texas	Bexar County	48029	2245	722147	0.3
2010	Texas	Bowie County	48037	11	42286	0.0
2010	Texas	Brazoria County	48039	1558	85904	1.8
2010	Texas	Brazos County	48041	1228	86474	1.4
2010	Texas	Brewster County	48043	30	4591	0.7
2010	Texas	Brooks County	48047	224	2412	9.3
2010	Texas	Brown County	48049	68	15054	0.5
2010	Texas	Burleson County	48051	466	3660	12.7
2010	Texas	Burnet County	48053	50	12204	0.4
2010	Texas	Caldwell County	48055	232	6929	3.3
2010	Texas	Calhoun County	48057	227	9819	2.3
2010	Texas	Callahan County	48059	87	2119	4.1
2010	Texas	Cameron County	48061	40	124670	0.0
2010	Texas	Carson County	48065	48	4803	1.0
2010	Texas	Cass County	48067	32	7588	0.4
2010	Texas	Chambers County	48071	359	9434	3.8
2010	Texas	Cherokee County	48073	47	14735	0.3
2010	Texas	Clay County	48077	16	1585	1.0
2010	Texas	Coke County	48081	18	739	2.4
2010	Texas	Coleman County	48083	17	2191	0.8
2010	Texas	Collin County	48085	1177	285295	0.4
2010	Texas	Colorado County	48089	149	6259	2.4
2010	Texas	Comal County	48091	298	39332	0.8
2010	Texas	Cooke County	48097	1637	14835	11.0
2010	Texas	Crockett County	48105	197	1427	13.8
2010	Texas	Dallas County	48113	7624	1408829	0.5
2010	Texas	Dawson County	48115	179	4521	4.0
2010	Texas	Denton County	48121	631	171620	0.4
2010	Texas	DeWitt County	48123	143	6518	2.2
2010	Texas	Dimmit County	48127	409	3083	13.3
2010	Texas	Duval County	48131	642	3051	21.0
2010	Texas	Eastland County	48133	386	6772	5.7
2010	Texas	Ector County	48135	6376	59195	10.8
2010	Texas	Ellis County	48139	70	37655	0.2
2010	Texas	El Paso County	48141	100	270603	0.0
2010	Texas	Erath County	48143	38	15223	0.2
2010	Texas	Fannin County	48147	38	6793	0.6
2010	Texas	Fayette County	48149	271	8383	3.2
2010	Texas	Fort Bend County	48157	1780	130712	1.4
2010	Texas	Freestone County	48161	549	5772	9.5
2010	Texas	Frio County	48163	191	4859	3.9
2010	Texas	Gaines County	48165	564	4998	11.3
2010	Texas	Galveston County	48167	535	94160	0.6
2010	Texas	Garza County	48169	168	1732	9.7
2010	Texas	Gillespie County	48171	27	9122	0.3
2010	Texas	Gray County	48179	969	8170	11.9
2010	Texas	Grayson County	48181	129	41534	0.3
2010	Texas	Gregg County	48183	4009	73037	5.5
2010	Texas	Grimes County	48185	47	7255	0.6
2010	Texas	Guadalupe County	48187	55	28932	0.2
2010	Texas	Hale County	48189	23	14365	0.2
2010	Texas	Hansford County	48195	144	1983	7.3
2010	Texas	Harris County	48201	72898	1987097	3.7
2010	Texas	Harrison County	48203	2091	22256	9.4
2010	Texas	Haskell County	48207	41	1907	2.1
2010	Texas	Hays County	48209	148	48616	0.3
2010	Texas	Hemphill County	48211	301	1956	15.4
2010	Texas	Henderson County	48213	68	15878	0.4
2010	Texas	Hidalgo County	48215	1795	219373	0.8
2010	Texas	Hill County	48217	109	9161	1.2
2010	Texas	Hockley County	48219	1325	8889	14.9
2010	Texas	Hood County	48221	727	12592	5.8
2010	Texas	Hopkins County	48223	159	11461	1.4
2010	Texas	Houston County	48225	112	6503	1.7
2010	Texas	Howard County	48227	721	12078	6.0
2010	Texas	Hutchinson County	48233	1479	8418	17.6
2010	Texas	Irion County	48235	215	534	40.3
2010	Texas	Jack County	48237	708	2718	26.0
2010	Texas	Jasper County	48241	113	10257	1.1
2010	Texas	Jefferson County	48245	402	119967	0.3
2010	Texas	Jim Hogg County	48247	60	2005	3.0
2010	Texas	Jim Wells County	48249	2734	16785	16.3
2010	Texas	Johnson County	48251	1673	38813	4.3
2010	Texas	Jones County	48253	232	3851	6.0
2010	Texas	Karnes County	48255	132	3716	3.6
2010	Texas	Kaufman County	48257	48	25926	0.2
2010	Texas	Kendall County	48259	26	10654	0.2
2010	Texas	Kerr County	48265	17	17151	0.1
2010	Texas	Kleberg County	48273	267	12515	2.1
2010	Texas	Knox County	48275	122	1273	9.6
2010	Texas	Lampasas County	48281	11	4757	0.2
2010	Texas	La Salle County	48283	520	1827	28.5
2010	Texas	Lavaca County	48285	127	5909	2.1
2010	Texas	Lee County	48287	385	5515	7.0
2010	Texas	Leon County	48289	551	5313	10.4
2010	Texas	Liberty County	48291	579	16360	3.5
2010	Texas	Limestone County	48293	236	8825	2.7
2010	Texas	Lipscomb County	48295	61	1179	5.2
2010	Texas	Live Oak County	48297	322	3015	10.7
2010	Texas	Lubbock County	48303	386	122737	0.3
2010	Texas	McLennan County	48309	157	100263	0.2
2010	Texas	Marion County	48315	26	1883	1.4
2010	Texas	Martin County	48317	19	1344	1.4
2010	Texas	Mason County	48319	15	1094	1.4
2010	Texas	Matagorda County	48321	145	11014	1.3
2010	Texas	Maverick County	48323	25	16188	0.2
2010	Texas	Medina County	48325	124	8015	1.5
2010	Texas	Midland County	48329	11851	67375	17.6
2010	Texas	Milam County	48331	60	5569	1.1
2010	Texas	Mitchell County	48335	117	2409	4.9
2010	Texas	Montague County	48337	425	4753	8.9
2010	Texas	Montgomery County	48339	2637	127250	2.1
2010	Texas	Moore County	48341	202	10092	2.0
2010	Texas	Nacogdoches County	48347	71	22963	0.3
2010	Texas	Navarro County	48349	127	15671	0.8
2010	Texas	Nolan County	48353	234	6038	3.9
2010	Texas	Nueces County	48355	3532	151809	2.3
2010	Texas	Ochiltree County	48357	1130	4516	25.0
2010	Texas	Orange County	48361	293	21799	1.3
2010	Texas	Palo Pinto County	48363	692	8115	8.5
2010	Texas	Panola County	48365	1058	8766	12.1
2010	Texas	Parker County	48367	870	25605	3.4
2010	Texas	Pecos County	48371	1536	6004	25.6
2010	Texas	Polk County	48373	76	10693	0.7
2010	Texas	Potter County	48375	552	74063	0.7
2010	Texas	Randall County	48381	49	28279	0.2
2010	Texas	Reagan County	48383	416	1943	21.4
2010	Texas	Red River County	48387	37	2686	1.4
2010	Texas	Reeves County	48389	348	4008	8.7
2010	Texas	Refugio County	48391	277	2240	12.4
2010	Texas	Robertson County	48395	152	3655	4.2
2010	Texas	Rockwall County	48397	23	20918	0.1
2010	Texas	Rusk County	48401	1444	13885	10.4
2010	Texas	Sabine County	48403	103	2075	5.0
2010	Texas	San Patricio County	48409	504	17151	2.9
2010	Texas	Schleicher County	48413	126	810	15.6
2010	Texas	Scurry County	48415	1295	6434	20.1
2010	Texas	Shackelford County	48417	347	1153	30.1
2010	Texas	Shelby County	48419	197	8253	2.4
2010	Texas	Smith County	48423	1744	91332	1.9
2010	Texas	Starr County	48427	148	14088	1.1
2010	Texas	Stephens County	48429	332	3140	10.6
2010	Texas	Sterling County	48431	101	513	19.7
2010	Texas	Stonewall County	48433	66	539	12.2
2010	Texas	Sutton County	48435	563	2279	24.7
2010	Texas	Swisher County	48437	7	2081	0.3
2010	Texas	Tarrant County	48439	7098	744151	1.0
2010	Texas	Taylor County	48441	1159	56659	2.0
2010	Texas	Terry County	48445	406	3840	10.6
2010	Texas	Throckmorton County	48447	46	498	9.2
2010	Texas	Titus County	48449	449	16207	2.8
2010	Texas	Tom Green County	48451	760	44130	1.7
2010	Texas	Travis County	48453	1428	567693	0.3
2010	Texas	Upshur County	48459	161	6557	2.5
2010	Texas	Upton County	48461	503	1453	34.6
2010	Texas	Uvalde County	48463	87	9257	0.9
2010	Texas	Van Zandt County	48467	225	9741	2.3
2010	Texas	Victoria County	48469	2114	36595	5.8
2010	Texas	Walker County	48471	54	23424	0.2
2010	Texas	Waller County	48473	93	13559	0.7
2010	Texas	Ward County	48475	946	3529	26.8
2010	Texas	Washington County	48477	212	14428	1.5
2010	Texas	Webb County	48479	1384	85404	1.6
2010	Texas	Wharton County	48481	664	14480	4.6
2010	Texas	Wheeler County	48483	231	2168	10.7
2010	Texas	Wichita County	48485	1175	53114	2.2
2010	Texas	Wilbarger County	48487	36	6850	0.5
2010	Texas	Williamson County	48491	716	120860	0.6
2010	Texas	Winkler County	48495	612	2271	26.9
2010	Texas	Wise County	48497	2466	18668	13.2
2010	Texas	Yoakum County	48501	774	3280	23.6
2010	Texas	Young County	48503	797	6637	12.0
2010	Texas	Zapata County	48505	695	3662	19.0
2010	Utah		49000	10442	1150737	0.9
2010	Utah	Beaver County	49001	42	2387	1.8
2010	Utah	Box Elder County	49003	31	17322	0.2
2010	Utah	Cache County	49005	7	46486	0.0
2010	Utah	Carbon County	49007	1084	9165	11.8
2010	Utah	Davis County	49011	136	100022	0.1
2010	Utah	Duchesne County	49013	1510	7332	20.6
2010	Utah	Iron County	49021	75	14522	0.5
2010	Utah	Millard County	49027	83	4358	1.9
2010	Utah	Salt Lake County	49035	2628	557372	0.5
2010	Utah	San Juan County	49037	387	4148	9.3
2010	Utah	Sanpete County	49039	43	6485	0.7
2010	Utah	Sevier County	49041	570	7831	7.3
2010	Utah	Summit County	49043	69	20739	0.3
2010	Utah	Tooele County	49045	77	15628	0.5
2010	Utah	Uintah County	49047	2626	13280	19.8
2010	Utah	Utah County	49049	56	163367	0.0
2010	Utah	Wasatch County	49051	59	5838	1.0
2010	Utah	Washington County	49053	133	45171	0.3
2010	Vermont		50000	595	293058	0.2
2010	Vermont	Addison County	50001	15	13585	0.1
2010	Vermont	Chittenden County	50007	39	93243	0.0
2010	Vermont	Orange County	50017	11	7506	0.1
2010	Vermont	Rutland County	50021	363	27439	1.3
2010	Vermont	Washington County	50023	71	31748	0.2
2010	Vermont	Windsor County	50027	45	22611	0.2
2010	Virginia		51000	8605	3536676	0.2
2010	Virginia	Albemarle County	51003	35	48526	0.1
2010	Virginia	Augusta County	51015	48	24592	0.2
2010	Virginia	Botetourt County	51023	92	8961	1.0
2010	Virginia	Buchanan County	51027	2033	7977	25.5
2010	Virginia	Culpeper County	51047	64	14499	0.4
2010	Virginia	Dickenson County	51051	1030	3813	27.0
2010	Virginia	Fairfax County	51059	212	573551	0.0
2010	Virginia	Fauquier County	51061	51	20145	0.3
2010	Virginia	Hanover County	51085	100	44335	0.2
2010	Virginia	Lee County	51105	259	5304	4.9
2010	Virginia	Roanoke County	51161	31	34284	0.1
2010	Virginia	Rockingham County	51165	55	27650	0.2
2010	Virginia	Russell County	51167	351	7000	5.0
2010	Virginia	Tazewell County	51185	546	16699	3.3
2010	Virginia	Washington County	51191	110	19417	0.6
2010	Virginia	Wise County	51195	1818	15444	11.8
2010	Virginia	Wythe County	51197	92	11334	0.8
2010	Virginia	Chesapeake City	51550	41	94844	0.0
2010	Virginia	Norton City	51720	86	4155	2.1
2010	Washington		53000	2146	2808698	0.1
2010	Washington	Clallam County	53009	10	21884	0.0
2010	Washington	Clark County	53011	59	126733	0.0
2010	Washington	Cowlitz County	53015	140	35424	0.4
2010	Washington	Franklin County	53021	34	28934	0.1
2010	Washington	Grays Harbor County	53027	51	22528	0.2
2010	Washington	Jefferson County	53031	23	8003	0.3
2010	Washington	King County	53033	376	1116634	0.0
2010	Washington	Lewis County	53041	181	23396	0.8
2010	Washington	Okanogan County	53047	180	17311	1.0
2010	Washington	Pacific County	53049	37	5911	0.6
2010	Washington	Pend Oreille County	53051	66	2973	2.2
2010	Washington	Pierce County	53053	177	260961	0.1
2010	Washington	Skagit County	53057	38	45502	0.1
2010	Washington	Snohomish County	53061	149	239005	0.1
2010	Washington	Spokane County	53063	130	196947	0.1
2010	Washington	Stevens County	53065	60	9747	0.6
2010	Washington	Thurston County	53067	35	96749	0.0
2010	Washington	Whatcom County	53073	135	77810	0.2
2010	Washington	Yakima County	53077	51	99960	0.1
2010	West Virginia		54000	29307	692448	4.2
2010	West Virginia	Boone County	54005	3625	8616	42.1
2010	West Virginia	Cabell County	54011	70	51000	0.1
2010	West Virginia	Clay County	54015	374	1863	20.1
2010	West Virginia	Fayette County	54019	653	12197	5.4
2010	West Virginia	Grant County	54023	263	3656	7.2
2010	West Virginia	Greenbrier County	54025	64	13228	0.5
2010	West Virginia	Harrison County	54033	717	33634	2.1
2010	West Virginia	Kanawha County	54039	2409	105203	2.3
2010	West Virginia	Lewis County	54041	1097	6602	16.6
2010	West Virginia	Mercer County	54055	286	21414	1.3
2010	West Virginia	Mineral County	54057	41	7740	0.5
2010	West Virginia	Mingo County	54059	2303	8267	27.9
2010	West Virginia	Monongalia County	54061	724	51635	1.4
2010	West Virginia	Nicholas County	54067	1115	8474	13.2
2010	West Virginia	Pleasants County	54073	71	2710	2.6
2010	West Virginia	Preston County	54077	63	6772	0.9
2010	West Virginia	Putnam County	54079	61	19054	0.3
2010	West Virginia	Raleigh County	54081	2061	31501	6.5
2010	West Virginia	Tyler County	54095	34	2213	1.5
2010	West Virginia	Upshur County	54097	755	8195	9.2
2010	West Virginia	Wetzel County	54103	35	4203	0.8
2010	West Virginia	Wirt County	54105	31	692	4.5
2010	West Virginia	Wood County	54107	182	37812	0.5
2010	West Virginia	Wyoming County	54109	1192	5090	23.4
2010	Wisconsin		55000	2221	2633572	0.1
2010	Wisconsin	Brown County	55009	83	143456	0.1
2010	Wisconsin	Dane County	55025	159	295075	0.1
2010	Wisconsin	Fond Du Lac County	55039	255	42941	0.6
2010	Wisconsin	Green Lake County	55047	44	6392	0.7
2010	Wisconsin	Manitowoc County	55071	53	33371	0.2
2010	Wisconsin	Marathon County	55073	29	64645	0.0
2010	Wisconsin	Milwaukee County	55079	36	465350	0.0
2010	Wisconsin	Oconto County	55083	11	8619	0.1
2010	Wisconsin	Polk County	55095	26	14516	0.2
2010	Wisconsin	Racine County	55101	32	71081	0.0
2010	Wisconsin	Rock County	55105	100	58737	0.2
2010	Wisconsin	St. Croix County	55109	15	27950	0.1
2010	Wisconsin	Washington County	55131	64	48640	0.1
2010	Wisconsin	Waukesha County	55133	225	218776	0.1
2010	Wisconsin	Waupaca County	55135	6	19739	0.0
2010	Wyoming		56000	25098	271151	9.3
2010	Wyoming	Albany County	56001	25	15168	0.2
2010	Wyoming	Big Horn County	56003	580	4155	14.0
2010	Wyoming	Campbell County	56005	7885	27863	28.3
2010	Wyoming	Carbon County	56007	281	6734	4.2
2010	Wyoming	Converse County	56009	1036	5437	19.1
2010	Wyoming	Crook County	56011	262	2335	11.2
2010	Wyoming	Fremont County	56013	748	16442	4.5
2010	Wyoming	Johnson County	56019	170	3267	5.2
2010	Wyoming	Laramie County	56021	56	42432	0.1
2010	Wyoming	Lincoln County	56023	698	6018	11.6
2010	Wyoming	Natrona County	56025	3168	37936	8.4
2010	Wyoming	Niobrara County	56027	17	872	1.9
2010	Wyoming	Park County	56029	546	13409	4.1
2010	Wyoming	Sheridan County	56033	319	12916	2.5
2010	Wyoming	Sublette County	56035	1597	5552	28.8
2010	Wyoming	Sweetwater County	56037	5313	23668	22.4
2010	Wyoming	Teton County	56039	3	16938	0.0
2010	Wyoming	Uinta County	56041	750	9357	8.0
2010	Wyoming	Washakie County	56043	146	3948	3.7
2010	Wyoming	Weston County	56045	140	2304	6.1
2010	Puerto Rico		72000	800	930319	0.1
2010	Puerto Rico	Arecibo Municipio	72013	44	23092	0.2
2010	Puerto Rico	Cabo Rojo Municipio	72023	25	6126	0.4
2010	Puerto Rico	Guaynabo Municipio	72061	98	40910	0.2
2010	Puerto Rico	lsabela Municipio	72071	29	6515	0.4
2010	Puerto Rico	Juana Diaz Municipio	72075	110	6603	1.7
2010	Puerto Rico	Ponce Municipio	72113	37	51567	0.1
2010	Puerto Rico	San Juan Municipio	72127	12	262196	0.0
2010	Virgin Islands		78000	43	44267	0.1
2010	Virgin Islands	St. Croix	78010	43	19090	0.2