Year	State	County	FIPS	Commodity	type	Revenue
2004	CO	Arapahoe	08005	Oil & Gas	Other Revenues	160
2004	CO	Arapahoe	08005	Oil	Royalties	87.87
2004	CO	Arapahoe	08005	Oil	Royalties	435.7
2004	CO	Archuleta	08007	Oil & Gas	Other Roy Vals	325.99
2004	CO	Archuleta	08007	Gas	Royalties	9826.87
2004	CO	Archuleta	08007	Gas	Royalties	135238.58
2004	CO	Baca	08009	Oil & Gas	Other Revenues	14718.53
2004	CO	Baca	08009	Oil & Gas	Other Roy Vals	150
2004	CO	Baca	08009	Gas	Royalties	31746.27
2004	CO	Baca	08009	Oil	Royalties	158792.62
2004	CO	Bent	08011	Gas	Royalties	22794.16
2004	CO	Bent	08011	Oil	Royalties	29.4
2004	CO	Bent	08011	Oil	Royalties	10.73
2004	CO	Broomfield	08014	Gas	Royalties	230.11
2004	CO	Broomfield	08014	Oil	Royalties	121.04
2004	CO	Cheyenne	08017	Oil & Gas	Other Revenues	76.5
2004	CO	Cheyenne	08017	Gas	Royalties	10292.06
2004	CO	Cheyenne	08017	Oil	Royalties	66462.6
2004	CO	Delta	08029	Oil & Gas	Other Revenues	2280
2004	CO	Delta	08029	Gas	Royalties	9430.23
2004	CO	Delta	08029	Oil	Royalties	12.77
2004	CO	Dolores	08033	Oil & Gas	Other Revenues	41763.86
2004	CO	Dolores	08033	Oil & Gas	Other Roy Vals	30967.44
2004	CO	Dolores	08033	Gas	Royalties	16624.77
2004	CO	Dolores	08033	Gas	Royalties	77469.12
2004	CO	Dolores	08033	Gas	Royalties	118746.55
2004	CO	Dolores	08033	Oil	Royalties	2127.66
2004	CO	Dolores	08033	Oil	Royalties	231163.35
2004	CO	Dolores	08033	Other	Royalties	952516.85
2004	CO	Garfield	08045	Oil & Gas	Other Revenues	52664.11
2004	CO	Garfield	08045	Oil & Gas	Other Roy Vals	2165160.69
2004	CO	Garfield	08045	Coal	Royalties	3102.81
2004	CO	Garfield	08045	Gas	Royalties	225303.75
2004	CO	Garfield	08045	Gas	Royalties	2694.15
2004	CO	Garfield	08045	Gas	Royalties	110343.45
2004	CO	Garfield	08045	Gas	Royalties	34398559.39
2004	CO	Garfield	08045	Oil	Royalties	957037.27
2004	CO	Garfield	08045	Oil	Royalties	44134.91
2004	CO	Gunnison	08051	Oil & Gas	Other Revenues	11215.97
2004	CO	Gunnison	08051	Coal	Royalties	-2173166.12
2004	CO	Gunnison	08051	Gas	Royalties	3344.36
2004	CO	Gunnison	08051	Gas	Royalties	35366.08
2004	CO	Gunnison	08051	Oil	Royalties	696.78
2004	CO	Gunnison	08051	Solids	Royalties	-5557222.32
2004	CO	Huerfano	08055	Oil & Gas	Other Revenues	160
2004	CO	Huerfano	08055	Other	Royalties	516898.25
2004	CO	Jackson	08057	Oil & Gas	Other Revenues	450.67
2004	CO	Jackson	08057	Oil	Royalties	245826.36
2004	CO	Jackson	08057	Other	Royalties	31970.45
2004	CO	Kiowa	08061	Oil & Gas	Other Roy Vals	-75
2004	CO	Kiowa	08061	Gas	Royalties	16564.45
2004	CO	Kiowa	08061	Oil	Royalties	173.4
2004	CO	Kiowa	08061	Oil	Royalties	25616.5
2004	CO	La Plata	08067	Oil & Gas	Other Revenues	-480
2004	CO	La Plata	08067	Oil & Gas	Other Roy Vals	72634.47
2004	CO	La Plata	08067	Coal	Royalties	-9019.74
2004	CO	La Plata	08067	Gas	Royalties	3483203.51
2004	CO	La Plata	08067	Gas	Royalties	1228.72
2004	CO	La Plata	08067	Gas	Royalties	5875.84
2004	CO	La Plata	08067	Gas	Royalties	2491195.09
2004	CO	Larimer	08069	Oil	Royalties	6721.91
2004	CO	Las Animas	08071	Oil & Gas	Other Roy Vals	75193
2004	CO	Las Animas	08071	Gas	Royalties	59020.81
2004	CO	Las Animas	08071	Gas	Royalties	1888209.11
2004	CO	Logan	08075	Oil	Royalties	9675.8
2004	CO	Mesa	08077	Oil & Gas	Other Revenues	57192.27
2004	CO	Mesa	08077	Oil & Gas	Other Roy Vals	299507.11
2004	CO	Mesa	08077	Gas	Royalties	6721.43
2004	CO	Mesa	08077	Gas	Royalties	161671.56
2004	CO	Mesa	08077	Gas	Royalties	1698839.13
2004	CO	Mesa	08077	Oil	Royalties	1512.33
2004	CO	Mesa	08077	Oil	Royalties	6965.67
2004	CO	Moffat	08081	Oil & Gas	Other Revenues	17368.16
2004	CO	Moffat	08081	Oil & Gas	Other Roy Vals	331036.45
2004	CO	Moffat	08081	Coal	Royalties	-2100588.06
2004	CO	Moffat	08081	Gas	Royalties	110962.86
2004	CO	Moffat	08081	Gas	Royalties	1829736.59
2004	CO	Moffat	08081	Gas	Royalties	7732933.16
2004	CO	Moffat	08081	Oil	Royalties	167608.69
2004	CO	Moffat	08081	Oil	Royalties	747935.66
2004	CO	Moffat	08081	Solids	Royalties	-846126.56
2004	CO	Montezuma	08083	Oil & Gas	Other Revenues	1504.44
2004	CO	Montezuma	08083	Oil & Gas	Other Roy Vals	179556.81
2004	CO	Montezuma	08083	Gas	Royalties	222495.69
2004	CO	Montezuma	08083	Gas	Royalties	585803.32
2004	CO	Montezuma	08083	Gas	Royalties	16893.14
2004	CO	Montezuma	08083	Oil	Royalties	5467.28
2004	CO	Montezuma	08083	Oil	Royalties	895429.91
2004	CO	Montezuma	08083	Other	Royalties	11623220.43
2004	CO	Morgan	08087	Oil & Gas	Other Revenues	354
2004	CO	Morgan	08087	Oil	Royalties	1856.57
2004	CO	Pitkin	08097	Oil & Gas	Other Revenues	26458.23
2004	CO	Prowers	08099	Gas	Royalties	5027.51
2004	CO	Rio Blanco	08103	Oil & Gas	Other Revenues	61595.14
2004	CO	Rio Blanco	08103	Sodium	Other Revenues	102491
2004	CO	Rio Blanco	08103	Oil & Gas	Other Roy Vals	954014.51
2004	CO	Rio Blanco	08103	Coal	Royalties	59676.28
2004	CO	Rio Blanco	08103	Gas	Royalties	431.38
2004	CO	Rio Blanco	08103	Gas	Royalties	1709743.98
2004	CO	Rio Blanco	08103	Gas	Royalties	11338060.41
2004	CO	Rio Blanco	08103	Gas	Royalties	4830552.82
2004	CO	Rio Blanco	08103	Oil	Royalties	764515.29
2004	CO	Rio Blanco	08103	Oil	Royalties	12612198.05
2004	CO	Rio Blanco	08103	Sodium	Royalties	-127123.91
2004	CO	Rio Blanco	08103	Sodium	Royalties	-28843.19
2004	CO	Routt	08107	Oil & Gas	Other Roy Vals	800
2004	CO	Routt	08107	Coal	Royalties	-527491.56
2004	CO	Routt	08107	Oil	Royalties	55682.26
2004	CO	San Miguel	08113	Oil & Gas	Other Revenues	1379.46
2004	CO	San Miguel	08113	Oil & Gas	Other Roy Vals	-282285
2004	CO	San Miguel	08113	Gas	Royalties	30513.33
2004	CO	San Miguel	08113	Gas	Royalties	172691.54
2004	CO	San Miguel	08113	Gas	Royalties	9951369.17
2004	CO	San Miguel	08113	Oil	Royalties	91727.04
2004	CO	San Miguel	08113	Oil	Royalties	2010.22
2004	CO	Washington	08121	Gas	Royalties	1505.04
2004	CO	Washington	08121	Gas	Royalties	33012.9
2004	CO	Washington	08121	Oil	Royalties	29725.66
2004	CO	Weld	08123	Oil & Gas	Other Revenues	3466.18
2004	CO	Weld	08123	Oil & Gas	Other Roy Vals	19318.02
2004	CO	Weld	08123	Gas	Royalties	92928.97
2004	CO	Weld	08123	Gas	Royalties	572520.73
2004	CO	Weld	08123	Gas	Royalties	460295.78
2004	CO	Weld	08123	Oil	Royalties	32794.59
2004	CO	Weld	08123	Oil	Royalties	627909.47
2004	CO	Yuma	08125	Oil & Gas	Other Revenues	926
2004	CO	Yuma	08125	Oil & Gas	Other Roy Vals	-6000
2004	CO	Yuma	08125	Gas	Royalties	475142.64
2005	CO	Arapahoe	08005	Oil	Royalties	247.68
2005	CO	Arapahoe	08005	Oil	Royalties	652.79
2005	CO	Archuleta	08007	Oil & Gas	Other Revenues	9606.37
2005	CO	Archuleta	08007	Oil & Gas	Other Roy Vals	509.55
2005	CO	Archuleta	08007	Gas	Royalties	12416.21
2005	CO	Archuleta	08007	Gas	Royalties	199819.62
2005	CO	Baca	08009	Oil & Gas	Other Revenues	7857.38
2005	CO	Baca	08009	Oil & Gas	Other Roy Vals	229
2005	CO	Baca	08009	Gas	Royalties	22332.66
2005	CO	Baca	08009	Oil	Royalties	269361.44
2005	CO	Bent	08011	Gas	Royalties	27461.26
2005	CO	Bent	08011	Oil	Royalties	8.36
2005	CO	Broomfield	08014	Gas	Royalties	278.51
2005	CO	Broomfield	08014	Oil	Royalties	133.98
2005	CO	Cheyenne	08017	Oil & Gas	Other Revenues	76.5
2005	CO	Cheyenne	08017	Oil & Gas	Other Roy Vals	1875
2005	CO	Cheyenne	08017	Gas	Royalties	12773.74
2005	CO	Cheyenne	08017	Oil	Royalties	79775.24
2005	CO	Delta	08029	Oil & Gas	Other Revenues	-305.63
2005	CO	Delta	08029	Gas	Royalties	842.38
2005	CO	Delta	08029	Gas	Royalties	890.69
2005	CO	Dolores	08033	Oil & Gas	Other Revenues	39358.84
2005	CO	Dolores	08033	Oil & Gas	Other Roy Vals	-8038.22
2005	CO	Dolores	08033	Gas	Royalties	106464.52
2005	CO	Dolores	08033	Gas	Royalties	221683.49
2005	CO	Dolores	08033	Gas	Royalties	145682.11
2005	CO	Dolores	08033	Oil	Royalties	1371.75
2005	CO	Dolores	08033	Oil	Royalties	315473.92
2005	CO	Dolores	08033	Other	Royalties	1374346.48
2005	CO	Garfield	08045	Oil & Gas	Other Revenues	44375.79
2005	CO	Garfield	08045	Oil & Gas	Other Roy Vals	868060.86
2005	CO	Garfield	08045	Gas	Royalties	181013.95
2005	CO	Garfield	08045	Gas	Royalties	5957.9
2005	CO	Garfield	08045	Gas	Royalties	862213.57
2005	CO	Garfield	08045	Gas	Royalties	69837763.4
2005	CO	Garfield	08045	Oil	Royalties	1504432.3
2005	CO	Garfield	08045	Oil	Royalties	107416.27
2005	CO	Garfield	08045	Other	Royalties	11791.98
2005	CO	Gunnison	08051	Oil & Gas	Other Revenues	8153.61
2005	CO	Gunnison	08051	Gas	Royalties	3044.12
2005	CO	Gunnison	08051	Oil	Royalties	-386.19
2005	CO	Huerfano	08055	Oil & Gas	Other Revenues	708
2005	CO	Huerfano	08055	Other	Royalties	430811.33
2005	CO	Jackson	08057	Oil & Gas	Other Revenues	77
2005	CO	Jackson	08057	Oil	Royalties	288877.11
2005	CO	Jackson	08057	Other	Royalties	39058.95
2005	CO	Kiowa	08061	Oil & Gas	Other Revenues	202.25
2005	CO	Kiowa	08061	Gas	Royalties	19452.84
2005	CO	Kiowa	08061	Oil	Royalties	25604.88
2005	CO	La Plata	08067	Oil & Gas	Other Revenues	1097.16
2005	CO	La Plata	08067	Oil & Gas	Other Roy Vals	459006.67
2005	CO	La Plata	08067	Gas	Royalties	4893971.91
2005	CO	La Plata	08067	Gas	Royalties	1401.45
2005	CO	La Plata	08067	Gas	Royalties	10331.54
2005	CO	La Plata	08067	Gas	Royalties	3558096.08
2005	CO	Larimer	08069	Oil	Royalties	8542.18
2005	CO	Las Animas	08071	Oil & Gas	Other Roy Vals	80125
2005	CO	Las Animas	08071	Gas	Royalties	70339.14
2005	CO	Las Animas	08071	Gas	Royalties	2203583.05
2005	CO	Logan	08075	Oil	Royalties	15132.22
2005	CO	Mesa	08077	Oil & Gas	Other Revenues	49517.87
2005	CO	Mesa	08077	Oil & Gas	Other Roy Vals	-448738.84
2005	CO	Mesa	08077	Gas	Royalties	14773.86
2005	CO	Mesa	08077	Gas	Royalties	91384.68
2005	CO	Mesa	08077	Gas	Royalties	1898349.75
2005	CO	Mesa	08077	Gas	Royalties	3684397.41
2005	CO	Mesa	08077	Oil	Royalties	58573.08
2005	CO	Mesa	08077	Oil	Royalties	19157.66
2005	CO	Mesa	08077	Oil	Royalties	4542.11
2005	CO	Moffat	08081	Oil & Gas	Other Revenues	14042.86
2005	CO	Moffat	08081	Oil & Gas	Other Roy Vals	889911.85
2005	CO	Moffat	08081	Gas	Royalties	18.6
2005	CO	Moffat	08081	Gas	Royalties	384290.47
2005	CO	Moffat	08081	Gas	Royalties	7576968.89
2005	CO	Moffat	08081	Gas	Royalties	6034644.28
2005	CO	Moffat	08081	Oil	Royalties	245610.88
2005	CO	Moffat	08081	Oil	Royalties	1332.08
2005	CO	Moffat	08081	Oil	Royalties	980117.46
2005	CO	Montezuma	08083	Oil & Gas	Other Revenues	2187.05
2005	CO	Montezuma	08083	Oil & Gas	Other Roy Vals	4696721.93
2005	CO	Montezuma	08083	Gas	Royalties	305362.46
2005	CO	Montezuma	08083	Gas	Royalties	706665.01
2005	CO	Montezuma	08083	Gas	Royalties	23934.83
2005	CO	Montezuma	08083	Oil	Royalties	6675.82
2005	CO	Montezuma	08083	Oil	Royalties	1279673.87
2005	CO	Montezuma	08083	Other	Royalties	17347613.57
2005	CO	Morgan	08087	Gas	Royalties	2939.1
2005	CO	Morgan	08087	Oil	Royalties	2130.95
2005	CO	Pitkin	08097	Oil & Gas	Other Revenues	27129.82
2005	CO	Prowers	08099	Gas	Royalties	2541.92
2005	CO	Rio Blanco	08103	Oil & Gas	Other Revenues	30652.53
2005	CO	Rio Blanco	08103	Oil Shale	Other Revenues	30000
2005	CO	Rio Blanco	08103	Sodium	Other Revenues	6561
2005	CO	Rio Blanco	08103	Oil & Gas	Other Roy Vals	200037.67
2005	CO	Rio Blanco	08103	Gas	Royalties	2133594.71
2005	CO	Rio Blanco	08103	Gas	Royalties	12280470.09
2005	CO	Rio Blanco	08103	Gas	Royalties	8157949.33
2005	CO	Rio Blanco	08103	Oil	Royalties	383535.65
2005	CO	Rio Blanco	08103	Oil	Royalties	18081001.54
2005	CO	Routt	08107	Oil & Gas	Other Roy Vals	177
2005	CO	Routt	08107	Oil	Royalties	83985.49
2005	CO	Routt	08107	Solids	Royalties	-0.01
2005	CO	San Miguel	08113	Oil & Gas	Other Revenues	40
2005	CO	San Miguel	08113	Oil & Gas	Other Roy Vals	-104950
2005	CO	San Miguel	08113	Gas	Royalties	26237
2005	CO	San Miguel	08113	Gas	Royalties	164264.74
2005	CO	San Miguel	08113	Gas	Royalties	13553158.45
2005	CO	San Miguel	08113	Oil	Royalties	70768.74
2005	CO	San Miguel	08113	Oil	Royalties	2183.37
2005	CO	Washington	08121	Gas	Royalties	2223.43
2005	CO	Washington	08121	Gas	Royalties	42953.94
2005	CO	Washington	08121	Oil	Royalties	39818.93
2005	CO	Weld	08123	Oil & Gas	Other Roy Vals	20448.53
2005	CO	Weld	08123	Gas	Royalties	154123.53
2005	CO	Weld	08123	Gas	Royalties	811038.38
2005	CO	Weld	08123	Gas	Royalties	704412.35
2005	CO	Weld	08123	Oil	Royalties	49374.9
2005	CO	Weld	08123	Oil	Royalties	821433.35
2005	CO	Yuma	08125	Oil & Gas	Other Revenues	-814
2005	CO	Yuma	08125	Oil & Gas	Other Roy Vals	-75452.5
2005	CO	Yuma	08125	Gas	Royalties	578495.45
2006	CO	Arapahoe	08005	Oil	Royalties	115.36
2006	CO	Arapahoe	08005	Oil	Royalties	641.33
2006	CO	Archuleta	08007	Oil & Gas	Other Revenues	1440
2006	CO	Archuleta	08007	Oil & Gas	Other Roy Vals	-540
2006	CO	Archuleta	08007	Gas	Royalties	6240.71
2006	CO	Archuleta	08007	Gas	Royalties	190678.98
2006	CO	Baca	08009	Oil & Gas	Other Revenues	7339.78
2006	CO	Baca	08009	Oil & Gas	Other Roy Vals	-482
2006	CO	Baca	08009	Gas	Royalties	24396.22
2006	CO	Baca	08009	Oil	Royalties	206712.68
2006	CO	Bent	08011	Gas	Royalties	18241.49
2006	CO	Broomfield	08014	Gas	Royalties	333.52
2006	CO	Broomfield	08014	Oil	Royalties	171.54
2006	CO	Cheyenne	08017	Oil & Gas	Other Revenues	76.5
2006	CO	Cheyenne	08017	Gas	Royalties	13454.37
2006	CO	Cheyenne	08017	Oil	Royalties	91901.65
2006	CO	Delta	08029	Oil & Gas	Other Revenues	2280
2006	CO	Delta	08029	Oil & Gas	Other Roy Vals	2500
2006	CO	Delta	08029	Gas	Royalties	5183.86
2006	CO	Delta	08029	Gas	Royalties	-502.4
2006	CO	Delta	08029	Oil	Royalties	713.85
2006	CO	Dolores	08033	Oil & Gas	Other Revenues	43744.06
2006	CO	Dolores	08033	Oil & Gas	Other Roy Vals	33737.39
2006	CO	Dolores	08033	Gas	Royalties	160595.12
2006	CO	Dolores	08033	Gas	Royalties	443253.78
2006	CO	Dolores	08033	Gas	Royalties	161709.15
2006	CO	Dolores	08033	Oil	Royalties	1161.78
2006	CO	Dolores	08033	Oil	Royalties	337008.79
2006	CO	Dolores	08033	Other	Royalties	1731143.27
2006	CO	Garfield	08045	Oil	Other Revenues	-5.46
2006	CO	Garfield	08045	Oil & Gas	Other Revenues	40529.81
2006	CO	Garfield	08045	Oil & Gas	Other Roy Vals	558956.32
2006	CO	Garfield	08045	Gas	Royalties	22160
2006	CO	Garfield	08045	Gas	Royalties	640429.05
2006	CO	Garfield	08045	Gas	Royalties	25533770.17
2006	CO	Garfield	08045	Gas	Royalties	63194086.11
2006	CO	Garfield	08045	Oil	Royalties	2112074.87
2006	CO	Garfield	08045	Oil	Royalties	193042.23
2006	CO	Garfield	08045	Oil	Royalties	356577.23
2006	CO	Garfield	08045	Other	Royalties	6608.21
2006	CO	Gunnison	08051	Oil & Gas	Other Revenues	13181
2006	CO	Gunnison	08051	Oil & Gas	Other Roy Vals	1100
2006	CO	Gunnison	08051	Gas	Royalties	42349.52
2006	CO	Gunnison	08051	Oil	Royalties	1672.82
2006	CO	Gunnison	08051	Oil & Gas	Royalties	-0.2
2006	CO	Huerfano	08055	Other	Royalties	590682.21
2006	CO	Jackson	08057	Oil & Gas	Other Revenues	147
2006	CO	Jackson	08057	Oil	Royalties	486150.78
2006	CO	Jackson	08057	Other	Royalties	60984.75
2006	CO	Kiowa	08061	Oil & Gas	Other Revenues	400
2006	CO	Kiowa	08061	Gas	Royalties	17589.6
2006	CO	Kiowa	08061	Oil	Royalties	28082.04
2006	CO	La Plata	08067	Oil & Gas	Other Revenues	34.64
2006	CO	La Plata	08067	Oil & Gas	Other Roy Vals	-218268.46
2006	CO	La Plata	08067	Gas	Royalties	3879814.33
2006	CO	La Plata	08067	Gas	Royalties	1932.87
2006	CO	La Plata	08067	Gas	Royalties	9376.46
2006	CO	La Plata	08067	Gas	Royalties	5490773.25
2006	CO	Larimer	08069	Oil	Royalties	10159.4
2006	CO	Las Animas	08071	Oil & Gas	Other Roy Vals	-22145
2006	CO	Las Animas	08071	Gas	Royalties	1403801.48
2006	CO	Las Animas	08071	Gas	Royalties	87042.37
2006	CO	Las Animas	08071	Gas	Royalties	868432.55
2006	CO	Logan	08075	Oil	Royalties	16094.77
2006	CO	Mesa	08077	Oil	Other Revenues	-14.92
2006	CO	Mesa	08077	Oil & Gas	Other Revenues	60760.35
2006	CO	Mesa	08077	Oil & Gas	Other Roy Vals	75693.86
2006	CO	Mesa	08077	Gas	Royalties	2530.13
2006	CO	Mesa	08077	Gas	Royalties	77080.96
2006	CO	Mesa	08077	Gas	Royalties	2241807.34
2006	CO	Mesa	08077	Gas	Royalties	2929823.82
2006	CO	Mesa	08077	Oil	Royalties	94487.11
2006	CO	Mesa	08077	Oil	Royalties	6882.46
2006	CO	Mesa	08077	Oil	Royalties	3614.21
2006	CO	Moffat	08081	Oil	Other Revenues	-160
2006	CO	Moffat	08081	Oil & Gas	Other Revenues	21421.63
2006	CO	Moffat	08081	Oil & Gas	Other Roy Vals	-600129.23
2006	CO	Moffat	08081	Coal	Royalties	-0.1
2006	CO	Moffat	08081	Gas	Royalties	365005.42
2006	CO	Moffat	08081	Gas	Royalties	5106591.16
2006	CO	Moffat	08081	Gas	Royalties	8723247.53
2006	CO	Moffat	08081	Oil	Royalties	333300.18
2006	CO	Moffat	08081	Oil	Royalties	1043535.46
2006	CO	Moffat	08081	Oil & Gas	Royalties	-0.02
2006	CO	Montezuma	08083	Oil & Gas	Other Revenues	6604.98
2006	CO	Montezuma	08083	Oil & Gas	Other Roy Vals	-11099.17
2006	CO	Montezuma	08083	Gas	Royalties	282808.18
2006	CO	Montezuma	08083	Gas	Royalties	531259.05
2006	CO	Montezuma	08083	Gas	Royalties	13496.4
2006	CO	Montezuma	08083	Oil	Royalties	15721.2
2006	CO	Montezuma	08083	Oil	Royalties	1562060.62
2006	CO	Montezuma	08083	Oil & Gas	Royalties	-76.96
2006	CO	Montezuma	08083	Other	Royalties	21890230.35
2006	CO	Morgan	08087	Oil & Gas	Other Revenues	406
2006	CO	Morgan	08087	Oil	Royalties	8844.14
2006	CO	Pitkin	08097	Oil & Gas	Other Revenues	28096.12
2006	CO	Prowers	08099	Gas	Royalties	2828.12
2006	CO	Rio Blanco	08103	Oil	Other Revenues	-5
2006	CO	Rio Blanco	08103	Oil & Gas	Other Revenues	39177.19
2006	CO	Rio Blanco	08103	Oil Shale	Other Revenues	20000
2006	CO	Rio Blanco	08103	Sodium	Other Revenues	6561
2006	CO	Rio Blanco	08103	Oil & Gas	Other Roy Vals	51467.69
2006	CO	Rio Blanco	08103	Gas	Royalties	848102.03
2006	CO	Rio Blanco	08103	Gas	Royalties	2845044.68
2006	CO	Rio Blanco	08103	Gas	Royalties	14096668.27
2006	CO	Rio Blanco	08103	Gas	Royalties	11571839.77
2006	CO	Rio Blanco	08103	Oil	Royalties	643526.82
2006	CO	Rio Blanco	08103	Oil	Royalties	3887.63
2006	CO	Rio Blanco	08103	Oil	Royalties	25333464.22
2006	CO	Routt	08107	Oil	Royalties	100432.15
2006	CO	San Miguel	08113	Oil & Gas	Other Revenues	872.1
2006	CO	San Miguel	08113	Gas	Royalties	22769.06
2006	CO	San Miguel	08113	Gas	Royalties	110805.75
2006	CO	San Miguel	08113	Gas	Royalties	13625097.9
2006	CO	San Miguel	08113	Oil	Royalties	65991.12
2006	CO	San Miguel	08113	Oil	Royalties	1412.69
2006	CO	Washington	08121	Gas	Royalties	1289.56
2006	CO	Washington	08121	Gas	Royalties	69126.51
2006	CO	Washington	08121	Oil	Royalties	43360.6
2006	CO	Weld	08123	Oil & Gas	Other Revenues	676.32
2006	CO	Weld	08123	Oil & Gas	Other Roy Vals	25292.32
2006	CO	Weld	08123	Gas	Royalties	192729.49
2006	CO	Weld	08123	Gas	Royalties	693821.84
2006	CO	Weld	08123	Gas	Royalties	410400.76
2006	CO	Weld	08123	Oil	Royalties	75191.06
2006	CO	Weld	08123	Oil	Royalties	774949.19
2006	CO	Weld	08123	Oil & Gas	Royalties	-122.08
2006	CO	Yuma	08125	Gas	Royalties	557635.23
2007	CO	Arapahoe	08005	Oil	Royalties	125.01
2007	CO	Arapahoe	08005	Oil	Royalties	483.01
2007	CO	Archuleta	08007	Oil & Gas	Other Revenues	1366
2007	CO	Archuleta	08007	Oil & Gas	Other Roy Vals	-1581.94
2007	CO	Archuleta	08007	Gas	Royalties	84.75
2007	CO	Archuleta	08007	Gas	Royalties	179609.07
2007	CO	Baca	08009	Oil & Gas	Other Revenues	5996.83
2007	CO	Baca	08009	Gas	Royalties	28959.64
2007	CO	Baca	08009	Oil	Royalties	211582.97
2007	CO	Bent	08011	Gas	Royalties	31531.98
2007	CO	Bent	08011	Oil	Royalties	101.67
2007	CO	Broomfield	08014	Gas	Royalties	174.03
2007	CO	Broomfield	08014	Oil	Royalties	103.29
2007	CO	Cheyenne	08017	Gas	Royalties	8570.31
2007	CO	Cheyenne	08017	Oil	Royalties	72228.61
2007	CO	Delta	08029	Oil & Gas	Other Revenues	320
2007	CO	Delta	08029	Oil & Gas	Other Roy Vals	-2575.06
2007	CO	Dolores	08033	Oil & Gas	Other Revenues	41981.3
2007	CO	Dolores	08033	Oil & Gas	Other Roy Vals	8515.56
2007	CO	Dolores	08033	Gas	Royalties	143102.95
2007	CO	Dolores	08033	Gas	Royalties	366698.1
2007	CO	Dolores	08033	Gas	Royalties	191867.61
2007	CO	Dolores	08033	Oil	Royalties	3114.68
2007	CO	Dolores	08033	Oil	Royalties	369403.9
2007	CO	Dolores	08033	Other	Royalties	1672535.56
2007	CO	Garfield	08045	Oil & Gas	Other Revenues	48177.41
2007	CO	Garfield	08045	Oil & Gas	Other Roy Vals	1412502.25
2007	CO	Garfield	08045	Gas	Royalties	71213.43
2007	CO	Garfield	08045	Gas	Royalties	1223628.05
2007	CO	Garfield	08045	Gas	Royalties	36449583.71
2007	CO	Garfield	08045	Gas	Royalties	35554113.72
2007	CO	Garfield	08045	Oil	Royalties	1783487.23
2007	CO	Garfield	08045	Oil	Royalties	319961.17
2007	CO	Garfield	08045	Oil	Royalties	712465.86
2007	CO	Garfield	08045	Other	Royalties	4131.63
2007	CO	Gunnison	08051	Oil & Gas	Other Revenues	-1150
2007	CO	Gunnison	08051	Oil & Gas	Other Roy Vals	27875.06
2007	CO	Gunnison	08051	Coal	Royalties	27121.87
2007	CO	Gunnison	08051	Coal	Royalties	-218553.06
2007	CO	Gunnison	08051	Gas	Royalties	60329.66
2007	CO	Gunnison	08051	Gas	Royalties	37539.67
2007	CO	Huerfano	08055	Other	Royalties	370622.11
2007	CO	Jackson	08057	Oil & Gas	Other Revenues	4835
2007	CO	Jackson	08057	Oil	Royalties	431325.86
2007	CO	Jackson	08057	Other	Royalties	101739.59
2007	CO	Kiowa	08061	Gas	Royalties	14619.54
2007	CO	Kiowa	08061	Oil	Royalties	32296.39
2007	CO	La Plata	08067	Oil & Gas	Other Revenues	40
2007	CO	La Plata	08067	Oil & Gas	Other Roy Vals	-170871.5
2007	CO	La Plata	08067	Gas	Royalties	2473014.17
2007	CO	La Plata	08067	Gas	Royalties	325.52
2007	CO	La Plata	08067	Gas	Royalties	-1012.71
2007	CO	La Plata	08067	Gas	Royalties	5401455.08
2007	CO	Larimer	08069	Oil	Royalties	10551.35
2007	CO	Las Animas	08071	Oil & Gas	Other Roy Vals	49270
2007	CO	Las Animas	08071	Gas	Royalties	2462390.78
2007	CO	Las Animas	08071	Gas	Royalties	44660.11
2007	CO	Logan	08075	Oil	Royalties	21058.05
2007	CO	Mesa	08077	Oil & Gas	Other Revenues	56947.3
2007	CO	Mesa	08077	Oil & Gas	Other Roy Vals	548957.88
2007	CO	Mesa	08077	Gas	Royalties	95.29
2007	CO	Mesa	08077	Gas	Royalties	117182.9
2007	CO	Mesa	08077	Gas	Royalties	2661046.01
2007	CO	Mesa	08077	Gas	Royalties	6159179.19
2007	CO	Mesa	08077	Oil	Royalties	172571.57
2007	CO	Mesa	08077	Oil	Royalties	5735.99
2007	CO	Mesa	08077	Oil	Royalties	20466.49
2007	CO	Moffat	08081	Coal	Other Revenues	-5623.23
2007	CO	Moffat	08081	Oil & Gas	Other Revenues	21727
2007	CO	Moffat	08081	Oil & Gas	Other Roy Vals	-186347.85
2007	CO	Moffat	08081	Gas	Royalties	685.21
2007	CO	Moffat	08081	Gas	Royalties	602708.98
2007	CO	Moffat	08081	Gas	Royalties	2847193.89
2007	CO	Moffat	08081	Gas	Royalties	4993585.61
2007	CO	Moffat	08081	Oil	Royalties	339984.34
2007	CO	Moffat	08081	Oil	Royalties	1020255.05
2007	CO	Montezuma	08083	Oil & Gas	Other Revenues	6273.28
2007	CO	Montezuma	08083	Oil & Gas	Other Roy Vals	84882.06
2007	CO	Montezuma	08083	Gas	Royalties	202603.31
2007	CO	Montezuma	08083	Gas	Royalties	211258.93
2007	CO	Montezuma	08083	Gas	Royalties	53930.6
2007	CO	Montezuma	08083	Oil	Royalties	15661.86
2007	CO	Montezuma	08083	Oil	Royalties	1349765.79
2007	CO	Montezuma	08083	Other	Royalties	20600843.37
2007	CO	Morgan	08087	Oil & Gas	Other Revenues	406
2007	CO	Morgan	08087	Oil	Royalties	9074.78
2007	CO	Pitkin	08097	Oil & Gas	Other Revenues	31053.84
2007	CO	Pitkin	08097	Coal	Royalties	-22170.65
2007	CO	Prowers	08099	Gas	Royalties	1673.15
2007	CO	Rio Blanco	08103	Oil & Gas	Other Revenues	36668.34
2007	CO	Rio Blanco	08103	Sodium	Other Revenues	6561
2007	CO	Rio Blanco	08103	Oil & Gas	Other Roy Vals	598699.17
2007	CO	Rio Blanco	08103	Gas	Royalties	553775.43
2007	CO	Rio Blanco	08103	Gas	Royalties	3085611.7
2007	CO	Rio Blanco	08103	Gas	Royalties	11719128.32
2007	CO	Rio Blanco	08103	Gas	Royalties	7197418.85
2007	CO	Rio Blanco	08103	Oil	Royalties	749907.67
2007	CO	Rio Blanco	08103	Oil	Royalties	18820.72
2007	CO	Rio Blanco	08103	Oil	Royalties	26863905.37
2007	CO	Rio Blanco	08103	Solids	Royalties	-0.04
2007	CO	Routt	08107	Oil	Royalties	97396.55
2007	CO	Routt	08107	Solids	Royalties	-5.46
2007	CO	San Miguel	08113	Oil & Gas	Other Revenues	2500
2007	CO	San Miguel	08113	Oil & Gas	Other Roy Vals	198900
2007	CO	San Miguel	08113	Gas	Royalties	3164.41
2007	CO	San Miguel	08113	Gas	Royalties	13105.74
2007	CO	San Miguel	08113	Gas	Royalties	9770765.57
2007	CO	San Miguel	08113	Oil	Royalties	31478.1
2007	CO	Washington	08121	Oil & Gas	Other Roy Vals	2710
2007	CO	Washington	08121	Gas	Royalties	1305.73
2007	CO	Washington	08121	Gas	Royalties	56769.61
2007	CO	Washington	08121	Oil	Royalties	49536.76
2007	CO	Weld	08123	Oil & Gas	Other Revenues	684
2007	CO	Weld	08123	Oil & Gas	Other Roy Vals	5597.08
2007	CO	Weld	08123	Gas	Royalties	278274.99
2007	CO	Weld	08123	Gas	Royalties	372610.92
2007	CO	Weld	08123	Gas	Royalties	253454.29
2007	CO	Weld	08123	Oil	Royalties	77573.32
2007	CO	Weld	08123	Oil	Royalties	665431.55
2007	CO	Yuma	08125	Oil & Gas	Other Roy Vals	10650
2007	CO	Yuma	08125	Gas	Royalties	707366.87
2008	CO	Arapahoe	08005	Oil & Gas	Other Revenues	88
2008	CO	Arapahoe	08005	Oil	Royalties	231.96
2008	CO	Arapahoe	08005	Oil	Royalties	482.79
2008	CO	Archuleta	08007	Oil & Gas	Other Revenues	4006
2008	CO	Archuleta	08007	Oil & Gas	Other Roy Vals	5132.41
2008	CO	Archuleta	08007	Gas	Royalties	238659.33
2008	CO	Baca	08009	Oil & Gas	Other Roy Vals	-10
2008	CO	Baca	08009	Gas	Royalties	39042.51
2008	CO	Baca	08009	Oil	Royalties	281967.88
2008	CO	Bent	08011	Gas	Royalties	20886.84
2008	CO	Broomfield	08014	Gas	Royalties	246.83
2008	CO	Broomfield	08014	Oil	Royalties	179.65
2008	CO	Cheyenne	08017	Oil & Gas	Other Revenues	126.5
2008	CO	Cheyenne	08017	Gas	Royalties	14592
2008	CO	Cheyenne	08017	Oil	Royalties	83121.39
2008	CO	Delta	08029	Oil & Gas	Other Revenues	1573.48
2008	CO	Delta	08029	Oil & Gas	Other Roy Vals	4062.58
2008	CO	Delta	08029	Coal	Royalties	175.01
2008	CO	Delta	08029	Gas	Royalties	1015
2008	CO	Delta	08029	Gas	Royalties	25764.83
2008	CO	Dolores	08033	Oil & Gas	Other Revenues	114308.5
2008	CO	Dolores	08033	Oil & Gas	Other Roy Vals	51096.18
2008	CO	Dolores	08033	Gas	Royalties	167802.74
2008	CO	Dolores	08033	Gas	Royalties	488201.14
2008	CO	Dolores	08033	Gas	Royalties	215189.35
2008	CO	Dolores	08033	Oil	Royalties	2141.74
2008	CO	Dolores	08033	Oil	Royalties	425786.03
2008	CO	Dolores	08033	Other	Royalties	8622329.59
2008	CO	Garfield	08045	Oil & Gas	Other Revenues	31322.43
2008	CO	Garfield	08045	Oil & Gas	Other Roy Vals	208142.02
2008	CO	Garfield	08045	Gas	Royalties	60958.68
2008	CO	Garfield	08045	Gas	Royalties	3802156.63
2008	CO	Garfield	08045	Gas	Royalties	82502978.67
2008	CO	Garfield	08045	Gas	Royalties	43785803.98
2008	CO	Garfield	08045	Oil	Royalties	3384565.19
2008	CO	Garfield	08045	Oil	Royalties	1089777.3
2008	CO	Garfield	08045	Oil	Royalties	1067510.39
2008	CO	Garfield	08045	Other	Royalties	5262.39
2008	CO	Gunnison	08051	Oil & Gas	Other Revenues	5535.62
2008	CO	Gunnison	08051	Oil & Gas	Other Roy Vals	19498.83
2008	CO	Gunnison	08051	Coal	Royalties	217359.48
2008	CO	Gunnison	08051	Gas	Royalties	218937.03
2008	CO	Gunnison	08051	Gas	Royalties	2678.41
2008	CO	Gunnison	08051	Gas	Royalties	59563.86
2008	CO	Gunnison	08051	Oil	Royalties	1208.89
2008	CO	Huerfano	08055	Other	Royalties	585625.87
2008	CO	Jackson	08057	Oil & Gas	Other Revenues	4875
2008	CO	Jackson	08057	Oil	Royalties	585329.25
2008	CO	Jackson	08057	Other	Royalties	85188.77
2008	CO	Kiowa	08061	Gas	Royalties	16904.44
2008	CO	Kiowa	08061	Oil	Royalties	36804.47
2008	CO	La Plata	08067	Oil & Gas	Other Revenues	640
2008	CO	La Plata	08067	Oil & Gas	Other Roy Vals	270587.06
2008	CO	La Plata	08067	Gas	Royalties	3247002.35
2008	CO	La Plata	08067	Gas	Royalties	321.62
2008	CO	La Plata	08067	Gas	Royalties	-1567.54
2008	CO	La Plata	08067	Gas	Royalties	6723233.05
2008	CO	Larimer	08069	Oil	Royalties	16067.65
2008	CO	Las Animas	08071	Oil & Gas	Other Roy Vals	106752.23
2008	CO	Las Animas	08071	Gas	Royalties	3694836.74
2008	CO	Las Animas	08071	Gas	Royalties	829537.08
2008	CO	Las Animas	08071	Oil	Royalties	31508.7
2008	CO	Logan	08075	Oil	Royalties	32951.75
2008	CO	Mesa	08077	Oil & Gas	Other Revenues	70153.41
2008	CO	Mesa	08077	Oil & Gas	Other Roy Vals	506101.17
2008	CO	Mesa	08077	Gas	Royalties	60.6
2008	CO	Mesa	08077	Gas	Royalties	171193.29
2008	CO	Mesa	08077	Gas	Royalties	6903930.64
2008	CO	Mesa	08077	Gas	Royalties	10384648.7
2008	CO	Mesa	08077	Oil	Royalties	236759.75
2008	CO	Mesa	08077	Oil	Royalties	77411.97
2008	CO	Mesa	08077	Oil	Royalties	209934.52
2008	CO	Moffat	08081	Oil & Gas	Other Revenues	9730.24
2008	CO	Moffat	08081	Oil & Gas	Other Roy Vals	750246.82
2008	CO	Moffat	08081	Gas	Royalties	837.63
2008	CO	Moffat	08081	Gas	Royalties	576744.45
2008	CO	Moffat	08081	Gas	Royalties	3601306.38
2008	CO	Moffat	08081	Gas	Royalties	9164266.51
2008	CO	Moffat	08081	Oil	Royalties	748273.87
2008	CO	Moffat	08081	Oil	Royalties	1357606.85
2008	CO	Montezuma	08083	Oil & Gas	Other Revenues	1075144.01
2008	CO	Montezuma	08083	Oil & Gas	Other Roy Vals	170163.82
2008	CO	Montezuma	08083	Gas	Royalties	237196.83
2008	CO	Montezuma	08083	Gas	Royalties	159556.8
2008	CO	Montezuma	08083	Gas	Royalties	107004.9
2008	CO	Montezuma	08083	Oil	Royalties	2767.89
2008	CO	Montezuma	08083	Oil	Royalties	1776832.37
2008	CO	Montezuma	08083	Other	Royalties	47980448.41
2008	CO	Morgan	08087	Oil & Gas	Other Revenues	760
2008	CO	Morgan	08087	Oil	Royalties	16398.2
2008	CO	Pitkin	08097	Oil & Gas	Other Revenues	18909.18
2008	CO	Prowers	08099	Oil & Gas	Other Roy Vals	10
2008	CO	Prowers	08099	Gas	Royalties	2213.96
2008	CO	Rio Blanco	08103	Oil & Gas	Other Revenues	92531.94
2008	CO	Rio Blanco	08103	Sodium	Other Revenues	161390.72
2008	CO	Rio Blanco	08103	Oil & Gas	Other Roy Vals	343004.24
2008	CO	Rio Blanco	08103	Gas	Royalties	719232.25
2008	CO	Rio Blanco	08103	Gas	Royalties	1733.4
2008	CO	Rio Blanco	08103	Gas	Royalties	5676574.89
2008	CO	Rio Blanco	08103	Gas	Royalties	21981125.6
2008	CO	Rio Blanco	08103	Gas	Royalties	9586552.64
2008	CO	Rio Blanco	08103	Oil	Royalties	1575339.33
2008	CO	Rio Blanco	08103	Oil	Royalties	30218.57
2008	CO	Rio Blanco	08103	Oil	Royalties	34662339.9
2008	CO	Routt	08107	Oil & Gas	Other Roy Vals	500
2008	CO	Routt	08107	Oil	Royalties	91133.68
2008	CO	San Miguel	08113	Oil & Gas	Other Revenues	4098
2008	CO	San Miguel	08113	Oil & Gas	Other Roy Vals	399368.01
2008	CO	San Miguel	08113	Gas	Royalties	5157.64
2008	CO	San Miguel	08113	Gas	Royalties	8526.71
2008	CO	San Miguel	08113	Gas	Royalties	12289975.47
2008	CO	San Miguel	08113	Oil	Royalties	59714.11
2008	CO	San Miguel	08113	Oil	Royalties	2022.91
2008	CO	Washington	08121	Gas	Royalties	812.88
2008	CO	Washington	08121	Gas	Royalties	60343.81
2008	CO	Washington	08121	Oil	Royalties	68811.78
2008	CO	Weld	08123	Oil & Gas	Other Revenues	681.52
2008	CO	Weld	08123	Oil & Gas	Other Roy Vals	32676.41
2008	CO	Weld	08123	Gas	Royalties	509092.46
2008	CO	Weld	08123	Gas	Royalties	847365.35
2008	CO	Weld	08123	Gas	Royalties	438858.07
2008	CO	Weld	08123	Oil	Royalties	912616.95
2008	CO	Weld	08123	Oil	Royalties	1031955.37
2008	CO	Yuma	08125	Oil & Gas	Other Revenues	1.37
2008	CO	Yuma	08125	Oil & Gas	Other Roy Vals	28565.56
2008	CO	Yuma	08125	Gas	Royalties	1379082.6
2009	CO	Arapahoe	08005	Oil & Gas	Other Revenues	88
2009	CO	Arapahoe	08005	Oil	Royalties	170.89
2009	CO	Arapahoe	08005	Oil	Royalties	280.54
2009	CO	Archuleta	08007	Oil & Gas	Other Revenues	3806
2009	CO	Archuleta	08007	Oil & Gas	Other Roy Vals	-8983.12
2009	CO	Archuleta	08007	Gas	Royalties	100412.83
2009	CO	Baca	08009	Oil & Gas	Other Revenues	13601.62
2009	CO	Baca	08009	Gas	Royalties	22426.7
2009	CO	Baca	08009	Oil	Royalties	166376.23
2009	CO	Bent	08011	Gas	Royalties	6405.49
2009	CO	Broomfield	08014	Gas	Royalties	31.87
2009	CO	Broomfield	08014	Gas	Royalties	44.56
2009	CO	Broomfield	08014	Gas	Royalties	15.49
2009	CO	Broomfield	08014	Oil	Royalties	99.94
2009	CO	Cheyenne	08017	Oil & Gas	Other Revenues	250.5
2009	CO	Cheyenne	08017	Gas	Royalties	6479.27
2009	CO	Cheyenne	08017	Oil	Royalties	22874.12
2009	CO	Delta	08029	Oil & Gas	Other Revenues	520
2009	CO	Delta	08029	Gas	Royalties	3006.7
2009	CO	Delta	08029	Gas	Royalties	146.31
2009	CO	Delta	08029	Gas	Royalties	2845.82
2009	CO	Dolores	08033	Oil & Gas	Other Revenues	11885.94
2009	CO	Dolores	08033	Oil & Gas	Other Roy Vals	-25638.96
2009	CO	Dolores	08033	Gas	Royalties	12723.43
2009	CO	Dolores	08033	Gas	Royalties	117856.75
2009	CO	Dolores	08033	Gas	Royalties	70893.67
2009	CO	Dolores	08033	Oil	Royalties	2428.13
2009	CO	Dolores	08033	Oil	Royalties	155973.17
2009	CO	Dolores	08033	Other	Royalties	6247017.96
2009	CO	Garfield	08045	Oil & Gas	Other Revenues	29812.9
2009	CO	Garfield	08045	Oil & Gas	Other Roy Vals	978472.62
2009	CO	Garfield	08045	Gas	Royalties	14845.65
2009	CO	Garfield	08045	Gas	Royalties	-258607.14
2009	CO	Garfield	08045	Gas	Royalties	-16276943.24
2009	CO	Garfield	08045	Gas	Royalties	63205842.28
2009	CO	Garfield	08045	Oil	Royalties	796119.9
2009	CO	Garfield	08045	Oil	Royalties	43168.4
2009	CO	Garfield	08045	Oil	Royalties	764622.63
2009	CO	Garfield	08045	Other	Royalties	45257.43
2009	CO	Gunnison	08051	Oil & Gas	Other Revenues	2372
2009	CO	Gunnison	08051	Gas	Royalties	149428.53
2009	CO	Gunnison	08051	Gas	Royalties	415.69
2009	CO	Gunnison	08051	Gas	Royalties	21247.61
2009	CO	Gunnison	08051	Solids	Royalties	0.02
2009	CO	Huerfano	08055	Other	Royalties	307939.77
2009	CO	Jackson	08057	Oil & Gas	Other Revenues	4751
2009	CO	Jackson	08057	Oil	Royalties	412353.54
2009	CO	Jackson	08057	Other	Royalties	35332.58
2009	CO	Kiowa	08061	Gas	Royalties	5824.92
2009	CO	Kiowa	08061	Oil	Royalties	21687.19
2009	CO	La Plata	08067	Oil & Gas	Other Roy Vals	-405970.55
2009	CO	La Plata	08067	Gas	Royalties	1197250.63
2009	CO	La Plata	08067	Gas	Royalties	746.76
2009	CO	La Plata	08067	Gas	Royalties	1940.98
2009	CO	La Plata	08067	Gas	Royalties	2678532.51
2009	CO	Larimer	08069	Oil	Royalties	9100.55
2009	CO	Las Animas	08071	Oil & Gas	Other Roy Vals	-193685.96
2009	CO	Las Animas	08071	Gas	Royalties	1317794.21
2009	CO	Las Animas	08071	Gas	Royalties	15085.2
2009	CO	Las Animas	08071	Oil	Royalties	5978.09
2009	CO	Logan	08075	Oil	Royalties	11752.65
2009	CO	Mesa	08077	Oil & Gas	Other Revenues	77692.18
2009	CO	Mesa	08077	Oil & Gas	Other Roy Vals	-245294.58
2009	CO	Mesa	08077	Gas	Royalties	336.87
2009	CO	Mesa	08077	Gas	Royalties	85214.86
2009	CO	Mesa	08077	Gas	Royalties	3555640.05
2009	CO	Mesa	08077	Gas	Royalties	3298628
2009	CO	Mesa	08077	Oil	Royalties	178549.01
2009	CO	Mesa	08077	Oil	Royalties	4972.9
2009	CO	Mesa	08077	Oil	Royalties	70560.54
2009	CO	Moffat	08081	Oil & Gas	Other Revenues	21706
2009	CO	Moffat	08081	Oil & Gas	Other Roy Vals	-763556.96
2009	CO	Moffat	08081	Gas	Royalties	787.36
2009	CO	Moffat	08081	Gas	Royalties	231121.25
2009	CO	Moffat	08081	Gas	Royalties	1434085.47
2009	CO	Moffat	08081	Gas	Royalties	4182767.8
2009	CO	Moffat	08081	Oil	Royalties	424734.55
2009	CO	Moffat	08081	Oil	Royalties	715747.56
2009	CO	Montezuma	08083	Oil & Gas	Other Revenues	73290.63
2009	CO	Montezuma	08083	Oil & Gas	Other Roy Vals	130703.92
2009	CO	Montezuma	08083	Gas	Royalties	62862.35
2009	CO	Montezuma	08083	Gas	Royalties	58359.05
2009	CO	Montezuma	08083	Gas	Royalties	29834.27
2009	CO	Montezuma	08083	Oil	Royalties	1128.22
2009	CO	Montezuma	08083	Oil	Royalties	682209.77
2009	CO	Montezuma	08083	Other	Royalties	32079436.98
2009	CO	Morgan	08087	Oil & Gas	Other Revenues	354
2009	CO	Morgan	08087	Oil	Royalties	7364.88
2009	CO	Pitkin	08097	Oil & Gas	Other Revenues	14249.63
2009	CO	Prowers	08099	Gas	Royalties	672.7
2009	CO	Rio Blanco	08103	Oil & Gas	Other Revenues	194232.16
2009	CO	Rio Blanco	08103	Sodium	Other Revenues	-190506
2009	CO	Rio Blanco	08103	Oil & Gas	Other Roy Vals	1353975.92
2009	CO	Rio Blanco	08103	Gas	Royalties	249293.86
2009	CO	Rio Blanco	08103	Gas	Royalties	2567194.13
2009	CO	Rio Blanco	08103	Gas	Royalties	10231016.98
2009	CO	Rio Blanco	08103	Gas	Royalties	5986293.98
2009	CO	Rio Blanco	08103	Oil	Royalties	836942.81
2009	CO	Rio Blanco	08103	Oil	Royalties	531208.37
2009	CO	Rio Blanco	08103	Oil	Royalties	15448559.38
2009	CO	Routt	08107	Oil & Gas	Other Roy Vals	3000
2009	CO	Routt	08107	Oil	Royalties	115124.7
2009	CO	Routt	08107	Solids	Royalties	-0.3
2009	CO	San Miguel	08113	Oil & Gas	Other Revenues	4098
2009	CO	San Miguel	08113	Gas	Royalties	74826.8
2009	CO	San Miguel	08113	Gas	Royalties	70985.94
2009	CO	San Miguel	08113	Gas	Royalties	3586344.44
2009	CO	San Miguel	08113	Oil	Royalties	21959.63
2009	CO	Washington	08121	Oil & Gas	Other Roy Vals	-100
2009	CO	Washington	08121	Gas	Royalties	423.34
2009	CO	Washington	08121	Gas	Royalties	22501.03
2009	CO	Washington	08121	Oil	Royalties	31296.95
2009	CO	Weld	08123	Oil & Gas	Other Revenues	6286
2009	CO	Weld	08123	Oil & Gas	Other Roy Vals	-39368.36
2009	CO	Weld	08123	Gas	Royalties	268002.27
2009	CO	Weld	08123	Gas	Royalties	439282.26
2009	CO	Weld	08123	Gas	Royalties	172310.01
2009	CO	Weld	08123	Oil	Royalties	528389.59
2009	CO	Weld	08123	Oil	Royalties	519409.03
2009	CO	Yuma	08125	Oil & Gas	Other Roy Vals	-5394.71
2009	CO	Yuma	08125	Gas	Royalties	590777.81
2009	CO	Yuma	08125	Oil	Royalties	1869.68
2010	CO	Arapahoe	08005	Oil & Gas	Other Revenues	88
2010	CO	Arapahoe	08005	Oil	Royalties	92.58
2010	CO	Arapahoe	08005	Oil	Royalties	451.02
2010	CO	Archuleta	08007	Oil & Gas	Other Revenues	3958.2
2010	CO	Archuleta	08007	Oil & Gas	Other Roy Vals	1186.5
2010	CO	Archuleta	08007	Gas	Royalties	454.16
2010	CO	Archuleta	08007	Gas	Royalties	120884.36
2010	CO	Baca	08009	Oil & Gas	Other Roy Vals	-1457.22
2010	CO	Baca	08009	Gas	Royalties	21474.74
2010	CO	Baca	08009	Oil	Royalties	188314.3
2010	CO	Bent	08011	Oil & Gas	Other Roy Vals	-1522.65
2010	CO	Bent	08011	Gas	Royalties	13065.49
2010	CO	Bent	08011	Oil	Royalties	939.04
2010	CO	Bent	08011	Oil	Royalties	250.15
2010	CO	Broomfield	08014	Gas	Royalties	133.44
2010	CO	Broomfield	08014	Gas	Royalties	177.13
2010	CO	Broomfield	08014	Oil	Royalties	755.28
2010	CO	Cheyenne	08017	Oil & Gas	Other Revenues	200.5
2010	CO	Cheyenne	08017	Gas	Royalties	7123.87
2010	CO	Cheyenne	08017	Gas	Royalties	595.39
2010	CO	Cheyenne	08017	Oil	Royalties	128598.34
2010	CO	Delta	08029	Oil & Gas	Other Revenues	7244.02
2010	CO	Delta	08029	Oil & Gas	Other Roy Vals	-2458.19
2010	CO	Delta	08029	Gas	Royalties	3515.4
2010	CO	Delta	08029	Gas	Royalties	137.08
2010	CO	Dolores	08033	Oil & Gas	Other Revenues	2534.23
2010	CO	Dolores	08033	Oil & Gas	Other Roy Vals	553505.36
2010	CO	Dolores	08033	Gas	Royalties	22663.94
2010	CO	Dolores	08033	Gas	Royalties	145254.3
2010	CO	Dolores	08033	Gas	Royalties	134841.34
2010	CO	Dolores	08033	Oil	Royalties	1954.85
2010	CO	Dolores	08033	Oil	Royalties	233693.41
2010	CO	Dolores	08033	Other	Royalties	6245700.08
2010	CO	Garfield	08045	Oil & Gas	Other Revenues	28077.04
2010	CO	Garfield	08045	Oil & Gas	Other Roy Vals	-1132234.54
2010	CO	Garfield	08045	Gas	Royalties	7767.96
2010	CO	Garfield	08045	Gas	Royalties	2666.5
2010	CO	Garfield	08045	Gas	Royalties	4946970.97
2010	CO	Garfield	08045	Gas	Royalties	21759780.41
2010	CO	Garfield	08045	Gas	Royalties	50075171.22
2010	CO	Garfield	08045	Oil	Royalties	3978610.19
2010	CO	Garfield	08045	Oil	Royalties	221093.2
2010	CO	Garfield	08045	Oil	Royalties	1038356.46
2010	CO	Garfield	08045	Other	Royalties	14762.27
2010	CO	Gunnison	08051	Oil & Gas	Other Revenues	13080.6
2010	CO	Gunnison	08051	Oil & Gas	Other Roy Vals	24650.59
2010	CO	Gunnison	08051	Gas	Royalties	191267.75
2010	CO	Gunnison	08051	Gas	Royalties	743.47
2010	CO	Gunnison	08051	Gas	Royalties	90110.89
2010	CO	Gunnison	08051	Gas	Royalties	43503.63
2010	CO	Gunnison	08051	Solids	Royalties	0.02
2010	CO	Huerfano	08055	Other	Royalties	425070.96
2010	CO	Jackson	08057	Oil & Gas	Other Revenues	16089.5
2010	CO	Jackson	08057	Oil & Gas	Other Roy Vals	3000
2010	CO	Jackson	08057	Oil	Royalties	420995.67
2010	CO	Jackson	08057	Other	Royalties	67359.38
2010	CO	Kiowa	08061	Oil & Gas	Other Roy Vals	-497.76
2010	CO	Kiowa	08061	Gas	Royalties	5557.82
2010	CO	Kiowa	08061	Oil	Royalties	1342.6
2010	CO	Kiowa	08061	Oil	Royalties	14525.15
2010	CO	La Plata	08067	Oil & Gas	Other Revenues	600
2010	CO	La Plata	08067	Oil & Gas	Other Roy Vals	83937.49
2010	CO	La Plata	08067	Gas	Royalties	2675933.24
2010	CO	La Plata	08067	Gas	Royalties	-6724.55
2010	CO	La Plata	08067	Gas	Royalties	-29204.28
2010	CO	La Plata	08067	Gas	Royalties	3852539.77
2010	CO	La Plata	08067	Solids	Royalties	-0.06
2010	CO	Larimer	08069	Oil	Royalties	11775.87
2010	CO	Las Animas	08071	Oil & Gas	Other Roy Vals	-1659.32
2010	CO	Las Animas	08071	Gas	Royalties	1536297.31
2010	CO	Las Animas	08071	Gas	Royalties	43345.62
2010	CO	Las Animas	08071	Oil	Royalties	7457.56
2010	CO	Logan	08075	Oil	Royalties	13772.74
2010	CO	Mesa	08077	Oil & Gas	Other Revenues	63687.05
2010	CO	Mesa	08077	Oil & Gas	Other Roy Vals	-12110.83
2010	CO	Mesa	08077	Gas	Royalties	413.93
2010	CO	Mesa	08077	Gas	Royalties	210064.23
2010	CO	Mesa	08077	Gas	Royalties	-699548.81
2010	CO	Mesa	08077	Gas	Royalties	9157074.15
2010	CO	Mesa	08077	Oil	Royalties	176200.6
2010	CO	Mesa	08077	Oil	Royalties	42.07
2010	CO	Mesa	08077	Oil	Royalties	79886.03
2010	CO	Moffat	08081	Oil & Gas	Other Revenues	33184.7
2010	CO	Moffat	08081	Oil & Gas	Other Roy Vals	44560.5
2010	CO	Moffat	08081	Gas	Royalties	3266.27
2010	CO	Moffat	08081	Gas	Royalties	375422.16
2010	CO	Moffat	08081	Gas	Royalties	1815067.71
2010	CO	Moffat	08081	Gas	Royalties	6533700.67
2010	CO	Moffat	08081	Oil	Royalties	590796.12
2010	CO	Moffat	08081	Oil	Royalties	44439.61
2010	CO	Moffat	08081	Oil	Royalties	1024359.33
2010	CO	Montezuma	08083	Oil & Gas	Other Revenues	16607.06
2010	CO	Montezuma	08083	Oil & Gas	Other Roy Vals	5837876.94
2010	CO	Montezuma	08083	Gas	Royalties	90818.28
2010	CO	Montezuma	08083	Gas	Royalties	41602.98
2010	CO	Montezuma	08083	Gas	Royalties	32614.69
2010	CO	Montezuma	08083	Oil	Royalties	1439.78
2010	CO	Montezuma	08083	Oil	Royalties	894373.09
2010	CO	Montezuma	08083	Other	Royalties	35481971.05
2010	CO	Morgan	08087	Oil & Gas	Other Roy Vals	5.51
2010	CO	Morgan	08087	Oil	Royalties	9352.62
2010	CO	Pitkin	08097	Oil & Gas	Other Revenues	17592.03
2010	CO	Prowers	08099	Oil & Gas	Other Roy Vals	7.64
2010	CO	Prowers	08099	Gas	Royalties	864.1
2010	CO	Rio Blanco	08103	Oil & Gas	Other Revenues	57844.32
2010	CO	Rio Blanco	08103	Sodium	Other Revenues	21399
2010	CO	Rio Blanco	08103	Oil & Gas	Other Roy Vals	-690.91
2010	CO	Rio Blanco	08103	Gas	Royalties	255921.03
2010	CO	Rio Blanco	08103	Gas	Royalties	103226.78
2010	CO	Rio Blanco	08103	Gas	Royalties	5502757.76
2010	CO	Rio Blanco	08103	Gas	Royalties	29770179.48
2010	CO	Rio Blanco	08103	Gas	Royalties	6909146.53
2010	CO	Rio Blanco	08103	Oil	Royalties	1413362.22
2010	CO	Rio Blanco	08103	Oil	Royalties	336736.88
2010	CO	Rio Blanco	08103	Oil	Royalties	21975600.25
2010	CO	Routt	08107	Coal	Other Roy Vals	-258897
2010	CO	Routt	08107	Oil & Gas	Other Roy Vals	1523.82
2010	CO	Routt	08107	Oil	Royalties	105341.61
2010	CO	Routt	08107	Solids	Royalties	0.82
2010	CO	San Miguel	08113	Oil & Gas	Other Roy Vals	-440682.82
2010	CO	San Miguel	08113	Gas	Royalties	40118.12
2010	CO	San Miguel	08113	Gas	Royalties	375539.88
2010	CO	San Miguel	08113	Gas	Royalties	2203732.19
2010	CO	San Miguel	08113	Oil	Royalties	32338.74
2010	CO	San Miguel	08113	Oil	Royalties	1354
2010	CO	Washington	08121	Gas	Royalties	536.54
2010	CO	Washington	08121	Gas	Royalties	42291.21
2010	CO	Washington	08121	Oil	Royalties	42392.52
2010	CO	Weld	08123	Oil & Gas	Other Roy Vals	26010.33
2010	CO	Weld	08123	Gas	Royalties	512988.35
2010	CO	Weld	08123	Gas	Royalties	618203.57
2010	CO	Weld	08123	Gas	Royalties	242930.83
2010	CO	Weld	08123	Oil	Royalties	547557.17
2010	CO	Weld	08123	Oil	Royalties	809530.25
2010	CO	Weld	08123	Other	Royalties	97.5
2010	CO	Yuma	08125	Oil & Gas	Other Roy Vals	-1300
2010	CO	Yuma	08125	Gas	Royalties	747031.35
2010	CO	Yuma	08125	Oil	Royalties	1557.39
2011	CO	Arapahoe	08005	Oil & Gas	Other Roy Vals	1.8
2011	CO	Arapahoe	08005	Oil	Royalties	189.11
2011	CO	Archuleta	08007	Oil & Gas	Other Revenues	4006
2011	CO	Archuleta	08007	Oil & Gas	Other Roy Vals	-1119.05
2011	CO	Archuleta	08007	Gas	Royalties	11910.87
2011	CO	Archuleta	08007	Gas	Royalties	94716.59
2011	CO	Baca	08009	Oil & Gas	Other Revenues	529.34
2011	CO	Baca	08009	Oil & Gas	Other Roy Vals	3980.39
2011	CO	Baca	08009	Gas	Royalties	16504.44
2011	CO	Baca	08009	Oil	Royalties	229401.94
2011	CO	Bent	08011	Oil & Gas	Other Roy Vals	2250
2011	CO	Bent	08011	Gas	Royalties	6996.11
2011	CO	Bent	08011	Oil	Royalties	1080.59
2011	CO	Bent	08011	Oil	Royalties	12.83
2011	CO	Broomfield	08014	Gas	Royalties	119.91
2011	CO	Broomfield	08014	Gas	Royalties	153.15
2011	CO	Broomfield	08014	Oil	Royalties	167.73
2011	CO	Broomfield	08014	Oil	Royalties	0.25
2011	CO	Broomfield	08014	Oil	Royalties	554.24
2011	CO	Cheyenne	08017	Oil & Gas	Other Revenues	76.5
2011	CO	Cheyenne	08017	Oil & Gas	Other Roy Vals	324.45
2011	CO	Cheyenne	08017	Gas	Royalties	9208.51
2011	CO	Cheyenne	08017	Gas	Royalties	227.19
2011	CO	Cheyenne	08017	Oil	Royalties	88044.83
2011	CO	Cheyenne	08017	Other	Royalties	58.22
2011	CO	Delta	08029	Oil & Gas	Other Revenues	7244.02
2011	CO	Delta	08029	Gas	Royalties	8544.6
2011	CO	Delta	08029	Gas	Royalties	599.28
2011	CO	Dolores	08033	Oil & Gas	Other Revenues	4315.92
2011	CO	Dolores	08033	Oil & Gas	Other Roy Vals	6686.47
2011	CO	Dolores	08033	Gas	Royalties	18421.76
2011	CO	Dolores	08033	Gas	Royalties	-506664.19
2011	CO	Dolores	08033	Gas	Royalties	733421.86
2011	CO	Dolores	08033	Oil	Royalties	2565.99
2011	CO	Dolores	08033	Oil	Royalties	247884.69
2011	CO	Dolores	08033	Other	Royalties	8133585.97
2011	CO	Garfield	08045	Oil & Gas	Other Revenues	53375.13
2011	CO	Garfield	08045	Oil & Gas	Other Roy Vals	1702913.23
2011	CO	Garfield	08045	Gas	Royalties	-117583.3
2011	CO	Garfield	08045	Gas	Royalties	307.65
2011	CO	Garfield	08045	Gas	Royalties	11180991.27
2011	CO	Garfield	08045	Gas	Royalties	33440679
2011	CO	Garfield	08045	Gas	Royalties	37849720.8
2011	CO	Garfield	08045	Oil	Royalties	6176839.68
2011	CO	Garfield	08045	Oil	Royalties	-1165575.93
2011	CO	Garfield	08045	Oil	Royalties	3062.23
2011	CO	Garfield	08045	Oil	Royalties	1549047.68
2011	CO	Garfield	08045	Other	Royalties	16545.87
2011	CO	Gunnison	08051	Oil & Gas	Other Revenues	11295.51
2011	CO	Gunnison	08051	Gas	Royalties	96554.55
2011	CO	Gunnison	08051	Gas	Royalties	5893.55
2011	CO	Gunnison	08051	Gas	Royalties	146343.96
2011	CO	Gunnison	08051	Gas	Royalties	129877.53
2011	CO	Huerfano	08055	Oil & Gas	Other Revenues	468
2011	CO	Huerfano	08055	Other	Royalties	369337.9
2011	CO	Jackson	08057	Oil & Gas	Other Revenues	27980.5
2011	CO	Jackson	08057	Oil & Gas	Other Roy Vals	7500
2011	CO	Jackson	08057	Oil	Royalties	627061.66
2011	CO	Jackson	08057	Other	Royalties	47331.06
2011	CO	Kiowa	08061	Oil & Gas	Other Roy Vals	200
2011	CO	Kiowa	08061	Gas	Royalties	7298.57
2011	CO	Kiowa	08061	Oil	Royalties	3986.29
2011	CO	Kiowa	08061	Oil	Royalties	29997.49
2011	CO	La Plata	08067	Oil & Gas	Other Roy Vals	102400.04
2011	CO	La Plata	08067	Gas	Royalties	4954136.21
2011	CO	La Plata	08067	Gas	Royalties	23244.99
2011	CO	Larimer	08069	Oil	Royalties	11826.5
2011	CO	Las Animas	08071	Oil & Gas	Other Roy Vals	-3060.22
2011	CO	Las Animas	08071	Gas	Royalties	1268084.02
2011	CO	Las Animas	08071	Gas	Royalties	5920.35
2011	CO	Las Animas	08071	Gas	Royalties	23608.36
2011	CO	Las Animas	08071	Gas	Royalties	28795.85
2011	CO	Las Animas	08071	Oil	Royalties	9442.17
2011	CO	Logan	08075	Oil	Royalties	17474.81
2011	CO	Mesa	08077	Oil & Gas	Other Revenues	59509.03
2011	CO	Mesa	08077	Oil & Gas	Other Roy Vals	-216638.11
2011	CO	Mesa	08077	Gas	Royalties	910.14
2011	CO	Mesa	08077	Gas	Royalties	61201.3
2011	CO	Mesa	08077	Gas	Royalties	567388.17
2011	CO	Mesa	08077	Gas	Royalties	3616296.59
2011	CO	Mesa	08077	Gas	Royalties	4370329.17
2011	CO	Mesa	08077	Oil	Royalties	214131.21
2011	CO	Mesa	08077	Oil	Royalties	39310.21
2011	CO	Mesa	08077	Oil	Royalties	94980.35
2011	CO	Moffat	08081	Oil & Gas	Other Revenues	31335.39
2011	CO	Moffat	08081	Gas	Other Roy Vals	156525.92
2011	CO	Moffat	08081	Oil & Gas	Other Roy Vals	224005.48
2011	CO	Moffat	08081	Gas	Royalties	305642.62
2011	CO	Moffat	08081	Gas	Royalties	1562901.28
2011	CO	Moffat	08081	Gas	Royalties	6260104.47
2011	CO	Moffat	08081	Oil	Royalties	914668.79
2011	CO	Moffat	08081	Oil	Royalties	9209.69
2011	CO	Moffat	08081	Oil	Royalties	1173121.47
2011	CO	Moffat	08081	Other	Royalties	-283.41
2011	CO	Montezuma	08083	Oil & Gas	Other Revenues	28019.07
2011	CO	Montezuma	08083	Oil & Gas	Other Roy Vals	153625.37
2011	CO	Montezuma	08083	Gas	Royalties	112236.86
2011	CO	Montezuma	08083	Gas	Royalties	37472.6
2011	CO	Montezuma	08083	Gas	Royalties	27405.32
2011	CO	Montezuma	08083	Oil	Royalties	1738.87
2011	CO	Montezuma	08083	Oil	Royalties	1125479.41
2011	CO	Montezuma	08083	Other	Royalties	41177862.44
2011	CO	Morgan	08087	Oil & Gas	Other Revenues	472
2011	CO	Morgan	08087	Oil	Royalties	11322.92
2011	CO	Pitkin	08097	Oil & Gas	Other Revenues	33397.44
2011	CO	Prowers	08099	Gas	Royalties	98.84
2011	CO	Rio Blanco	08103	Oil & Gas	Other Revenues	192874.24
2011	CO	Rio Blanco	08103	Sodium	Other Revenues	21399
2011	CO	Rio Blanco	08103	Oil & Gas	Other Roy Vals	432835.63
2011	CO	Rio Blanco	08103	Gas	Royalties	-1698208.63
2011	CO	Rio Blanco	08103	Gas	Royalties	-1607.22
2011	CO	Rio Blanco	08103	Gas	Royalties	10499933.93
2011	CO	Rio Blanco	08103	Gas	Royalties	30543058.65
2011	CO	Rio Blanco	08103	Gas	Royalties	9899115.97
2011	CO	Rio Blanco	08103	Oil	Royalties	2341863.53
2011	CO	Rio Blanco	08103	Oil	Royalties	439117.31
2011	CO	Rio Blanco	08103	Oil	Royalties	23666786.9
2011	CO	Routt	08107	Oil & Gas	Other Revenues	4480
2011	CO	Routt	08107	Oil	Royalties	152443.52
2011	CO	San Miguel	08113	Oil & Gas	Other Roy Vals	-58644.81
2011	CO	San Miguel	08113	Gas	Royalties	462432.14
2011	CO	San Miguel	08113	Gas	Royalties	854606.54
2011	CO	San Miguel	08113	Gas	Royalties	870494.17
2011	CO	San Miguel	08113	Oil	Royalties	137550.38
2011	CO	Washington	08121	Oil & Gas	Other Roy Vals	25.42
2011	CO	Washington	08121	Gas	Royalties	491.52
2011	CO	Washington	08121	Gas	Royalties	31471.72
2011	CO	Washington	08121	Oil	Royalties	53175.9
2011	CO	Weld	08123	Oil & Gas	Other Revenues	6855.27
2011	CO	Weld	08123	Oil & Gas	Other Roy Vals	50522.48
2011	CO	Weld	08123	Gas	Royalties	818567.6
2011	CO	Weld	08123	Gas	Royalties	673961.27
2011	CO	Weld	08123	Gas	Royalties	217776.97
2011	CO	Weld	08123	Oil	Royalties	754516.74
2011	CO	Weld	08123	Oil	Royalties	1364.5
2011	CO	Weld	08123	Oil	Royalties	19322.25
2011	CO	Weld	08123	Oil	Royalties	1338750.11
2011	CO	Weld	08123	Other	Royalties	-97.5
2011	CO	Yuma	08125	Oil & Gas	Other Roy Vals	499.35
2011	CO	Yuma	08125	Gas	Royalties	822.91
2011	CO	Yuma	08125	Gas	Royalties	120.82
2011	CO	Yuma	08125	Gas	Royalties	619142.85
2011	CO	Yuma	08125	Oil	Royalties	1993.65
2012	CO	Arapahoe	08005	Oil & Gas	Other Revenues	68
2012	CO	Arapahoe	08005	Oil	Royalties	155.91
2012	CO	Arapahoe	08005	Oil	Royalties	450.79
2012	CO	Archuleta	08007	Oil & Gas	Other Revenues	4199.36
2012	CO	Archuleta	08007	Oil & Gas	Other Roy Vals	-3365.97
2012	CO	Archuleta	08007	Gas	Royalties	134179.92
2012	CO	Archuleta	08007	Gas	Royalties	-67887.48
2012	CO	Baca	08009	Oil & Gas	Other Revenues	11779.07
2012	CO	Baca	08009	Gas	Royalties	19243.28
2012	CO	Baca	08009	Oil	Royalties	211130.48
2012	CO	Bent	08011	Oil & Gas	Other Roy Vals	-1300
2012	CO	Bent	08011	Gas	Royalties	5402.03
2012	CO	Bent	08011	Oil	Royalties	848.04
2012	CO	Bent	08011	Oil	Royalties	186.6
2012	CO	Broomfield	08014	Gas	Royalties	1072.91
2012	CO	Broomfield	08014	Gas	Royalties	813.78
2012	CO	Broomfield	08014	Oil	Royalties	3030.12
2012	CO	Broomfield	08014	Oil	Royalties	261.91
2012	CO	Cheyenne	08017	Gas	Royalties	5992.52
2012	CO	Cheyenne	08017	Gas	Royalties	134.23
2012	CO	Cheyenne	08017	Oil	Royalties	72954.75
2012	CO	Cheyenne	08017	Other	Royalties	55.43
2012	CO	Delta	08029	Oil & Gas	Other Revenues	320
2012	CO	Delta	08029	Gas	Royalties	3180.77
2012	CO	Delta	08029	Gas	Royalties	261.06
2012	CO	Dolores	08033	Oil & Gas	Other Revenues	3387.1
2012	CO	Dolores	08033	Oil & Gas	Other Roy Vals	124792.62
2012	CO	Dolores	08033	Gas	Royalties	17289.25
2012	CO	Dolores	08033	Gas	Royalties	10665.89
2012	CO	Dolores	08033	Gas	Royalties	150530.49
2012	CO	Dolores	08033	Oil	Royalties	2870.14
2012	CO	Dolores	08033	Oil	Royalties	330293.73
2012	CO	Dolores	08033	Other	Royalties	10303413.51
2012	CO	Garfield	08045	Oil & Gas	Other Revenues	54971.11
2012	CO	Garfield	08045	Oil & Gas	Other Roy Vals	-556971.8
2012	CO	Garfield	08045	Gas	Royalties	12389.33
2012	CO	Garfield	08045	Gas	Royalties	15251520.79
2012	CO	Garfield	08045	Gas	Royalties	28388299.38
2012	CO	Garfield	08045	Gas	Royalties	20024359.93
2012	CO	Garfield	08045	Oil	Royalties	5418054.95
2012	CO	Garfield	08045	Oil	Royalties	194549.61
2012	CO	Garfield	08045	Oil	Royalties	-3062.23
2012	CO	Garfield	08045	Oil	Royalties	2146156.83
2012	CO	Garfield	08045	Other	Royalties	12763.66
2012	CO	Gunnison	08051	Oil & Gas	Other Revenues	7065.21
2012	CO	Gunnison	08051	Gas	Royalties	-10780.16
2012	CO	Gunnison	08051	Gas	Royalties	5888.42
2012	CO	Gunnison	08051	Gas	Royalties	146194.35
2012	CO	Gunnison	08051	Gas	Royalties	100329.89
2012	CO	Huerfano	08055	Other	Royalties	388619.96
2012	CO	Jackson	08057	Oil & Gas	Other Revenues	22998.7
2012	CO	Jackson	08057	Oil & Gas	Other Roy Vals	-3500
2012	CO	Jackson	08057	Oil	Royalties	486867.94
2012	CO	Jackson	08057	Other	Royalties	47337.27
2012	CO	Kiowa	08061	Oil & Gas	Other Revenues	188.02
2012	CO	Kiowa	08061	Gas	Royalties	1241.52
2012	CO	Kiowa	08061	Oil	Royalties	372.63
2012	CO	Kiowa	08061	Oil	Royalties	20637.64
2012	CO	La Plata	08067	Oil & Gas	Other Roy Vals	-75151.13
2012	CO	La Plata	08067	Gas	Royalties	3725724.38
2012	CO	La Plata	08067	Gas	Royalties	-607380.59
2012	CO	Larimer	08069	Oil	Royalties	15470.33
2012	CO	Las Animas	08071	Oil & Gas	Other Roy Vals	60700
2012	CO	Las Animas	08071	Gas	Royalties	1235337.17
2012	CO	Las Animas	08071	Gas	Royalties	7258.85
2012	CO	Las Animas	08071	Gas	Royalties	27279.24
2012	CO	Las Animas	08071	Gas	Royalties	-13709.62
2012	CO	Las Animas	08071	Oil	Royalties	6848.39
2012	CO	Logan	08075	Oil	Royalties	11931.22
2012	CO	Mesa	08077	Oil & Gas	Other Revenues	50070.15
2012	CO	Mesa	08077	Oil & Gas	Other Roy Vals	119245.01
2012	CO	Mesa	08077	Gas	Royalties	443.72
2012	CO	Mesa	08077	Gas	Royalties	59554.55
2012	CO	Mesa	08077	Gas	Royalties	539059.16
2012	CO	Mesa	08077	Gas	Royalties	2356660.83
2012	CO	Mesa	08077	Gas	Royalties	4230499.38
2012	CO	Mesa	08077	Oil	Royalties	129302.68
2012	CO	Mesa	08077	Oil	Royalties	29259.26
2012	CO	Mesa	08077	Oil	Royalties	74863.3
2012	CO	Moffat	08081	Oil & Gas	Other Revenues	19338.77
2012	CO	Moffat	08081	Oil & Gas	Other Roy Vals	-241054.11
2012	CO	Moffat	08081	Gas	Royalties	300065.71
2012	CO	Moffat	08081	Gas	Royalties	1978001.1
2012	CO	Moffat	08081	Gas	Royalties	3243022.63
2012	CO	Moffat	08081	Oil	Royalties	1163960.79
2012	CO	Moffat	08081	Oil	Royalties	8726.07
2012	CO	Moffat	08081	Oil	Royalties	1206350.57
2012	CO	Montezuma	08083	Oil & Gas	Other Revenues	20368.17
2012	CO	Montezuma	08083	Oil & Gas	Other Roy Vals	1209998.15
2012	CO	Montezuma	08083	Gas	Royalties	77527.57
2012	CO	Montezuma	08083	Gas	Royalties	10642.66
2012	CO	Montezuma	08083	Gas	Royalties	21222.7
2012	CO	Montezuma	08083	Oil	Royalties	3250.76
2012	CO	Montezuma	08083	Oil	Royalties	1180450.26
2012	CO	Montezuma	08083	Other	Royalties	49905955.91
2012	CO	Morgan	08087	Oil & Gas	Other Revenues	52
2012	CO	Morgan	08087	Gas	Royalties	122.24
2012	CO	Morgan	08087	Oil	Royalties	12111.19
2012	CO	Pitkin	08097	Oil & Gas	Other Revenues	30672.39
2012	CO	Prowers	08099	Gas	Royalties	742.23
2012	CO	Rio Blanco	08103	Oil & Gas	Other Revenues	76367.19
2012	CO	Rio Blanco	08103	Sodium	Other Revenues	21399
2012	CO	Rio Blanco	08103	Oil & Gas	Other Roy Vals	-325846.21
2012	CO	Rio Blanco	08103	Gas	Royalties	127652.02
2012	CO	Rio Blanco	08103	Gas	Royalties	32.28
2012	CO	Rio Blanco	08103	Gas	Royalties	12774656.05
2012	CO	Rio Blanco	08103	Gas	Royalties	16261092.42
2012	CO	Rio Blanco	08103	Gas	Royalties	10423681.89
2012	CO	Rio Blanco	08103	Oil	Royalties	5444450.58
2012	CO	Rio Blanco	08103	Oil	Royalties	451325.93
2012	CO	Rio Blanco	08103	Oil	Royalties	24546814.45
2012	CO	Routt	08107	Oil & Gas	Other Revenues	6880
2012	CO	Routt	08107	Oil & Gas	Other Roy Vals	7.45
2012	CO	Routt	08107	Oil	Royalties	110373.46
2012	CO	San Miguel	08113	Oil & Gas	Other Revenues	12593
2012	CO	San Miguel	08113	Oil & Gas	Other Roy Vals	-19380
2012	CO	San Miguel	08113	Gas	Royalties	706837.87
2012	CO	San Miguel	08113	Gas	Royalties	947800.04
2012	CO	San Miguel	08113	Gas	Royalties	1311517.66
2012	CO	San Miguel	08113	Oil	Royalties	330800
2012	CO	Washington	08121	Gas	Royalties	230.97
2012	CO	Washington	08121	Gas	Royalties	18030.73
2012	CO	Washington	08121	Oil	Royalties	43501.98
2012	CO	Weld	08123	Oil & Gas	Other Revenues	6522
2012	CO	Weld	08123	Oil & Gas	Other Roy Vals	28367.21
2012	CO	Weld	08123	Gas	Royalties	619191.42
2012	CO	Weld	08123	Gas	Royalties	417219.25
2012	CO	Weld	08123	Gas	Royalties	188384.71
2012	CO	Weld	08123	Oil	Royalties	1037432.32
2012	CO	Weld	08123	Oil	Royalties	6345.58
2012	CO	Weld	08123	Oil	Royalties	25330.5
2012	CO	Weld	08123	Oil	Royalties	1818098.52
2012	CO	Yuma	08125	Oil & Gas	Other Revenues	149.01
2012	CO	Yuma	08125	Oil & Gas	Other Roy Vals	-1401
2012	CO	Yuma	08125	Gas	Royalties	388398.2
2012	CO	Yuma	08125	Oil	Royalties	-3600.56
2013	CO	Arapahoe	08005	Oil & Gas	Other Revenues	88.16
2013	CO	Arapahoe	08005	Oil	Royalties	286.44
2013	CO	Arapahoe	08005	Oil	Royalties	301.77
2013	CO	Archuleta	08007	Oil & Gas	Other Revenues	6066.56
2013	CO	Archuleta	08007	Oil & Gas	Other Roy Vals	263.62
2013	CO	Archuleta	08007	Gas	Royalties	18995.87
2013	CO	Archuleta	08007	Gas	Royalties	65591.15
2013	CO	Baca	08009	Oil & Gas	Other Revenues	8039.22
2013	CO	Baca	08009	Gas	Royalties	17296.33
2013	CO	Baca	08009	Oil	Royalties	173324.51
2013	CO	Bent	08011	Gas	Royalties	6365.51
2013	CO	Bent	08011	Oil	Royalties	1183
2013	CO	Bent	08011	Oil	Royalties	11.02
2013	CO	Broomfield	08014	Gas	Royalties	5065.05
2013	CO	Broomfield	08014	Gas	Royalties	4614.67
2013	CO	Broomfield	08014	Oil	Royalties	3066.66
2013	CO	Broomfield	08014	Oil	Royalties	214.53
2013	CO	Cheyenne	08017	Gas	Royalties	3769.72
2013	CO	Cheyenne	08017	Gas	Royalties	154.51
2013	CO	Cheyenne	08017	Oil	Royalties	79310.97
2013	CO	Cheyenne	08017	Other	Royalties	66.23
2013	CO	Delta	08029	Oil & Gas	Other Revenues	6659.56
2013	CO	Delta	08029	Oil	Royalties	721.16
2013	CO	Dolores	08033	Oil & Gas	Other Revenues	2256.48
2013	CO	Dolores	08033	Oil & Gas	Other Roy Vals	-38345.43
2013	CO	Dolores	08033	Gas	Royalties	7802.43
2013	CO	Dolores	08033	Gas	Royalties	30332.5
2013	CO	Dolores	08033	Gas	Royalties	94838.87
2013	CO	Dolores	08033	Oil	Royalties	1482
2013	CO	Dolores	08033	Oil	Royalties	197622.93
2013	CO	Dolores	08033	Other	Royalties	11682288.01
2013	CO	Garfield	08045	Oil & Gas	Other Revenues	43686.98
2013	CO	Garfield	08045	Oil & Gas	Other Roy Vals	-26424.37
2013	CO	Garfield	08045	Gas	Royalties	4151.1
2013	CO	Garfield	08045	Gas	Royalties	71170.22
2013	CO	Garfield	08045	Gas	Royalties	9633.83
2013	CO	Garfield	08045	Gas	Royalties	36355036.5
2013	CO	Garfield	08045	Gas	Royalties	110732782
2013	CO	Garfield	08045	Gas	Royalties	-55875224.54
2013	CO	Garfield	08045	Oil	Royalties	5612334.04
2013	CO	Garfield	08045	Oil	Royalties	-29667.56
2013	CO	Garfield	08045	Oil	Royalties	284285.05
2013	CO	Garfield	08045	Oil	Royalties	1351491.44
2013	CO	Garfield	08045	Other	Royalties	2860.35
2013	CO	Gunnison	08051	Oil & Gas	Other Revenues	11057.96
2013	CO	Gunnison	08051	Oil & Gas	Other Roy Vals	8949.04
2013	CO	Gunnison	08051	Gas	Royalties	50651.09
2013	CO	Gunnison	08051	Gas	Royalties	433047.67
2013	CO	Gunnison	08051	Gas	Royalties	2708.72
2013	CO	Gunnison	08051	Oil	Royalties	668.71
2013	CO	Huerfano	08055	Other	Royalties	371401.62
2013	CO	Jackson	08057	Oil & Gas	Other Revenues	3742.73
2013	CO	Jackson	08057	Oil	Royalties	474483.37
2013	CO	Jackson	08057	Other	Royalties	18266.08
2013	CO	Kiowa	08061	Oil & Gas	Other Roy Vals	-35
2013	CO	Kiowa	08061	Gas	Royalties	8467.17
2013	CO	Kiowa	08061	Oil	Royalties	473.14
2013	CO	Kiowa	08061	Oil	Royalties	34721.27
2013	CO	La Plata	08067	Oil & Gas	Other Revenues	4.86
2013	CO	La Plata	08067	Oil & Gas	Other Roy Vals	24206.1
2013	CO	La Plata	08067	Gas	Royalties	7618562.97
2013	CO	La Plata	08067	Gas	Royalties	64.42
2013	CO	La Plata	08067	Gas	Royalties	-786.8
2013	CO	La Plata	08067	Gas	Royalties	-3628262.65
2013	CO	Larimer	08069	Oil	Royalties	13803.79
2013	CO	Las Animas	08071	Oil & Gas	Other Roy Vals	-18000
2013	CO	Las Animas	08071	Gas	Royalties	1021464.53
2013	CO	Las Animas	08071	Gas	Royalties	-13179.2
2013	CO	Las Animas	08071	Gas	Royalties	-50887.6
2013	CO	Las Animas	08071	Gas	Royalties	-83563.2
2013	CO	Las Animas	08071	Oil	Royalties	-29209.58
2013	CO	Logan	08075	Oil	Royalties	15037.8
2013	CO	Mesa	08077	Oil & Gas	Other Revenues	54351.84
2013	CO	Mesa	08077	Oil & Gas	Other Roy Vals	-116140.94
2013	CO	Mesa	08077	Gas	Royalties	96510.69
2013	CO	Mesa	08077	Gas	Royalties	3259771.68
2013	CO	Mesa	08077	Gas	Royalties	17730373.62
2013	CO	Mesa	08077	Gas	Royalties	-11133542.47
2013	CO	Mesa	08077	Oil	Royalties	113303.24
2013	CO	Mesa	08077	Oil	Royalties	43587.12
2013	CO	Mesa	08077	Oil	Royalties	85675.54
2013	CO	Moffat	08081	Oil & Gas	Other Revenues	22534.05
2013	CO	Moffat	08081	Oil & Gas	Other Roy Vals	-118939.33
2013	CO	Moffat	08081	Gas	Royalties	719.72
2013	CO	Moffat	08081	Gas	Royalties	312630.92
2013	CO	Moffat	08081	Gas	Royalties	1178506.66
2013	CO	Moffat	08081	Gas	Royalties	6448158.43
2013	CO	Moffat	08081	Oil	Royalties	1063020.2
2013	CO	Moffat	08081	Oil	Royalties	1257.41
2013	CO	Moffat	08081	Oil	Royalties	1287454.18
2013	CO	Moffat	08081	Other	Royalties	283.41
2013	CO	Montezuma	08083	Oil & Gas	Other Revenues	8494.08
2013	CO	Montezuma	08083	Oil & Gas	Other Roy Vals	-183894.27
2013	CO	Montezuma	08083	Gas	Royalties	30697.31
2013	CO	Montezuma	08083	Gas	Royalties	7939.24
2013	CO	Montezuma	08083	Gas	Royalties	2595.62
2013	CO	Montezuma	08083	Oil	Royalties	945308.03
2013	CO	Montezuma	08083	Other	Royalties	49584950.83
2013	CO	Montrose	08085	Oil & Gas	Other Revenues	1640
2013	CO	Morgan	08087	Oil & Gas	Other Revenues	524
2013	CO	Morgan	08087	Oil	Royalties	9181.1
2013	CO	Phillips	08095	Oil & Gas	Other Roy Vals	4800
2013	CO	Phillips	08095	Gas	Royalties	27552.12
2013	CO	Pitkin	08097	Oil & Gas	Other Revenues	31781.73
2013	CO	Prowers	08099	Gas	Royalties	386.94
2013	CO	Rio Blanco	08103	Oil & Gas	Other Revenues	78842.64
2013	CO	Rio Blanco	08103	Sodium	Other Revenues	29319
2013	CO	Rio Blanco	08103	Oil & Gas	Other Roy Vals	388417.77
2013	CO	Rio Blanco	08103	Gas	Royalties	-43696.28
2013	CO	Rio Blanco	08103	Gas	Royalties	9637.08
2013	CO	Rio Blanco	08103	Gas	Royalties	7465297.05
2013	CO	Rio Blanco	08103	Gas	Royalties	21112550.46
2013	CO	Rio Blanco	08103	Gas	Royalties	5918467.15
2013	CO	Rio Blanco	08103	Oil	Royalties	3369891.71
2013	CO	Rio Blanco	08103	Oil	Royalties	137760.73
2013	CO	Rio Blanco	08103	Oil	Royalties	346556.58
2013	CO	Rio Blanco	08103	Oil	Royalties	26814312.66
2013	CO	Routt	08107	Oil & Gas	Other Revenues	2560
2013	CO	Routt	08107	Oil	Royalties	142920.17
2013	CO	San Miguel	08113	Oil & Gas	Other Revenues	16383.94
2013	CO	San Miguel	08113	Oil & Gas	Other Roy Vals	-2861.93
2013	CO	San Miguel	08113	Gas	Royalties	153941.99
2013	CO	San Miguel	08113	Gas	Royalties	974953.65
2013	CO	San Miguel	08113	Gas	Royalties	577843.58
2013	CO	San Miguel	08113	Oil	Royalties	106723.32
2013	CO	Washington	08121	Gas	Royalties	93.06
2013	CO	Washington	08121	Gas	Royalties	22222.33
2013	CO	Washington	08121	Oil	Royalties	30677.09
2013	CO	Weld	08123	Oil & Gas	Other Revenues	14549.82
2013	CO	Weld	08123	Oil & Gas	Other Roy Vals	265313.26
2013	CO	Weld	08123	Gas	Royalties	483445.5
2013	CO	Weld	08123	Gas	Royalties	753062.23
2013	CO	Weld	08123	Gas	Royalties	206219.96
2013	CO	Weld	08123	Oil	Royalties	1460557.37
2013	CO	Weld	08123	Oil	Royalties	8866.27
2013	CO	Weld	08123	Oil	Royalties	29856.71
2013	CO	Weld	08123	Oil	Royalties	3094641.11
2013	CO	Yuma	08125	Oil & Gas	Other Revenues	234.23
2013	CO	Yuma	08125	Oil & Gas	Other Roy Vals	-4975.9
2013	CO	Yuma	08125	Gas	Royalties	-723.96
2013	CO	Yuma	08125	Gas	Royalties	1736.83
2013	CO	Yuma	08125	Gas	Royalties	436072.64
2013	CO	Yuma	08125	Oil	Royalties	-1096.78